symbol,signal_id,buy_surge_ratio,signal_time,signal_date,earliest_entry_time,signal_price,target_drop_pct,target_price,wait_deadline_utc,status,entry_time,entry_price,note
WAXPUSDT,WAXPUSDT_202603200000,161.11532535190304,2026-03-20 00:00:00,2026-03-20 00:00,2026-03-20 01:00:00,0.007038,0.0,0.007038,2026-03-25 01:00:00,entered,2026-03-20 01:05:00,0.007120,触发目标价并建仓（理论0.007038，实际0.007120）
ZETAUSDT,ZETAUSDT_202603200100,65.84591776068561,2026-03-20 01:00:00,2026-03-20 01:00,2026-03-20 02:00:00,0.0547,0.0,0.0547,2026-03-25 02:00:00,entered,2026-03-20 02:05:00,0.053900,触发目标价并建仓（理论0.054700，实际0.053900）
PHAUSDT,PHAUSDT_202603200200,38.05527424563983,2026-03-20 02:00:00,2026-03-20 02:00,2026-03-20 03:00:00,0.04193,0.0,0.04193,2026-03-25 03:00:00,entered,2026-03-20 03:05:00,0.041680,触发目标价并建仓（理论0.041930，实际0.041680）
GTCUSDT,GTCUSDT_202603200300,39.80305755012298,2026-03-20 03:00:00,2026-03-20 03:00,2026-03-20 04:00:00,0.09,0.0,0.09,2026-03-25 04:00:00,entered,2026-03-20 04:05:00,0.088000,触发目标价并建仓（理论0.090000，实际0.088000）
PLAYUSDT,PLAYUSDT_202603200900,45.399196742368645,2026-03-20 09:00:00,2026-03-20 09:00,2026-03-20 10:00:00,0.03755,0.0,0.03755,2026-03-25 10:00:00,entered,2026-03-20 10:05:00,0.036760,触发目标价并建仓（理论0.037550，实际0.036760）
ALICEUSDT,ALICEUSDT_202603201200,47.8637282170679,2026-03-20 12:00:00,2026-03-20 12:00,2026-03-20 13:00:00,0.124,0.0,0.124,2026-03-25 13:00:00,wait_window_expired,,,等待窗口已届满（earliest_entry+120h 截止）：窗口内仍未触发建仓。常见原因：反弹目标价未触及、资金或日内/小时额度不足、候选按倍数排序较后等。
APRUSDT,APRUSDT_202603201300,31.06201725787856,2026-03-20 13:00:00,2026-03-20 13:00,2026-03-20 14:00:00,0.11315,0.0,0.11315,2026-03-25 14:00:00,wait_window_expired,,,等待窗口已届满（earliest_entry+120h 截止）：窗口内仍未触发建仓。常见原因：反弹目标价未触及、资金或日内/小时额度不足、候选按倍数排序较后等。
GUAUSDT,GUAUSDT_202603201600,42.22534194157469,2026-03-20 16:00:00,2026-03-20 16:00,2026-03-20 17:00:00,0.30509,0.0,0.30509,2026-03-25 17:00:00,wait_window_expired,,,等待窗口已届满（earliest_entry+120h 截止）：窗口内仍未触发建仓。常见原因：反弹目标价未触及、资金或日内/小时额度不足、候选按倍数排序较后等。
XAIUSDT,XAIUSDT_202603201700,54.0524134758459,2026-03-20 17:00:00,2026-03-20 17:00,2026-03-20 18:00:00,0.01098,0.0,0.01098,2026-03-25 18:00:00,wait_window_expired,,,等待窗口已届满（earliest_entry+120h 截止）：窗口内仍未触发建仓。常见原因：反弹目标价未触及、资金或日内/小时额度不足、候选按倍数排序较后等。
FLUIDUSDT,FLUIDUSDT_202603210000,72.79677924159154,2026-03-21 00:00:00,2026-03-21 00:00,2026-03-21 01:00:00,2.331,0.0,2.331,2026-03-26 01:00:00,entered,2026-03-21 01:05:00,2.342000,触发目标价并建仓（理论2.331000，实际2.342000）
ORDERUSDT,ORDERUSDT_202603211000,122.78400479356863,2026-03-21 10:00:00,2026-03-21 10:00,2026-03-21 11:00:00,0.0548,0.0,0.0548,2026-03-26 11:00:00,entered,2026-03-21 11:05:00,0.055080,触发目标价并建仓（理论0.054800，实际0.055080）
LAUSDT,LAUSDT_202603211100,32.54361606971305,2026-03-21 11:00:00,2026-03-21 11:00,2026-03-21 12:00:00,0.2332,0.0,0.2332,2026-03-26 12:00:00,entered,2026-03-21 12:05:00,0.227200,触发目标价并建仓（理论0.233200，实际0.227200）
FOLKSUSDT,FOLKSUSDT_202603211200,38.96577068183589,2026-03-21 12:00:00,2026-03-21 12:00,2026-03-21 13:00:00,1.128,0.0,1.128,2026-03-26 13:00:00,entered,2026-03-21 13:05:00,1.133000,触发目标价并建仓（理论1.128000，实际1.133000）
SPELLUSDT,SPELLUSDT_202603211300,38.28916054407344,2026-03-21 13:00:00,2026-03-21 13:00,2026-03-21 14:00:00,0.0001766,0.0,0.0001766,2026-03-26 14:00:00,entered,2026-03-21 14:05:00,0.000178,触发目标价并建仓（理论0.000177，实际0.000178）
BRUSDT,BRUSDT_202603211300,35.24374735951964,2026-03-21 13:00:00,2026-03-21 13:00,2026-03-21 14:00:00,0.06656,0.0,0.06656,2026-03-26 14:00:00,wait_window_expired,,,等待窗口已届满（earliest_entry+120h 截止）：窗口内仍未触发建仓。常见原因：反弹目标价未触及、资金或日内/小时额度不足、候选按倍数排序较后等。
BOBUSDT,BOBUSDT_202603212200,54.14715532801708,2026-03-21 22:00:00,2026-03-21 22:00,2026-03-21 23:00:00,0.0062,0.0,0.0062,2026-03-26 23:00:00,wait_window_expired,,,等待窗口已届满（earliest_entry+120h 截止）：窗口内仍未触发建仓。常见原因：反弹目标价未触及、资金或日内/小时额度不足、候选按倍数排序较后等。
IMXUSDT,IMXUSDT_202603220000,62.87739889387049,2026-03-22 00:00:00,2026-03-22 00:00,2026-03-22 01:00:00,0.1664,0.0,0.1664,2026-03-27 01:00:00,entered,2026-03-22 01:05:00,0.161500,触发目标价并建仓（理论0.166400，实际0.161500）
TREEUSDT,TREEUSDT_202603221100,48.778536215554944,2026-03-22 11:00:00,2026-03-22 11:00,2026-03-22 12:00:00,0.06333,0.0,0.06333,2026-03-27 12:00:00,entered,2026-03-22 12:05:00,0.063320,触发目标价并建仓（理论0.063330，实际0.063320）
TAIKOUSDT,TAIKOUSDT_202603221100,32.78082658642417,2026-03-22 11:00:00,2026-03-22 11:00,2026-03-22 12:00:00,0.1213,0.0,0.1213,2026-03-27 12:00:00,wait_window_expired,,,等待窗口已届满（earliest_entry+120h 截止）：窗口内仍未触发建仓。常见原因：反弹目标价未触及、资金或日内/小时额度不足、候选按倍数排序较后等。
IOTXUSDT,IOTXUSDT_202603240700,44.73370263914453,2026-03-24 07:00:00,2026-03-24 07:00,2026-03-24 08:00:00,0.0058,0.0,0.0058,2026-03-29 08:00:00,entered,2026-03-24 08:05:00,0.005820,触发目标价并建仓（理论0.005800，实际0.005820）
ONGUSDT,ONGUSDT_202603241000,61.53218954846742,2026-03-24 10:00:00,2026-03-24 10:00,2026-03-24 11:00:00,0.06465,0.0,0.06465,2026-03-29 11:00:00,entered,2026-03-24 11:05:00,0.066220,触发目标价并建仓（理论0.064650，实际0.066220）
TRADOORUSDT,TRADOORUSDT_202603241600,63.42653409239971,2026-03-24 16:00:00,2026-03-24 16:00,2026-03-24 17:00:00,2.158,0.0,2.158,2026-03-29 17:00:00,entered,2026-03-24 17:05:00,2.187000,触发目标价并建仓（理论2.158000，实际2.187000）
CUSDT,CUSDT_202603241600,43.41891024154459,2026-03-24 16:00:00,2026-03-24 16:00,2026-03-24 17:00:00,0.06093,0.0,0.06093,2026-03-29 17:00:00,wait_window_expired,,,等待窗口已届满（earliest_entry+120h 截止）：窗口内仍未触发建仓。常见原因：反弹目标价未触及、资金或日内/小时额度不足、候选按倍数排序较后等。
RIFUSDT,RIFUSDT_202603241600,41.23950058684815,2026-03-24 16:00:00,2026-03-24 16:00,2026-03-24 17:00:00,0.03933,0.0,0.03933,2026-03-29 17:00:00,wait_window_expired,,,等待窗口已届满（earliest_entry+120h 截止）：窗口内仍未触发建仓。常见原因：反弹目标价未触及、资金或日内/小时额度不足、候选按倍数排序较后等。
AXLUSDT,AXLUSDT_202603250000,65.77648579102271,2026-03-25 00:00:00,2026-03-25 00:00,2026-03-25 01:00:00,0.05332,0.0,0.05332,2026-03-30 01:00:00,entered,2026-03-25 01:05:00,0.052650,触发目标价并建仓（理论0.053320，实际0.052650）
MUSDT,MUSDT_202603251400,80.04177558825518,2026-03-25 14:00:00,2026-03-25 14:00,2026-03-25 15:00:00,2.6138,0.0,2.6138,2026-03-30 15:00:00,entered,2026-03-25 15:05:00,2.397300,触发目标价并建仓（理论2.613800，实际2.397300）
MEMEUSDT,MEMEUSDT_202603260600,61.700723909521365,2026-03-26 06:00:00,2026-03-26 06:00,2026-03-26 07:00:00,0.000579,0.0,0.000579,2026-03-31 07:00:00,entered,2026-03-26 07:05:00,0.000585,触发目标价并建仓（理论0.000579，实际0.000585）
KNCUSDT,KNCUSDT_202603261000,69.46881386915568,2026-03-26 10:00:00,2026-03-26 10:00,2026-03-26 11:00:00,0.1371,0.0,0.1371,2026-03-31 11:00:00,entered,2026-03-26 11:05:00,0.138200,触发目标价并建仓（理论0.137100，实际0.138200）
DYMUSDT,DYMUSDT_202603261100,49.01168687338711,2026-03-26 11:00:00,2026-03-26 11:00,2026-03-26 12:00:00,0.03015,0.0,0.03015,2026-03-31 12:00:00,entered,2026-03-26 12:05:00,0.029750,触发目标价并建仓（理论0.030150，实际0.029750）
ONUSDT,ONUSDT_202603261600,76.15396059684265,2026-03-26 16:00:00,2026-03-26 16:00,2026-03-26 17:00:00,0.11859,0.0,0.11859,2026-03-31 17:00:00,entered,2026-03-26 17:05:00,0.119100,触发目标价并建仓（理论0.118590，实际0.119100）
ROBOUSDT,ROBOUSDT_202603261600,54.976715650288504,2026-03-26 16:00:00,2026-03-26 16:00,2026-03-26 17:00:00,0.024,0.0,0.024,2026-03-31 17:00:00,wait_window_expired,,,等待窗口已届满（earliest_entry+120h 截止）：窗口内仍未触发建仓。常见原因：反弹目标价未触及、资金或日内/小时额度不足、候选按倍数排序较后等。
BLESSUSDT,BLESSUSDT_202603261600,34.7041114082533,2026-03-26 16:00:00,2026-03-26 16:00,2026-03-26 17:00:00,0.005843,0.0,0.005843,2026-03-31 17:00:00,wait_window_expired,,,等待窗口已届满（earliest_entry+120h 截止）：窗口内仍未触发建仓。常见原因：反弹目标价未触及、资金或日内/小时额度不足、候选按倍数排序较后等。
BLUAIUSDT,BLUAIUSDT_202603262300,35.11970173899436,2026-03-26 23:00:00,2026-03-26 23:00,2026-03-27 00:00:00,0.010031,0.0,0.010031,2026-04-01 00:00:00,entered,2026-03-27 00:05:00,0.010109,触发目标价并建仓（理论0.010031，实际0.010109）
STGUSDT,STGUSDT_202603270300,37.81602798323193,2026-03-27 03:00:00,2026-03-27 03:00,2026-03-27 04:00:00,0.2745,0.0,0.2745,2026-04-01 04:00:00,entered,2026-03-27 04:05:00,0.270700,触发目标价并建仓（理论0.274500，实际0.270700）
KNCUSDT,KNCUSDT_202603270600,49.762130708546685,2026-03-27 06:00:00,2026-03-27 06:00,2026-03-27 07:00:00,0.1849,0.0,0.1849,2026-04-01 07:00:00,entered,2026-03-27 07:05:00,0.184600,触发目标价并建仓（理论0.184900，实际0.184600）
KAVAUSDT,KAVAUSDT_202603270600,38.86675000394801,2026-03-27 06:00:00,2026-03-27 06:00,2026-03-27 07:00:00,0.0573,0.0,0.0573,2026-04-01 07:00:00,wait_window_expired,,,等待窗口已届满（earliest_entry+120h 截止）：窗口内仍未触发建仓。常见原因：反弹目标价未触及、资金或日内/小时额度不足、候选按倍数排序较后等。
B3USDT,B3USDT_202603270900,70.46790814439923,2026-03-27 09:00:00,2026-03-27 09:00,2026-03-27 10:00:00,0.0003596,0.0,0.0003596,2026-04-01 10:00:00,entered,2026-03-27 10:05:00,0.000359,触发目标价并建仓（理论0.000360，实际0.000359）
LDOUSDT,LDOUSDT_202603271500,37.63374270394098,2026-03-27 15:00:00,2026-03-27 15:00,2026-03-27 16:00:00,0.286,0.0,0.286,2026-04-01 16:00:00,entered,2026-03-27 16:05:00,0.285800,触发目标价并建仓（理论0.286000，实际0.285800）
ONUSDT,ONUSDT_202603271600,37.668797060305785,2026-03-27 16:00:00,2026-03-27 16:00,2026-03-27 17:00:00,0.20386,0.0,0.20386,2026-04-01 17:00:00,wait_window_expired,,,等待窗口已届满（earliest_entry+120h 截止）：窗口内仍未触发建仓。常见原因：反弹目标价未触及、资金或日内/小时额度不足、候选按倍数排序较后等。
QUSDT,QUSDT_202603272200,42.33301714184401,2026-03-27 22:00:00,2026-03-27 22:00,2026-03-27 23:00:00,0.012922,0.0,0.012922,2026-04-01 23:00:00,superseded_stronger_hour,,,被更强卖量信号覆盖(旧42.33x → 新80.74x，新信号UTC 2026-03-28 00:00)
QUSDT,QUSDT_202603280000,80.73759143974029,2026-03-28 00:00:00,2026-03-28 00:00,2026-03-28 01:00:00,0.013825,0.0,0.013825,2026-04-02 01:00:00,entered,2026-03-28 01:05:00,0.013562,触发目标价并建仓（理论0.013825，实际0.013562）
NOMUSDT,NOMUSDT_202603281100,40.43012351235525,2026-03-28 11:00:00,2026-03-28 11:00,2026-03-28 12:00:00,0.002349,0.0,0.002349,2026-04-02 12:00:00,entered,2026-03-28 12:05:00,0.002290,触发目标价并建仓（理论0.002349，实际0.002290）
PTBUSDT,PTBUSDT_202603281200,41.554911948572396,2026-03-28 12:00:00,2026-03-28 12:00,2026-03-28 13:00:00,0.001313,0.0,0.001313,2026-04-02 13:00:00,entered,2026-03-28 13:05:00,0.001213,触发目标价并建仓（理论0.001313，实际0.001213）
HEMIUSDT,HEMIUSDT_202603281700,39.335381623591786,2026-03-28 17:00:00,2026-03-28 17:00,2026-03-28 18:00:00,0.006367,0.0,0.006367,2026-04-02 18:00:00,entered,2026-03-28 18:05:00,0.006227,触发目标价并建仓（理论0.006367，实际0.006227）
PLAYUSDT,PLAYUSDT_202603282100,48.930579416858336,2026-03-28 21:00:00,2026-03-28 21:00,2026-03-28 22:00:00,0.05201,0.0,0.05201,2026-04-02 22:00:00,entered,2026-03-28 22:05:00,0.051420,触发目标价并建仓（理论0.052010，实际0.051420）
CKBUSDT,CKBUSDT_202603290000,85.7536770132098,2026-03-29 00:00:00,2026-03-29 00:00,2026-03-29 01:00:00,0.001388,0.0,0.001388,2026-04-03 01:00:00,entered,2026-03-29 01:05:00,0.001377,触发目标价并建仓（理论0.001388，实际0.001377）
VANAUSDT,VANAUSDT_202603290000,82.8336560908944,2026-03-29 00:00:00,2026-03-29 00:00,2026-03-29 01:00:00,1.283,0.0,1.283,2026-04-03 01:00:00,wait_window_expired,,,等待窗口已届满（earliest_entry+120h 截止）：窗口内仍未触发建仓。常见原因：反弹目标价未触及、资金或日内/小时额度不足、候选按倍数排序较后等。
BSVUSDT,BSVUSDT_202603290000,57.45617025888118,2026-03-29 00:00:00,2026-03-29 00:00,2026-03-29 01:00:00,13.73,0.0,13.73,2026-04-03 01:00:00,wait_window_expired,,,等待窗口已届满（earliest_entry+120h 截止）：窗口内仍未触发建仓。常见原因：反弹目标价未触及、资金或日内/小时额度不足、候选按倍数排序较后等。
STEEMUSDT,STEEMUSDT_202603290000,36.145090397649184,2026-03-29 00:00:00,2026-03-29 00:00,2026-03-29 01:00:00,0.05997,0.0,0.05997,2026-04-03 01:00:00,wait_window_expired,,,等待窗口已届满（earliest_entry+120h 截止）：窗口内仍未触发建仓。常见原因：反弹目标价未触及、资金或日内/小时额度不足、候选按倍数排序较后等。
SENTUSDT,SENTUSDT_202603291000,37.91135750085192,2026-03-29 10:00:00,2026-03-29 10:00,2026-03-29 11:00:00,0.01814,0.0,0.01814,2026-04-03 11:00:00,entered,2026-03-29 11:05:00,0.018130,触发目标价并建仓（理论0.018140，实际0.018130）
CTKUSDT,CTKUSDT_202603291200,36.57080665330309,2026-03-29 12:00:00,2026-03-29 12:00,2026-03-29 13:00:00,0.1608,0.0,0.1608,2026-04-03 13:00:00,entered,2026-03-29 13:05:00,0.160100,触发目标价并建仓（理论0.160800，实际0.160100）
DUSDT,DUSDT_202603291300,137.98969166798025,2026-03-29 13:00:00,2026-03-29 13:00,2026-03-29 14:00:00,0.005457,0.0,0.005457,2026-04-03 14:00:00,entered,2026-03-29 14:05:00,0.005371,触发目标价并建仓（理论0.005457，实际0.005371）
FORMUSDT,FORMUSDT_202603300200,47.45501950673878,2026-03-30 02:00:00,2026-03-30 02:00,2026-03-30 03:00:00,0.2353,0.0,0.2353,2026-04-04 03:00:00,entered,2026-03-30 03:05:00,0.236100,触发目标价并建仓（理论0.235300，实际0.236100）
MOVRUSDT,MOVRUSDT_202603311800,31.765451443322313,2026-03-31 18:00:00,2026-03-31 18:00,2026-03-31 19:00:00,1.326,0.0,1.326,2026-04-05 19:00:00,entered,2026-03-31 19:05:00,1.309000,触发目标价并建仓（理论1.326000，实际1.309000）
MINAUSDT,MINAUSDT_202604010000,40.88757858761526,2026-04-01 00:00:00,2026-04-01 00:00,2026-04-01 01:00:00,0.05614,0.0,0.05614,2026-04-06 01:00:00,entered,2026-04-01 01:05:00,0.058210,触发目标价并建仓（理论0.056140，实际0.058210）
CLOUSDT,CLOUSDT_202604011200,38.67694845050068,2026-04-01 12:00:00,2026-04-01 12:00,2026-04-01 13:00:00,0.07556,0.0,0.07556,2026-04-06 13:00:00,entered,2026-04-01 13:05:00,0.076710,触发目标价并建仓（理论0.075560，实际0.076710）
DODOXUSDT,DODOXUSDT_202604011300,120.86084477993126,2026-04-01 13:00:00,2026-04-01 13:00,2026-04-01 14:00:00,0.018129,0.0,0.018129,2026-04-06 14:00:00,entered,2026-04-01 14:05:00,0.019257,触发目标价并建仓（理论0.018129，实际0.019257）
JCTUSDT,JCTUSDT_202604011400,43.650726268467274,2026-04-01 14:00:00,2026-04-01 14:00,2026-04-01 15:00:00,0.002186,0.0,0.002186,2026-04-06 15:00:00,entered,2026-04-01 15:05:00,0.002240,触发目标价并建仓（理论0.002186，实际0.002240）
BANKUSDT,BANKUSDT_202604011500,67.70287842002979,2026-04-01 15:00:00,2026-04-01 15:00,2026-04-01 16:00:00,0.04666,0.0,0.04666,2026-04-06 16:00:00,entered,2026-04-01 16:05:00,0.046250,触发目标价并建仓（理论0.046660，实际0.046250）
FIDAUSDT,FIDAUSDT_202604011600,38.079732216881254,2026-04-01 16:00:00,2026-04-01 16:00,2026-04-01 17:00:00,0.01395,0.0,0.01395,2026-04-06 17:00:00,wait_window_expired,,,等待窗口已届满（earliest_entry+120h 截止）：窗口内仍未触发建仓。常见原因：反弹目标价未触及、资金或日内/小时额度不足、候选按倍数排序较后等。
TAGUSDT,TAGUSDT_202604011700,103.38443228275987,2026-04-01 17:00:00,2026-04-01 17:00,2026-04-01 18:00:00,0.000684,0.0,0.000684,2026-04-06 18:00:00,wait_window_expired,,,等待窗口已届满（earliest_entry+120h 截止）：窗口内仍未触发建仓。常见原因：反弹目标价未触及、资金或日内/小时额度不足、候选按倍数排序较后等。
USDCUSDT,USDCUSDT_202604012100,32.50672257808889,2026-04-01 21:00:00,2026-04-01 21:00,2026-04-01 22:00:00,0.99953,0.0,0.99953,2026-04-06 22:00:00,wait_window_expired,,,等待窗口已届满（earliest_entry+120h 截止）：窗口内仍未触发建仓。常见原因：反弹目标价未触及、资金或日内/小时额度不足、候选按倍数排序较后等。
VTHOUSDT,VTHOUSDT_202604020000,170.43262116223875,2026-04-02 00:00:00,2026-04-02 00:00,2026-04-02 01:00:00,0.0005754,0.0,0.0005754,2026-04-07 01:00:00,entered,2026-04-02 01:05:00,0.000563,触发目标价并建仓（理论0.000575，实际0.000563）
FUSDT,FUSDT_202604020000,40.57484748330817,2026-04-02 00:00:00,2026-04-02 00:00,2026-04-02 01:00:00,0.005319,0.0,0.005319,2026-04-07 01:00:00,superseded_stronger_hour,,,被更强卖量信号覆盖(旧40.57x → 新124.84x，新信号UTC 2026-04-07 00:00)
FUNUSDT,FUNUSDT_202604020500,33.786140114340995,2026-04-02 05:00:00,2026-04-02 05:00,2026-04-02 06:00:00,0.001225,0.0,0.001225,2026-04-07 06:00:00,entered,2026-04-02 06:05:00,0.001223,触发目标价并建仓（理论0.001225，实际0.001223）
CTSIUSDT,CTSIUSDT_202604020600,30.94802358265353,2026-04-02 06:00:00,2026-04-02 06:00,2026-04-02 07:00:00,0.0255,0.0,0.0255,2026-04-07 07:00:00,entered,2026-04-02 07:05:00,0.025200,触发目标价并建仓（理论0.025500，实际0.025200）
HEMIUSDT,HEMIUSDT_202604021300,52.89193802644619,2026-04-02 13:00:00,2026-04-02 13:00,2026-04-02 14:00:00,0.009626,0.0,0.009626,2026-04-07 14:00:00,entered,2026-04-02 14:05:00,0.009017,触发目标价并建仓（理论0.009626，实际0.009017）
REZUSDT,REZUSDT_202604021300,51.21100648292104,2026-04-02 13:00:00,2026-04-02 13:00,2026-04-02 14:00:00,0.003602,0.0,0.003602,2026-04-07 14:00:00,wait_window_expired,,,等待窗口已届满（earliest_entry+120h 截止）：窗口内仍未触发建仓。常见原因：反弹目标价未触及、资金或日内/小时额度不足、候选按倍数排序较后等。
PYTHUSDT,PYTHUSDT_202604021300,36.546368541065654,2026-04-02 13:00:00,2026-04-02 13:00,2026-04-02 14:00:00,0.03882,0.0,0.03882,2026-04-07 14:00:00,wait_window_expired,,,等待窗口已届满（earliest_entry+120h 截止）：窗口内仍未触发建仓。常见原因：反弹目标价未触及、资金或日内/小时额度不足、候选按倍数排序较后等。
UNIUSDT,UNIUSDT_202604021300,34.014051613745636,2026-04-02 13:00:00,2026-04-02 13:00,2026-04-02 14:00:00,3.132,0.0,3.132,2026-04-07 14:00:00,wait_window_expired,,,等待窗口已届满（earliest_entry+120h 截止）：窗口内仍未触发建仓。常见原因：反弹目标价未触及、资金或日内/小时额度不足、候选按倍数排序较后等。
TURTLEUSDT,TURTLEUSDT_202604021300,32.08262094443901,2026-04-02 13:00:00,2026-04-02 13:00,2026-04-02 14:00:00,0.04702,0.0,0.04702,2026-04-07 14:00:00,wait_window_expired,,,等待窗口已届满（earliest_entry+120h 截止）：窗口内仍未触发建仓。常见原因：反弹目标价未触及、资金或日内/小时额度不足、候选按倍数排序较后等。
SAFEUSDT,SAFEUSDT_202604021400,48.904878065249015,2026-04-02 14:00:00,2026-04-02 14:00,2026-04-02 15:00:00,0.1098,0.0,0.1098,2026-04-07 15:00:00,entered,2026-04-02 15:05:00,0.110800,触发目标价并建仓（理论0.109800，实际0.110800）
NMRUSDT,NMRUSDT_202604021700,96.29902052938922,2026-04-02 17:00:00,2026-04-02 17:00,2026-04-02 18:00:00,8.21,0.0,8.21,2026-04-07 18:00:00,wait_window_expired,,,等待窗口已届满（earliest_entry+120h 截止）：窗口内仍未触发建仓。常见原因：反弹目标价未触及、资金或日内/小时额度不足、候选按倍数排序较后等。
PROMPTUSDT,PROMPTUSDT_202604021900,66.30130782948878,2026-04-02 19:00:00,2026-04-02 19:00,2026-04-02 20:00:00,0.03226,0.0,0.03226,2026-04-07 20:00:00,wait_window_expired,,,等待窗口已届满（earliest_entry+120h 截止）：窗口内仍未触发建仓。常见原因：反弹目标价未触及、资金或日内/小时额度不足、候选按倍数排序较后等。
STBLUSDT,STBLUSDT_202604021900,33.746967353726696,2026-04-02 19:00:00,2026-04-02 19:00,2026-04-02 20:00:00,0.03305,0.0,0.03305,2026-04-07 20:00:00,wait_window_expired,,,等待窗口已届满（earliest_entry+120h 截止）：窗口内仍未触发建仓。常见原因：反弹目标价未触及、资金或日内/小时额度不足、候选按倍数排序较后等。
XPLUSDT,XPLUSDT_202604022000,56.9416016553054,2026-04-02 20:00:00,2026-04-02 20:00,2026-04-02 21:00:00,0.1531,0.0,0.1531,2026-04-07 21:00:00,wait_window_expired,,,等待窗口已届满（earliest_entry+120h 截止）：窗口内仍未触发建仓。常见原因：反弹目标价未触及、资金或日内/小时额度不足、候选按倍数排序较后等。
SYNUSDT,SYNUSDT_202604022000,30.019418500745818,2026-04-02 20:00:00,2026-04-02 20:00,2026-04-02 21:00:00,0.05677,0.0,0.05677,2026-04-07 21:00:00,wait_window_expired,,,等待窗口已届满（earliest_entry+120h 截止）：窗口内仍未触发建仓。常见原因：反弹目标价未触及、资金或日内/小时额度不足、候选按倍数排序较后等。
CHRUSDT,CHRUSDT_202604030200,30.440508893052392,2026-04-03 02:00:00,2026-04-03 02:00,2026-04-03 03:00:00,0.0199,0.0,0.0199,2026-04-08 03:00:00,entered,2026-04-03 03:05:00,0.020200,触发目标价并建仓（理论0.019900，实际0.020200）
ONGUSDT,ONGUSDT_202604030600,34.481538070901784,2026-04-03 06:00:00,2026-04-03 06:00,2026-04-03 07:00:00,0.08991,0.0,0.08991,2026-04-08 07:00:00,entered,2026-04-03 07:05:00,0.088150,触发目标价并建仓（理论0.089910，实际0.088150）
1000000BOBUSDT,1000000BOBUSDT_202604030700,57.65103958952531,2026-04-03 07:00:00,2026-04-03 07:00,2026-04-03 08:00:00,0.01202,0.0,0.01202,2026-04-08 08:00:00,entered,2026-04-03 08:05:00,0.011860,触发目标价并建仓（理论0.012020，实际0.011860）
YBUSDT,YBUSDT_202604030700,30.21233611021015,2026-04-03 07:00:00,2026-04-03 07:00,2026-04-03 08:00:00,0.1473,0.0,0.1473,2026-04-08 08:00:00,wait_window_expired,,,等待窗口已届满（earliest_entry+120h 截止）：窗口内仍未触发建仓。常见原因：反弹目标价未触及、资金或日内/小时额度不足、候选按倍数排序较后等。
MAGICUSDT,MAGICUSDT_202604031000,76.0188529223745,2026-04-03 10:00:00,2026-04-03 10:00,2026-04-03 11:00:00,0.06718,0.0,0.06718,2026-04-08 11:00:00,entered,2026-04-03 11:05:00,0.066070,触发目标价并建仓（理论0.067180，实际0.066070）
POLYXUSDT,POLYXUSDT_202604040000,88.5893791382351,2026-04-04 00:00:00,2026-04-04 00:00,2026-04-04 01:00:00,0.05212,0.0,0.05212,2026-04-09 01:00:00,entered,2026-04-04 01:05:00,0.051570,触发目标价并建仓（理论0.052120，实际0.051570）
TUSDT,TUSDT_202604050000,85.25032508499929,2026-04-05 00:00:00,2026-04-05 00:00,2026-04-05 01:00:00,0.006459,0.0,0.006459,2026-04-10 01:00:00,entered,2026-04-05 01:05:00,0.006393,触发目标价并建仓（理论0.006459，实际0.006393）
1INCHUSDT,1INCHUSDT_202604050000,50.134595717180844,2026-04-05 00:00:00,2026-04-05 00:00,2026-04-05 01:00:00,0.0888,0.0,0.0888,2026-04-10 01:00:00,superseded_stronger_hour,,,被更强卖量信号覆盖(旧50.13x → 新64.63x，新信号UTC 2026-04-10 00:00)
CARVUSDT,CARVUSDT_202604050000,35.596482722776386,2026-04-05 00:00:00,2026-04-05 00:00,2026-04-05 01:00:00,0.05878,0.0,0.05878,2026-04-10 01:00:00,superseded_stronger_hour,,,被更强卖量信号覆盖(旧35.60x → 新51.14x，新信号UTC 2026-04-10 00:00)
SAFEUSDT,SAFEUSDT_202604050600,35.207790386731396,2026-04-05 06:00:00,2026-04-05 06:00,2026-04-05 07:00:00,0.1255,0.0,0.1255,2026-04-10 07:00:00,entered,2026-04-05 07:05:00,0.125800,触发目标价并建仓（理论0.125500，实际0.125800）
KOMAUSDT,KOMAUSDT_202604050700,152.2730694215605,2026-04-05 07:00:00,2026-04-05 07:00,2026-04-05 08:00:00,0.008552,0.0,0.008552,2026-04-10 08:00:00,entered,2026-04-05 08:05:00,0.008874,触发目标价并建仓（理论0.008552，实际0.008874）
BROCCOLIF3BUSDT,BROCCOLIF3BUSDT_202604050800,75.66871569646705,2026-04-05 08:00:00,2026-04-05 08:00,2026-04-05 09:00:00,0.004543,0.0,0.004543,2026-04-10 09:00:00,entered,2026-04-05 09:05:00,0.004419,触发目标价并建仓（理论0.004543，实际0.004419）
GUSDT,GUSDT_202604050900,47.017830893629416,2026-04-05 09:00:00,2026-04-05 09:00,2026-04-05 10:00:00,0.003618,0.0,0.003618,2026-04-10 10:00:00,entered,2026-04-05 10:05:00,0.003622,触发目标价并建仓（理论0.003618，实际0.003622）
ZRXUSDT,ZRXUSDT_202604060600,135.9989767591295,2026-04-06 06:00:00,2026-04-06 06:00,2026-04-06 07:00:00,0.1109,0.0,0.1109,2026-04-11 07:00:00,entered,2026-04-06 07:05:00,0.110300,触发目标价并建仓（理论0.110900，实际0.110300）
REDUSDT,REDUSDT_202604060600,53.2281127833097,2026-04-06 06:00:00,2026-04-06 06:00,2026-04-06 07:00:00,0.111,0.0,0.111,2026-04-11 07:00:00,wait_window_expired,,,等待窗口已届满（earliest_entry+120h 截止）：窗口内仍未触发建仓。常见原因：反弹目标价未触及、资金或日内/小时额度不足、候选按倍数排序较后等。
TREEUSDT,TREEUSDT_202604060700,101.34463721616619,2026-04-06 07:00:00,2026-04-06 07:00,2026-04-06 08:00:00,0.06211,0.0,0.06211,2026-04-11 08:00:00,entered,2026-04-06 08:05:00,0.060850,触发目标价并建仓（理论0.062110，实际0.060850）
ZKCUSDT,ZKCUSDT_202604061400,110.50985738660142,2026-04-06 14:00:00,2026-04-06 14:00,2026-04-06 15:00:00,0.07337,0.0,0.07337,2026-04-11 15:00:00,entered,2026-04-06 15:05:00,0.072970,触发目标价并建仓（理论0.073370，实际0.072970）
MIRAUSDT,MIRAUSDT_202604061400,44.41883298488895,2026-04-06 14:00:00,2026-04-06 14:00,2026-04-06 15:00:00,0.08064,0.0,0.08064,2026-04-11 15:00:00,wait_window_expired,,,等待窗口已届满（earliest_entry+120h 截止）：窗口内仍未触发建仓。常见原因：反弹目标价未触及、资金或日内/小时额度不足、候选按倍数排序较后等。
MSTRUSDT,MSTRUSDT_202604061400,33.02350203675336,2026-04-06 14:00:00,2026-04-06 14:00,2026-04-06 15:00:00,127.91,0.0,127.91,2026-04-11 15:00:00,wait_window_expired,,,等待窗口已届满（earliest_entry+120h 截止）：窗口内仍未触发建仓。常见原因：反弹目标价未触及、资金或日内/小时额度不足、候选按倍数排序较后等。
FUSDT,FUSDT_202604070000,124.83671209385417,2026-04-07 00:00:00,2026-04-07 00:00,2026-04-07 01:00:00,0.005877,0.0,0.005877,2026-04-12 01:00:00,entered,2026-04-07 01:05:00,0.005878,触发目标价并建仓（理论0.005877，实际0.005878）
ANIMEUSDT,ANIMEUSDT_202604070000,34.65310420443219,2026-04-07 00:00:00,2026-04-07 00:00,2026-04-07 01:00:00,0.004635,0.0,0.004635,2026-04-12 01:00:00,superseded_stronger_hour,,,被更强卖量信号覆盖(旧34.65x → 新43.39x，新信号UTC 2026-04-10 00:00)
GTCUSDT,GTCUSDT_202604070500,79.52090546041723,2026-04-07 05:00:00,2026-04-07 05:00,2026-04-07 06:00:00,0.08,0.0,0.08,2026-04-12 06:00:00,entered,2026-04-07 06:05:00,0.078000,触发目标价并建仓（理论0.080000，实际0.078000）
RAREUSDT,RAREUSDT_202604070500,65.58393337061256,2026-04-07 05:00:00,2026-04-07 05:00,2026-04-07 06:00:00,0.01477,0.0,0.01477,2026-04-12 06:00:00,wait_window_expired,,,等待窗口已届满（earliest_entry+120h 截止）：窗口内仍未触发建仓。常见原因：反弹目标价未触及、资金或日内/小时额度不足、候选按倍数排序较后等。
DEGENUSDT,DEGENUSDT_202604070500,48.85030256107047,2026-04-07 05:00:00,2026-04-07 05:00,2026-04-07 06:00:00,0.0006627,0.0,0.0006627,2026-04-12 06:00:00,superseded_stronger_hour,,,被更强卖量信号覆盖(旧48.85x → 新55.93x，新信号UTC 2026-04-10 00:00)
ESPUSDT,ESPUSDT_202604070500,40.75233815770172,2026-04-07 05:00:00,2026-04-07 05:00,2026-04-07 06:00:00,0.09549,0.0,0.09549,2026-04-12 06:00:00,wait_window_expired,,,等待窗口已届满（earliest_entry+120h 截止）：窗口内仍未触发建仓。常见原因：反弹目标价未触及、资金或日内/小时额度不足、候选按倍数排序较后等。
EDUUSDT,EDUUSDT_202604080500,52.46878045020094,2026-04-08 05:00:00,2026-04-08 05:00,2026-04-08 06:00:00,0.05661,0.0,0.05661,2026-04-13 06:00:00,entered,2026-04-08 06:05:00,0.053040,触发目标价并建仓（理论0.056610，实际0.053040）
TAKEUSDT,TAKEUSDT_202604081100,74.6753486194529,2026-04-08 11:00:00,2026-04-08 11:00,2026-04-08 12:00:00,0.02119,0.0,0.02119,2026-04-13 12:00:00,entered,2026-04-08 12:05:00,0.021600,触发目标价并建仓（理论0.021190，实际0.021600）
XMRUSDT,XMRUSDT_202604081400,32.91954759158638,2026-04-08 14:00:00,2026-04-08 14:00,2026-04-08 15:00:00,328.14,0.0,328.14,2026-04-13 15:00:00,entered,2026-04-08 15:05:00,328.860000,触发目标价并建仓（理论328.140000，实际328.860000）
ENJUSDT,ENJUSDT_202604081500,178.23331153811765,2026-04-08 15:00:00,2026-04-08 15:00,2026-04-08 16:00:00,0.02487,0.0,0.02487,2026-04-13 16:00:00,entered,2026-04-08 16:05:00,0.026200,触发目标价并建仓（理论0.024870，实际0.026200）
MAGMAUSDT,MAGMAUSDT_202604081500,114.45219951189827,2026-04-08 15:00:00,2026-04-08 15:00,2026-04-08 16:00:00,0.1302,0.0,0.1302,2026-04-13 16:00:00,wait_window_expired,,,等待窗口已届满（earliest_entry+120h 截止）：窗口内仍未触发建仓。常见原因：反弹目标价未触及、资金或日内/小时额度不足、候选按倍数排序较后等。
ATAUSDT,ATAUSDT_202604081500,74.21942984109829,2026-04-08 15:00:00,2026-04-08 15:00,2026-04-08 16:00:00,0.00998,0.0,0.00998,2026-04-13 16:00:00,superseded_stronger_hour,,,被更强卖量信号覆盖(旧74.22x → 新78.16x，新信号UTC 2026-04-12 01:00)
COMPUSDT,COMPUSDT_202604081500,35.61634099519334,2026-04-08 15:00:00,2026-04-08 15:00,2026-04-08 16:00:00,18.36,0.0,18.36,2026-04-13 16:00:00,wait_window_expired,,,等待窗口已届满（earliest_entry+120h 截止）：窗口内仍未触发建仓。常见原因：反弹目标价未触及、资金或日内/小时额度不足、候选按倍数排序较后等。
RVNUSDT,RVNUSDT_202604090100,61.08044984925223,2026-04-09 01:00:00,2026-04-09 01:00,2026-04-09 02:00:00,0.0057,0.0,0.0057,2026-04-14 02:00:00,entered,2026-04-09 02:05:00,0.005710,触发目标价并建仓（理论0.005700，实际0.005710）
FIOUSDT,FIOUSDT_202604090600,241.47967262924405,2026-04-09 06:00:00,2026-04-09 06:00,2026-04-09 07:00:00,0.005196,0.0,0.005196,2026-04-14 07:00:00,entered,2026-04-09 07:05:00,0.005154,触发目标价并建仓（理论0.005196，实际0.005154）
OXTUSDT,OXTUSDT_202604090600,240.98828824890657,2026-04-09 06:00:00,2026-04-09 06:00,2026-04-09 07:00:00,0.01334,0.0,0.01334,2026-04-14 07:00:00,wait_window_expired,,,等待窗口已届满（earliest_entry+120h 截止）：窗口内仍未触发建仓。常见原因：反弹目标价未触及、资金或日内/小时额度不足、候选按倍数排序较后等。
TNSRUSDT,TNSRUSDT_202604090600,121.26821424311998,2026-04-09 06:00:00,2026-04-09 06:00,2026-04-09 07:00:00,0.04184,0.0,0.04184,2026-04-14 07:00:00,wait_window_expired,,,等待窗口已届满（earliest_entry+120h 截止）：窗口内仍未触发建仓。常见原因：反弹目标价未触及、资金或日内/小时额度不足、候选按倍数排序较后等。
SPORTFUNUSDT,SPORTFUNUSDT_202604090600,70.12091508244575,2026-04-09 06:00:00,2026-04-09 06:00,2026-04-09 07:00:00,0.03428,0.0,0.03428,2026-04-14 07:00:00,superseded_stronger_hour,,,被更强卖量信号覆盖(旧70.12x → 新220.21x，新信号UTC 2026-04-14 00:00)
AWEUSDT,AWEUSDT_202604090600,63.20729241203372,2026-04-09 06:00:00,2026-04-09 06:00,2026-04-09 07:00:00,0.0507,0.0,0.0507,2026-04-14 07:00:00,wait_window_expired,,,等待窗口已届满（earliest_entry+120h 截止）：窗口内仍未触发建仓。常见原因：反弹目标价未触及、资金或日内/小时额度不足、候选按倍数排序较后等。
IRYSUSDT,IRYSUSDT_202604090600,45.548259953337485,2026-04-09 06:00:00,2026-04-09 06:00,2026-04-09 07:00:00,0.02277,0.0,0.02277,2026-04-14 07:00:00,superseded_stronger_hour,,,被更强卖量信号覆盖(旧45.55x → 新108.29x，新信号UTC 2026-04-10 00:00)
RAVEUSDT,RAVEUSDT_202604091500,76.4382931415417,2026-04-09 15:00:00,2026-04-09 15:00,2026-04-09 16:00:00,0.45863,0.0,0.45863,2026-04-14 16:00:00,entered,2026-04-09 16:05:00,0.456450,触发目标价并建仓（理论0.458630，实际0.456450）
BOBUSDT,BOBUSDT_202604091500,42.123741347819106,2026-04-09 15:00:00,2026-04-09 15:00,2026-04-09 16:00:00,0.008017,0.0,0.008017,2026-04-14 16:00:00,superseded_stronger_hour,,,被更强卖量信号覆盖(旧42.12x → 新58.84x，新信号UTC 2026-04-14 00:00)
EVAAUSDT,EVAAUSDT_202604091500,38.13245357485171,2026-04-09 15:00:00,2026-04-09 15:00,2026-04-09 16:00:00,0.56,0.0,0.56,2026-04-14 16:00:00,superseded_stronger_hour,,,被更强卖量信号覆盖(旧38.13x → 新39.02x，新信号UTC 2026-04-10 00:00)
ACEUSDT,ACEUSDT_202604091500,30.376779151320065,2026-04-09 15:00:00,2026-04-09 15:00,2026-04-09 16:00:00,0.1226,0.0,0.1226,2026-04-14 16:00:00,superseded_stronger_hour,,,被更强卖量信号覆盖(旧30.38x → 新32.90x，新信号UTC 2026-04-10 02:00)
AKEUSDT,AKEUSDT_202604091700,203.00554195285534,2026-04-09 17:00:00,2026-04-09 17:00,2026-04-09 18:00:00,0.0003491,0.0,0.0003491,2026-04-14 18:00:00,entered,2026-04-09 18:05:00,0.000345,触发目标价并建仓（理论0.000349，实际0.000345）
SHELLUSDT,SHELLUSDT_202604091700,67.71104130363601,2026-04-09 17:00:00,2026-04-09 17:00,2026-04-09 18:00:00,0.03276,0.0,0.03276,2026-04-14 18:00:00,superseded_stronger_hour,,,被更强卖量信号覆盖(旧67.71x → 新135.95x，新信号UTC 2026-04-10 00:00)
TURBOUSDT,TURBOUSDT_202604091700,51.025352421309556,2026-04-09 17:00:00,2026-04-09 17:00,2026-04-09 18:00:00,0.0010931,0.0,0.0010931,2026-04-14 18:00:00,superseded_stronger_hour,,,被更强卖量信号覆盖(旧51.03x → 新69.90x，新信号UTC 2026-04-12 01:00)
NAORISUSDT,NAORISUSDT_202604091900,93.43576145499209,2026-04-09 19:00:00,2026-04-09 19:00,2026-04-09 20:00:00,0.06942,0.0,0.06942,2026-04-14 20:00:00,entered,2026-04-09 20:05:00,0.069750,触发目标价并建仓（理论0.069420，实际0.069750）
ALLOUSDT,ALLOUSDT_202604100000,298.64220920310066,2026-04-10 00:00:00,2026-04-10 00:00,2026-04-10 01:00:00,0.10309,0.0,0.10309,2026-04-15 01:00:00,entered,2026-04-10 01:05:00,0.102960,触发目标价并建仓（理论0.103090，实际0.102960）
BERAUSDT,BERAUSDT_202604100000,273.32385040328836,2026-04-10 00:00:00,2026-04-10 00:00,2026-04-10 01:00:00,0.4121,0.0,0.4121,2026-04-15 01:00:00,wait_window_expired,,,等待窗口已届满（earliest_entry+120h 截止）：窗口内仍未触发建仓。常见原因：反弹目标价未触及、资金或日内/小时额度不足、候选按倍数排序较后等。
PIXELUSDT,PIXELUSDT_202604100000,247.20572560462307,2026-04-10 00:00:00,2026-04-10 00:00,2026-04-10 01:00:00,0.007495,0.0,0.007495,2026-04-15 01:00:00,wait_window_expired,,,等待窗口已届满（earliest_entry+120h 截止）：窗口内仍未触发建仓。常见原因：反弹目标价未触及、资金或日内/小时额度不足、候选按倍数排序较后等。
FIDAUSDT,FIDAUSDT_202604100000,246.0536367400356,2026-04-10 00:00:00,2026-04-10 00:00,2026-04-10 01:00:00,0.01588,0.0,0.01588,2026-04-15 01:00:00,wait_window_expired,,,等待窗口已届满（earliest_entry+120h 截止）：窗口内仍未触发建仓。常见原因：反弹目标价未触及、资金或日内/小时额度不足、候选按倍数排序较后等。
TAOUSDT,TAOUSDT_202604100000,216.67244091092678,2026-04-10 00:00:00,2026-04-10 00:00,2026-04-10 01:00:00,284.86,0.0,284.86,2026-04-15 01:00:00,wait_window_expired,,,等待窗口已届满（earliest_entry+120h 截止）：窗口内仍未触发建仓。常见原因：反弹目标价未触及、资金或日内/小时额度不足、候选按倍数排序较后等。
ARCUSDT,ARCUSDT_202604100000,207.21377869473244,2026-04-10 00:00:00,2026-04-10 00:00,2026-04-10 01:00:00,0.07228,0.0,0.07228,2026-04-15 01:00:00,wait_window_expired,,,等待窗口已届满（earliest_entry+120h 截止）：窗口内仍未触发建仓。常见原因：反弹目标价未触及、资金或日内/小时额度不足、候选按倍数排序较后等。
ZEREBROUSDT,ZEREBROUSDT_202604100000,205.67835371095944,2026-04-10 00:00:00,2026-04-10 00:00,2026-04-10 01:00:00,0.008821,0.0,0.008821,2026-04-15 01:00:00,wait_window_expired,,,等待窗口已届满（earliest_entry+120h 截止）：窗口内仍未触发建仓。常见原因：反弹目标价未触及、资金或日内/小时额度不足、候选按倍数排序较后等。
WLFIUSDT,WLFIUSDT_202604100000,171.38801061920117,2026-04-10 00:00:00,2026-04-10 00:00,2026-04-10 01:00:00,0.0846,0.0,0.0846,2026-04-15 01:00:00,wait_window_expired,,,等待窗口已届满（earliest_entry+120h 截止）：窗口内仍未触发建仓。常见原因：反弹目标价未触及、资金或日内/小时额度不足、候选按倍数排序较后等。
AIOUSDT,AIOUSDT_202604100000,154.86967231141412,2026-04-10 00:00:00,2026-04-10 00:00,2026-04-10 01:00:00,0.06974,0.0,0.06974,2026-04-15 01:00:00,wait_window_expired,,,等待窗口已届满（earliest_entry+120h 截止）：窗口内仍未触发建仓。常见原因：反弹目标价未触及、资金或日内/小时额度不足、候选按倍数排序较后等。
B3USDT,B3USDT_202604100000,147.60156048286598,2026-04-10 00:00:00,2026-04-10 00:00,2026-04-10 01:00:00,0.0003063,0.0,0.0003063,2026-04-15 01:00:00,wait_window_expired,,,等待窗口已届满（earliest_entry+120h 截止）：窗口内仍未触发建仓。常见原因：反弹目标价未触及、资金或日内/小时额度不足、候选按倍数排序较后等。
FUNUSDT,FUNUSDT_202604100000,142.95720630260558,2026-04-10 00:00:00,2026-04-10 00:00,2026-04-10 01:00:00,0.000884,0.0,0.000884,2026-04-15 01:00:00,wait_window_expired,,,等待窗口已届满（earliest_entry+120h 截止）：窗口内仍未触发建仓。常见原因：反弹目标价未触及、资金或日内/小时额度不足、候选按倍数排序较后等。
TAIKOUSDT,TAIKOUSDT_202604100000,138.67158428557315,2026-04-10 00:00:00,2026-04-10 00:00,2026-04-10 01:00:00,0.1179,0.0,0.1179,2026-04-15 01:00:00,wait_window_expired,,,等待窗口已届满（earliest_entry+120h 截止）：窗口内仍未触发建仓。常见原因：反弹目标价未触及、资金或日内/小时额度不足、候选按倍数排序较后等。
SHELLUSDT,SHELLUSDT_202604100000,135.95314776120387,2026-04-10 00:00:00,2026-04-10 00:00,2026-04-10 01:00:00,0.02969,0.0,0.02969,2026-04-15 01:00:00,wait_window_expired,,,等待窗口已届满（earliest_entry+120h 截止）：窗口内仍未触发建仓。常见原因：反弹目标价未触及、资金或日内/小时额度不足、候选按倍数排序较后等。
MERLUSDT,MERLUSDT_202604100000,135.1347954169198,2026-04-10 00:00:00,2026-04-10 00:00,2026-04-10 01:00:00,0.02468,0.0,0.02468,2026-04-15 01:00:00,wait_window_expired,,,等待窗口已届满（earliest_entry+120h 截止）：窗口内仍未触发建仓。常见原因：反弹目标价未触及、资金或日内/小时额度不足、候选按倍数排序较后等。
CATIUSDT,CATIUSDT_202604100000,135.09328373296674,2026-04-10 00:00:00,2026-04-10 00:00,2026-04-10 01:00:00,0.04671,0.0,0.04671,2026-04-15 01:00:00,wait_window_expired,,,等待窗口已届满（earliest_entry+120h 截止）：窗口内仍未触发建仓。常见原因：反弹目标价未触及、资金或日内/小时额度不足、候选按倍数排序较后等。
SOONUSDT,SOONUSDT_202604100000,130.4285443503446,2026-04-10 00:00:00,2026-04-10 00:00,2026-04-10 01:00:00,0.101,0.0,0.101,2026-04-15 01:00:00,wait_window_expired,,,等待窗口已届满（earliest_entry+120h 截止）：窗口内仍未触发建仓。常见原因：反弹目标价未触及、资金或日内/小时额度不足、候选按倍数排序较后等。
CTKUSDT,CTKUSDT_202604100000,120.0606113385004,2026-04-10 00:00:00,2026-04-10 00:00,2026-04-10 01:00:00,0.1739,0.0,0.1739,2026-04-15 01:00:00,wait_window_expired,,,等待窗口已届满（earliest_entry+120h 截止）：窗口内仍未触发建仓。常见原因：反弹目标价未触及、资金或日内/小时额度不足、候选按倍数排序较后等。
APRUSDT,APRUSDT_202604100000,114.85773422777461,2026-04-10 00:00:00,2026-04-10 00:00,2026-04-10 01:00:00,0.17271,0.0,0.17271,2026-04-15 01:00:00,wait_window_expired,,,等待窗口已届满（earliest_entry+120h 截止）：窗口内仍未触发建仓。常见原因：反弹目标价未触及、资金或日内/小时额度不足、候选按倍数排序较后等。
BASEDUSDT,BASEDUSDT_202604100000,112.09212353441472,2026-04-10 00:00:00,2026-04-10 00:00,2026-04-10 01:00:00,0.0541,0.0,0.0541,2026-04-15 01:00:00,wait_window_expired,,,等待窗口已届满（earliest_entry+120h 截止）：窗口内仍未触发建仓。常见原因：反弹目标价未触及、资金或日内/小时额度不足、候选按倍数排序较后等。
KAITOUSDT,KAITOUSDT_202604100000,110.93973450228354,2026-04-10 00:00:00,2026-04-10 00:00,2026-04-10 01:00:00,0.3924,0.0,0.3924,2026-04-15 01:00:00,wait_window_expired,,,等待窗口已届满（earliest_entry+120h 截止）：窗口内仍未触发建仓。常见原因：反弹目标价未触及、资金或日内/小时额度不足、候选按倍数排序较后等。
IRYSUSDT,IRYSUSDT_202604100000,108.2859585267543,2026-04-10 00:00:00,2026-04-10 00:00,2026-04-10 01:00:00,0.02368,0.0,0.02368,2026-04-15 01:00:00,wait_window_expired,,,等待窗口已届满（earliest_entry+120h 截止）：窗口内仍未触发建仓。常见原因：反弹目标价未触及、资金或日内/小时额度不足、候选按倍数排序较后等。
ZORAUSDT,ZORAUSDT_202604100000,107.59563766380356,2026-04-10 00:00:00,2026-04-10 00:00,2026-04-10 01:00:00,0.01445,0.0,0.01445,2026-04-15 01:00:00,wait_window_expired,,,等待窗口已届满（earliest_entry+120h 截止）：窗口内仍未触发建仓。常见原因：反弹目标价未触及、资金或日内/小时额度不足、候选按倍数排序较后等。
SKRUSDT,SKRUSDT_202604100000,105.59171375916678,2026-04-10 00:00:00,2026-04-10 00:00,2026-04-10 01:00:00,0.016448,0.0,0.016448,2026-04-15 01:00:00,wait_window_expired,,,等待窗口已届满（earliest_entry+120h 截止）：窗口内仍未触发建仓。常见原因：反弹目标价未触及、资金或日内/小时额度不足、候选按倍数排序较后等。
ETHFIUSDT,ETHFIUSDT_202604100000,99.21998434786542,2026-04-10 00:00:00,2026-04-10 00:00,2026-04-10 01:00:00,0.4422,0.0,0.4422,2026-04-15 01:00:00,superseded_stronger_hour,,,被更强卖量信号覆盖(旧99.22x → 新286.34x，新信号UTC 2026-04-12 01:00)
POLYXUSDT,POLYXUSDT_202604100000,98.98965326803692,2026-04-10 00:00:00,2026-04-10 00:00,2026-04-10 01:00:00,0.05003,0.0,0.05003,2026-04-15 01:00:00,wait_window_expired,,,等待窗口已届满（earliest_entry+120h 截止）：窗口内仍未触发建仓。常见原因：反弹目标价未触及、资金或日内/小时额度不足、候选按倍数排序较后等。
THETAUSDT,THETAUSDT_202604100000,98.50506459292505,2026-04-10 00:00:00,2026-04-10 00:00,2026-04-10 01:00:00,0.1769,0.0,0.1769,2026-04-15 01:00:00,wait_window_expired,,,等待窗口已届满（earliest_entry+120h 截止）：窗口内仍未触发建仓。常见原因：反弹目标价未触及、资金或日内/小时额度不足、候选按倍数排序较后等。
PLAYUSDT,PLAYUSDT_202604100000,95.86363618598827,2026-04-10 00:00:00,2026-04-10 00:00,2026-04-10 01:00:00,0.06691,0.0,0.06691,2026-04-15 01:00:00,wait_window_expired,,,等待窗口已届满（earliest_entry+120h 截止）：窗口内仍未触发建仓。常见原因：反弹目标价未触及、资金或日内/小时额度不足、候选按倍数排序较后等。
ELSAUSDT,ELSAUSDT_202604100000,93.13857527495095,2026-04-10 00:00:00,2026-04-10 00:00,2026-04-10 01:00:00,0.06958,0.0,0.06958,2026-04-15 01:00:00,wait_window_expired,,,等待窗口已届满（earliest_entry+120h 截止）：窗口内仍未触发建仓。常见原因：反弹目标价未触及、资金或日内/小时额度不足、候选按倍数排序较后等。
ATUSDT,ATUSDT_202604100000,92.95691714670718,2026-04-10 00:00:00,2026-04-10 00:00,2026-04-10 01:00:00,0.13774,0.0,0.13774,2026-04-15 01:00:00,wait_window_expired,,,等待窗口已届满（earliest_entry+120h 截止）：窗口内仍未触发建仓。常见原因：反弹目标价未触及、资金或日内/小时额度不足、候选按倍数排序较后等。
DYMUSDT,DYMUSDT_202604100000,92.45851552953448,2026-04-10 00:00:00,2026-04-10 00:00,2026-04-10 01:00:00,0.02041,0.0,0.02041,2026-04-15 01:00:00,superseded_stronger_hour,,,被更强卖量信号覆盖(旧92.46x → 新143.89x，新信号UTC 2026-04-12 01:00)
MAVIAUSDT,MAVIAUSDT_202604100000,87.8344524508059,2026-04-10 00:00:00,2026-04-10 00:00,2026-04-10 01:00:00,0.02949,0.0,0.02949,2026-04-15 01:00:00,wait_window_expired,,,等待窗口已届满（earliest_entry+120h 截止）：窗口内仍未触发建仓。常见原因：反弹目标价未触及、资金或日内/小时额度不足、候选按倍数排序较后等。
AKTUSDT,AKTUSDT_202604100000,85.42732326334706,2026-04-10 00:00:00,2026-04-10 00:00,2026-04-10 01:00:00,0.4721,0.0,0.4721,2026-04-15 01:00:00,wait_window_expired,,,等待窗口已届满（earliest_entry+120h 截止）：窗口内仍未触发建仓。常见原因：反弹目标价未触及、资金或日内/小时额度不足、候选按倍数排序较后等。
BSBUSDT,BSBUSDT_202604100000,84.9775971666877,2026-04-10 00:00:00,2026-04-10 00:00,2026-04-10 01:00:00,0.18626,0.0,0.18626,2026-04-15 01:00:00,wait_window_expired,,,等待窗口已届满（earliest_entry+120h 截止）：窗口内仍未触发建仓。常见原因：反弹目标价未触及、资金或日内/小时额度不足、候选按倍数排序较后等。
ONGUSDT,ONGUSDT_202604100000,82.054364635994,2026-04-10 00:00:00,2026-04-10 00:00,2026-04-10 01:00:00,0.09081,0.0,0.09081,2026-04-15 01:00:00,wait_window_expired,,,等待窗口已届满（earliest_entry+120h 截止）：窗口内仍未触发建仓。常见原因：反弹目标价未触及、资金或日内/小时额度不足、候选按倍数排序较后等。
PROMPTUSDT,PROMPTUSDT_202604100000,81.89552980209311,2026-04-10 00:00:00,2026-04-10 00:00,2026-04-10 01:00:00,0.03164,0.0,0.03164,2026-04-15 01:00:00,wait_window_expired,,,等待窗口已届满（earliest_entry+120h 截止）：窗口内仍未触发建仓。常见原因：反弹目标价未触及、资金或日内/小时额度不足、候选按倍数排序较后等。
BUSDT,BUSDT_202604100000,80.01657857713221,2026-04-10 00:00:00,2026-04-10 00:00,2026-04-10 01:00:00,0.1699,0.0,0.1699,2026-04-15 01:00:00,wait_window_expired,,,等待窗口已届满（earliest_entry+120h 截止）：窗口内仍未触发建仓。常见原因：反弹目标价未触及、资金或日内/小时额度不足、候选按倍数排序较后等。
NAORISUSDT,NAORISUSDT_202604100000,79.57150548743753,2026-04-10 00:00:00,2026-04-10 00:00,2026-04-10 01:00:00,0.06463,0.0,0.06463,2026-04-15 01:00:00,wait_window_expired,,,等待窗口已届满（earliest_entry+120h 截止）：窗口内仍未触发建仓。常见原因：反弹目标价未触及、资金或日内/小时额度不足、候选按倍数排序较后等。
HOTUSDT,HOTUSDT_202604100000,77.7627917433758,2026-04-10 00:00:00,2026-04-10 00:00,2026-04-10 01:00:00,0.0004,0.0,0.0004,2026-04-15 01:00:00,wait_window_expired,,,等待窗口已届满（earliest_entry+120h 截止）：窗口内仍未触发建仓。常见原因：反弹目标价未触及、资金或日内/小时额度不足、候选按倍数排序较后等。
FETUSDT,FETUSDT_202604100000,75.12603671250515,2026-04-10 00:00:00,2026-04-10 00:00,2026-04-10 01:00:00,0.2411,0.0,0.2411,2026-04-15 01:00:00,wait_window_expired,,,等待窗口已届满（earliest_entry+120h 截止）：窗口内仍未触发建仓。常见原因：反弹目标价未触及、资金或日内/小时额度不足、候选按倍数排序较后等。
SNDKUSDT,SNDKUSDT_202604100000,74.31446540880503,2026-04-10 00:00:00,2026-04-10 00:00,2026-04-10 01:00:00,872.83,0.0,872.83,2026-04-15 01:00:00,superseded_stronger_hour,,,被更强卖量信号覆盖(旧74.31x → 新142.06x，新信号UTC 2026-04-12 01:00)
MASKUSDT,MASKUSDT_202604100000,73.78066572672103,2026-04-10 00:00:00,2026-04-10 00:00,2026-04-10 01:00:00,0.4444,0.0,0.4444,2026-04-15 01:00:00,superseded_stronger_hour,,,被更强卖量信号覆盖(旧73.78x → 新77.02x，新信号UTC 2026-04-12 01:00)
JTOUSDT,JTOUSDT_202604100000,72.38927304575435,2026-04-10 00:00:00,2026-04-10 00:00,2026-04-10 01:00:00,0.2909,0.0,0.2909,2026-04-15 01:00:00,wait_window_expired,,,等待窗口已届满（earliest_entry+120h 截止）：窗口内仍未触发建仓。常见原因：反弹目标价未触及、资金或日内/小时额度不足、候选按倍数排序较后等。
MORPHOUSDT,MORPHOUSDT_202604100000,71.79816917566082,2026-04-10 00:00:00,2026-04-10 00:00,2026-04-10 01:00:00,1.8507,0.0,1.8507,2026-04-15 01:00:00,wait_window_expired,,,等待窗口已届满（earliest_entry+120h 截止）：窗口内仍未触发建仓。常见原因：反弹目标价未触及、资金或日内/小时额度不足、候选按倍数排序较后等。
ZBTUSDT,ZBTUSDT_202604100000,70.71036528974619,2026-04-10 00:00:00,2026-04-10 00:00,2026-04-10 01:00:00,0.11425,0.0,0.11425,2026-04-15 01:00:00,wait_window_expired,,,等待窗口已届满（earliest_entry+120h 截止）：窗口内仍未触发建仓。常见原因：反弹目标价未触及、资金或日内/小时额度不足、候选按倍数排序较后等。
ASTRUSDT,ASTRUSDT_202604100000,68.91268124981121,2026-04-10 00:00:00,2026-04-10 00:00,2026-04-10 01:00:00,0.007593,0.0,0.007593,2026-04-15 01:00:00,wait_window_expired,,,等待窗口已届满（earliest_entry+120h 截止）：窗口内仍未触发建仓。常见原因：反弹目标价未触及、资金或日内/小时额度不足、候选按倍数排序较后等。
BABYUSDT,BABYUSDT_202604100000,67.293163232486,2026-04-10 00:00:00,2026-04-10 00:00,2026-04-10 01:00:00,0.01347,0.0,0.01347,2026-04-15 01:00:00,wait_window_expired,,,等待窗口已届满（earliest_entry+120h 截止）：窗口内仍未触发建仓。常见原因：反弹目标价未触及、资金或日内/小时额度不足、候选按倍数排序较后等。
CHILLGUYUSDT,CHILLGUYUSDT_202604100000,66.81765168758146,2026-04-10 00:00:00,2026-04-10 00:00,2026-04-10 01:00:00,0.010485,0.0,0.010485,2026-04-15 01:00:00,wait_window_expired,,,等待窗口已届满（earliest_entry+120h 截止）：窗口内仍未触发建仓。常见原因：反弹目标价未触及、资金或日内/小时额度不足、候选按倍数排序较后等。
CELRUSDT,CELRUSDT_202604100000,66.35818720427251,2026-04-10 00:00:00,2026-04-10 00:00,2026-04-10 01:00:00,0.00239,0.0,0.00239,2026-04-15 01:00:00,superseded_stronger_hour,,,被更强卖量信号覆盖(旧66.36x → 新91.55x，新信号UTC 2026-04-12 01:00)
PEOPLEUSDT,PEOPLEUSDT_202604100000,65.56079284769824,2026-04-10 00:00:00,2026-04-10 00:00,2026-04-10 01:00:00,0.00687,0.0,0.00687,2026-04-15 01:00:00,wait_window_expired,,,等待窗口已届满（earliest_entry+120h 截止）：窗口内仍未触发建仓。常见原因：反弹目标价未触及、资金或日内/小时额度不足、候选按倍数排序较后等。
LYNUSDT,LYNUSDT_202604100000,65.44060055561094,2026-04-10 00:00:00,2026-04-10 00:00,2026-04-10 01:00:00,0.0454,0.0,0.0454,2026-04-15 01:00:00,superseded_stronger_hour,,,被更强卖量信号覆盖(旧65.44x → 新71.95x，新信号UTC 2026-04-12 01:00)
ONUSDT,ONUSDT_202604100000,65.42207731134589,2026-04-10 00:00:00,2026-04-10 00:00,2026-04-10 01:00:00,0.08614,0.0,0.08614,2026-04-15 01:00:00,wait_window_expired,,,等待窗口已届满（earliest_entry+120h 截止）：窗口内仍未触发建仓。常见原因：反弹目标价未触及、资金或日内/小时额度不足、候选按倍数排序较后等。
SQDUSDT,SQDUSDT_202604100000,64.84670787148184,2026-04-10 00:00:00,2026-04-10 00:00,2026-04-10 01:00:00,0.03222,0.0,0.03222,2026-04-15 01:00:00,wait_window_expired,,,等待窗口已届满（earliest_entry+120h 截止）：窗口内仍未触发建仓。常见原因：反弹目标价未触及、资金或日内/小时额度不足、候选按倍数排序较后等。
BTRUSDT,BTRUSDT_202604100000,64.83793463081047,2026-04-10 00:00:00,2026-04-10 00:00,2026-04-10 01:00:00,0.02643,0.0,0.02643,2026-04-15 01:00:00,wait_window_expired,,,等待窗口已届满（earliest_entry+120h 截止）：窗口内仍未触发建仓。常见原因：反弹目标价未触及、资金或日内/小时额度不足、候选按倍数排序较后等。
1INCHUSDT,1INCHUSDT_202604100000,64.6320780543358,2026-04-10 00:00:00,2026-04-10 00:00,2026-04-10 01:00:00,0.0921,0.0,0.0921,2026-04-15 01:00:00,superseded_stronger_hour,,,被更强卖量信号覆盖(旧64.63x → 新120.25x，新信号UTC 2026-04-12 01:00)
ALLUSDT,ALLUSDT_202604100000,64.14056720098644,2026-04-10 00:00:00,2026-04-10 00:00,2026-04-10 01:00:00,0.4795,0.0,0.4795,2026-04-15 01:00:00,superseded_stronger_hour,,,被更强卖量信号覆盖(旧64.14x → 新217.74x，新信号UTC 2026-04-12 01:00)
DOLOUSDT,DOLOUSDT_202604100000,63.93244047150658,2026-04-10 00:00:00,2026-04-10 00:00,2026-04-10 01:00:00,0.03464,0.0,0.03464,2026-04-15 01:00:00,superseded_stronger_hour,,,被更强卖量信号覆盖(旧63.93x → 新109.60x，新信号UTC 2026-04-12 01:00)
DUSDT,DUSDT_202604100000,63.261735353370675,2026-04-10 00:00:00,2026-04-10 00:00,2026-04-10 01:00:00,0.010407,0.0,0.010407,2026-04-15 01:00:00,wait_window_expired,,,等待窗口已届满（earliest_entry+120h 截止）：窗口内仍未触发建仓。常见原因：反弹目标价未触及、资金或日内/小时额度不足、候选按倍数排序较后等。
POWRUSDT,POWRUSDT_202604100000,62.59772774465308,2026-04-10 00:00:00,2026-04-10 00:00,2026-04-10 01:00:00,0.0667,0.0,0.0667,2026-04-15 01:00:00,wait_window_expired,,,等待窗口已届满（earliest_entry+120h 截止）：窗口内仍未触发建仓。常见原因：反弹目标价未触及、资金或日内/小时额度不足、候选按倍数排序较后等。
DIAUSDT,DIAUSDT_202604100000,62.03564736968533,2026-04-10 00:00:00,2026-04-10 00:00,2026-04-10 01:00:00,0.1808,0.0,0.1808,2026-04-15 01:00:00,wait_window_expired,,,等待窗口已届满（earliest_entry+120h 截止）：窗口内仍未触发建仓。常见原因：反弹目标价未触及、资金或日内/小时额度不足、候选按倍数排序较后等。
KNCUSDT,KNCUSDT_202604100000,59.81500216794335,2026-04-10 00:00:00,2026-04-10 00:00,2026-04-10 01:00:00,0.1404,0.0,0.1404,2026-04-15 01:00:00,wait_window_expired,,,等待窗口已届满（earliest_entry+120h 截止）：窗口内仍未触发建仓。常见原因：反弹目标价未触及、资金或日内/小时额度不足、候选按倍数排序较后等。
AMZNUSDT,AMZNUSDT_202604100000,59.35614271938282,2026-04-10 00:00:00,2026-04-10 00:00,2026-04-10 01:00:00,233.69,0.0,233.69,2026-04-15 01:00:00,superseded_stronger_hour,,,被更强卖量信号覆盖(旧59.36x → 新110.84x，新信号UTC 2026-04-12 01:00)
1000SATSUSDT,1000SATSUSDT_202604100000,58.240464511169655,2026-04-10 00:00:00,2026-04-10 00:00,2026-04-10 01:00:00,1.1e-05,0.0,1.1e-05,2026-04-15 01:00:00,superseded_stronger_hour,,,被更强卖量信号覆盖(旧58.24x → 新256.71x，新信号UTC 2026-04-12 01:00)
IDOLUSDT,IDOLUSDT_202604100000,57.149977755760396,2026-04-10 00:00:00,2026-04-10 00:00,2026-04-10 01:00:00,0.02229,0.0,0.02229,2026-04-15 01:00:00,superseded_stronger_hour,,,被更强卖量信号覆盖(旧57.15x → 新90.50x，新信号UTC 2026-04-14 00:00)
ARIAUSDT,ARIAUSDT_202604100000,56.32346065193723,2026-04-10 00:00:00,2026-04-10 00:00,2026-04-10 01:00:00,0.4249,0.0,0.4249,2026-04-15 01:00:00,wait_window_expired,,,等待窗口已届满（earliest_entry+120h 截止）：窗口内仍未触发建仓。常见原因：反弹目标价未触及、资金或日内/小时额度不足、候选按倍数排序较后等。
BLESSUSDT,BLESSUSDT_202604100000,56.29650993783548,2026-04-10 00:00:00,2026-04-10 00:00,2026-04-10 01:00:00,0.005962,0.0,0.005962,2026-04-15 01:00:00,wait_window_expired,,,等待窗口已届满（earliest_entry+120h 截止）：窗口内仍未触发建仓。常见原因：反弹目标价未触及、资金或日内/小时额度不足、候选按倍数排序较后等。
PROVEUSDT,PROVEUSDT_202604100000,56.21680470516386,2026-04-10 00:00:00,2026-04-10 00:00,2026-04-10 01:00:00,0.222,0.0,0.222,2026-04-15 01:00:00,superseded_stronger_hour,,,被更强卖量信号覆盖(旧56.22x → 新86.73x，新信号UTC 2026-04-12 01:00)
COWUSDT,COWUSDT_202604100000,56.21154788746201,2026-04-10 00:00:00,2026-04-10 00:00,2026-04-10 01:00:00,0.214,0.0,0.214,2026-04-15 01:00:00,wait_window_expired,,,等待窗口已届满（earliest_entry+120h 截止）：窗口内仍未触发建仓。常见原因：反弹目标价未触及、资金或日内/小时额度不足、候选按倍数排序较后等。
DEGENUSDT,DEGENUSDT_202604100000,55.93162813096605,2026-04-10 00:00:00,2026-04-10 00:00,2026-04-10 01:00:00,0.0007545,0.0,0.0007545,2026-04-15 01:00:00,wait_window_expired,,,等待窗口已届满（earliest_entry+120h 截止）：窗口内仍未触发建仓。常见原因：反弹目标价未触及、资金或日内/小时额度不足、候选按倍数排序较后等。
PUMPBTCUSDT,PUMPBTCUSDT_202604100000,55.720700155359914,2026-04-10 00:00:00,2026-04-10 00:00,2026-04-10 01:00:00,0.01702,0.0,0.01702,2026-04-15 01:00:00,superseded_stronger_hour,,,被更强卖量信号覆盖(旧55.72x → 新166.28x，新信号UTC 2026-04-14 00:00)
HANAUSDT,HANAUSDT_202604100000,55.680926606961776,2026-04-10 00:00:00,2026-04-10 00:00,2026-04-10 01:00:00,0.03755,0.0,0.03755,2026-04-15 01:00:00,wait_window_expired,,,等待窗口已届满（earliest_entry+120h 截止）：窗口内仍未触发建仓。常见原因：反弹目标价未触及、资金或日内/小时额度不足、候选按倍数排序较后等。
HYPERUSDT,HYPERUSDT_202604100000,55.32489184006592,2026-04-10 00:00:00,2026-04-10 00:00,2026-04-10 01:00:00,0.0892,0.0,0.0892,2026-04-15 01:00:00,wait_window_expired,,,等待窗口已届满（earliest_entry+120h 截止）：窗口内仍未触发建仓。常见原因：反弹目标价未触及、资金或日内/小时额度不足、候选按倍数排序较后等。
API3USDT,API3USDT_202604100000,54.365977624035544,2026-04-10 00:00:00,2026-04-10 00:00,2026-04-10 01:00:00,0.2795,0.0,0.2795,2026-04-15 01:00:00,superseded_stronger_hour,,,被更强卖量信号覆盖(旧54.37x → 新95.12x，新信号UTC 2026-04-12 01:00)
SYNUSDT,SYNUSDT_202604100000,54.11193908519402,2026-04-10 00:00:00,2026-04-10 00:00,2026-04-10 01:00:00,0.04776,0.0,0.04776,2026-04-15 01:00:00,wait_window_expired,,,等待窗口已届满（earliest_entry+120h 截止）：窗口内仍未触发建仓。常见原因：反弹目标价未触及、资金或日内/小时额度不足、候选按倍数排序较后等。
COAIUSDT,COAIUSDT_202604100000,53.92129307657258,2026-04-10 00:00:00,2026-04-10 00:00,2026-04-10 01:00:00,0.2781,0.0,0.2781,2026-04-15 01:00:00,superseded_stronger_hour,,,被更强卖量信号覆盖(旧53.92x → 新54.33x，新信号UTC 2026-04-14 00:00)
SUSDT,SUSDT_202604100000,52.3497240214734,2026-04-10 00:00:00,2026-04-10 00:00,2026-04-10 01:00:00,0.04121,0.0,0.04121,2026-04-15 01:00:00,superseded_stronger_hour,,,被更强卖量信号覆盖(旧52.35x → 新229.67x，新信号UTC 2026-04-12 01:00)
RONINUSDT,RONINUSDT_202604100000,51.84195116203717,2026-04-10 00:00:00,2026-04-10 00:00,2026-04-10 01:00:00,0.0881,0.0,0.0881,2026-04-15 01:00:00,superseded_stronger_hour,,,被更强卖量信号覆盖(旧51.84x → 新102.61x，新信号UTC 2026-04-12 01:00)
PYTHUSDT,PYTHUSDT_202604100000,51.424718692157754,2026-04-10 00:00:00,2026-04-10 00:00,2026-04-10 01:00:00,0.04657,0.0,0.04657,2026-04-15 01:00:00,wait_window_expired,,,等待窗口已届满（earliest_entry+120h 截止）：窗口内仍未触发建仓。常见原因：反弹目标价未触及、资金或日内/小时额度不足、候选按倍数排序较后等。
AEROUSDT,AEROUSDT_202604100000,51.30803669076141,2026-04-10 00:00:00,2026-04-10 00:00,2026-04-10 01:00:00,0.3614,0.0,0.3614,2026-04-15 01:00:00,superseded_stronger_hour,,,被更强卖量信号覆盖(旧51.31x → 新83.66x，新信号UTC 2026-04-12 01:00)
CARVUSDT,CARVUSDT_202604100000,51.14354956615708,2026-04-10 00:00:00,2026-04-10 00:00,2026-04-10 01:00:00,0.0549,0.0,0.0549,2026-04-15 01:00:00,superseded_stronger_hour,,,被更强卖量信号覆盖(旧51.14x → 新83.70x，新信号UTC 2026-04-12 01:00)
IOSTUSDT,IOSTUSDT_202604100000,51.07217995175643,2026-04-10 00:00:00,2026-04-10 00:00,2026-04-10 01:00:00,0.001085,0.0,0.001085,2026-04-15 01:00:00,wait_window_expired,,,等待窗口已届满（earliest_entry+120h 截止）：窗口内仍未触发建仓。常见原因：反弹目标价未触及、资金或日内/小时额度不足、候选按倍数排序较后等。
1000FLOKIUSDT,1000FLOKIUSDT_202604100000,50.892154035214695,2026-04-10 00:00:00,2026-04-10 00:00,2026-04-10 01:00:00,0.02849,0.0,0.02849,2026-04-15 01:00:00,wait_window_expired,,,等待窗口已届满（earliest_entry+120h 截止）：窗口内仍未触发建仓。常见原因：反弹目标价未触及、资金或日内/小时额度不足、候选按倍数排序较后等。
EPICUSDT,EPICUSDT_202604100000,50.875648121764996,2026-04-10 00:00:00,2026-04-10 00:00,2026-04-10 01:00:00,0.2584,0.0,0.2584,2026-04-15 01:00:00,wait_window_expired,,,等待窗口已届满（earliest_entry+120h 截止）：窗口内仍未触发建仓。常见原因：反弹目标价未触及、资金或日内/小时额度不足、候选按倍数排序较后等。
JUPUSDT,JUPUSDT_202604100000,50.870672468598585,2026-04-10 00:00:00,2026-04-10 00:00,2026-04-10 01:00:00,0.1604,0.0,0.1604,2026-04-15 01:00:00,superseded_stronger_hour,,,被更强卖量信号覆盖(旧50.87x → 新69.04x，新信号UTC 2026-04-12 01:00)
CCUSDT,CCUSDT_202604100000,50.73810056093001,2026-04-10 00:00:00,2026-04-10 00:00,2026-04-10 01:00:00,0.15286,0.0,0.15286,2026-04-15 01:00:00,wait_window_expired,,,等待窗口已届满（earliest_entry+120h 截止）：窗口内仍未触发建仓。常见原因：反弹目标价未触及、资金或日内/小时额度不足、候选按倍数排序较后等。
NOMUSDT,NOMUSDT_202604100000,50.65118390882336,2026-04-10 00:00:00,2026-04-10 00:00,2026-04-10 01:00:00,0.00727,0.0,0.00727,2026-04-15 01:00:00,superseded_stronger_hour,,,被更强卖量信号覆盖(旧50.65x → 新55.40x，新信号UTC 2026-04-12 01:00)
BOMEUSDT,BOMEUSDT_202604100000,50.04851414464692,2026-04-10 00:00:00,2026-04-10 00:00,2026-04-10 01:00:00,0.000397,0.0,0.000397,2026-04-15 01:00:00,superseded_stronger_hour,,,被更强卖量信号覆盖(旧50.05x → 新122.62x，新信号UTC 2026-04-12 01:00)
COPPERUSDT,COPPERUSDT_202604100000,49.42311746106102,2026-04-10 00:00:00,2026-04-10 00:00,2026-04-10 01:00:00,5.773,0.0,5.773,2026-04-15 01:00:00,wait_window_expired,,,等待窗口已届满（earliest_entry+120h 截止）：窗口内仍未触发建仓。常见原因：反弹目标价未触及、资金或日内/小时额度不足、候选按倍数排序较后等。
CUSDT,CUSDT_202604100000,49.29683277954549,2026-04-10 00:00:00,2026-04-10 00:00,2026-04-10 01:00:00,0.06843,0.0,0.06843,2026-04-15 01:00:00,wait_window_expired,,,等待窗口已届满（earliest_entry+120h 截止）：窗口内仍未触发建仓。常见原因：反弹目标价未触及、资金或日内/小时额度不足、候选按倍数排序较后等。
PIPPINUSDT,PIPPINUSDT_202604100000,49.22570934864845,2026-04-10 00:00:00,2026-04-10 00:00,2026-04-10 01:00:00,0.03183,0.0,0.03183,2026-04-15 01:00:00,wait_window_expired,,,等待窗口已届满（earliest_entry+120h 截止）：窗口内仍未触发建仓。常见原因：反弹目标价未触及、资金或日内/小时额度不足、候选按倍数排序较后等。
ACHUSDT,ACHUSDT_202604100000,49.151649839161124,2026-04-10 00:00:00,2026-04-10 00:00,2026-04-10 01:00:00,0.005789,0.0,0.005789,2026-04-15 01:00:00,superseded_stronger_hour,,,被更强卖量信号覆盖(旧49.15x → 新135.71x，新信号UTC 2026-04-12 01:00)
METUSDT,METUSDT_202604100000,48.963851870048515,2026-04-10 00:00:00,2026-04-10 00:00,2026-04-10 01:00:00,0.1326,0.0,0.1326,2026-04-15 01:00:00,wait_window_expired,,,等待窗口已届满（earliest_entry+120h 截止）：窗口内仍未触发建仓。常见原因：反弹目标价未触及、资金或日内/小时额度不足、候选按倍数排序较后等。
WETUSDT,WETUSDT_202604100000,48.83312499194557,2026-04-10 00:00:00,2026-04-10 00:00,2026-04-10 01:00:00,0.10049,0.0,0.10049,2026-04-15 01:00:00,superseded_stronger_hour,,,被更强卖量信号覆盖(旧48.83x → 新197.56x，新信号UTC 2026-04-14 00:00)
OPENUSDT,OPENUSDT_202604100000,48.72374874832403,2026-04-10 00:00:00,2026-04-10 00:00,2026-04-10 01:00:00,0.181,0.0,0.181,2026-04-15 01:00:00,wait_window_expired,,,等待窗口已届满（earliest_entry+120h 截止）：窗口内仍未触发建仓。常见原因：反弹目标价未触及、资金或日内/小时额度不足、候选按倍数排序较后等。
BREVUSDT,BREVUSDT_202604100000,48.720224310424996,2026-04-10 00:00:00,2026-04-10 00:00,2026-04-10 01:00:00,0.1215,0.0,0.1215,2026-04-15 01:00:00,superseded_stronger_hour,,,被更强卖量信号覆盖(旧48.72x → 新67.31x，新信号UTC 2026-04-14 00:00)
IOTXUSDT,IOTXUSDT_202604100000,48.405708341227125,2026-04-10 00:00:00,2026-04-10 00:00,2026-04-10 01:00:00,0.00456,0.0,0.00456,2026-04-15 01:00:00,wait_window_expired,,,等待窗口已届满（earliest_entry+120h 截止）：窗口内仍未触发建仓。常见原因：反弹目标价未触及、资金或日内/小时额度不足、候选按倍数排序较后等。
PHAUSDT,PHAUSDT_202604100000,48.0270876219034,2026-04-10 00:00:00,2026-04-10 00:00,2026-04-10 01:00:00,0.03775,0.0,0.03775,2026-04-15 01:00:00,wait_window_expired,,,等待窗口已届满（earliest_entry+120h 截止）：窗口内仍未触发建仓。常见原因：反弹目标价未触及、资金或日内/小时额度不足、候选按倍数排序较后等。
SENTUSDT,SENTUSDT_202604100000,47.607550834476335,2026-04-10 00:00:00,2026-04-10 00:00,2026-04-10 01:00:00,0.01593,0.0,0.01593,2026-04-15 01:00:00,superseded_stronger_hour,,,被更强卖量信号覆盖(旧47.61x → 新63.72x，新信号UTC 2026-04-12 01:00)
GOATUSDT,GOATUSDT_202604100000,47.06348212550024,2026-04-10 00:00:00,2026-04-10 00:00,2026-04-10 01:00:00,0.01797,0.0,0.01797,2026-04-15 01:00:00,superseded_stronger_hour,,,被更强卖量信号覆盖(旧47.06x → 新53.72x，新信号UTC 2026-04-12 01:00)
IMXUSDT,IMXUSDT_202604100000,46.761177852868585,2026-04-10 00:00:00,2026-04-10 00:00,2026-04-10 01:00:00,0.1473,0.0,0.1473,2026-04-15 01:00:00,superseded_stronger_hour,,,被更强卖量信号覆盖(旧46.76x → 新64.64x，新信号UTC 2026-04-12 01:00)
AGLDUSDT,AGLDUSDT_202604100000,46.51151464327184,2026-04-10 00:00:00,2026-04-10 00:00,2026-04-10 01:00:00,0.2551,0.0,0.2551,2026-04-15 01:00:00,wait_window_expired,,,等待窗口已届满（earliest_entry+120h 截止）：窗口内仍未触发建仓。常见原因：反弹目标价未触及、资金或日内/小时额度不足、候选按倍数排序较后等。
ATOMUSDT,ATOMUSDT_202604100000,46.169131607576816,2026-04-10 00:00:00,2026-04-10 00:00,2026-04-10 01:00:00,1.81,0.0,1.81,2026-04-15 01:00:00,superseded_stronger_hour,,,被更强卖量信号覆盖(旧46.17x → 新65.11x，新信号UTC 2026-04-14 00:00)
PIEVERSEUSDT,PIEVERSEUSDT_202604100000,45.970799307102205,2026-04-10 00:00:00,2026-04-10 00:00,2026-04-10 01:00:00,0.5124,0.0,0.5124,2026-04-15 01:00:00,superseded_stronger_hour,,,被更强卖量信号覆盖(旧45.97x → 新79.76x，新信号UTC 2026-04-12 01:00)
ATHUSDT,ATHUSDT_202604100000,45.62269003213658,2026-04-10 00:00:00,2026-04-10 00:00,2026-04-10 01:00:00,0.006001,0.0,0.006001,2026-04-15 01:00:00,superseded_stronger_hour,,,被更强卖量信号覆盖(旧45.62x → 新72.44x，新信号UTC 2026-04-14 00:00)
PHBUSDT,PHBUSDT_202604100000,45.412826254052064,2026-04-10 00:00:00,2026-04-10 00:00,2026-04-10 01:00:00,0.0913,0.0,0.0913,2026-04-15 01:00:00,wait_window_expired,,,等待窗口已届满（earliest_entry+120h 截止）：窗口内仍未触发建仓。常见原因：反弹目标价未触及、资金或日内/小时额度不足、候选按倍数排序较后等。
DEGOUSDT,DEGOUSDT_202604100000,44.9734598540146,2026-04-10 00:00:00,2026-04-10 00:00,2026-04-10 01:00:00,0.2964,0.0,0.2964,2026-04-15 01:00:00,superseded_stronger_hour,,,被更强卖量信号覆盖(旧44.97x → 新49.06x，新信号UTC 2026-04-12 01:00)
CHRUSDT,CHRUSDT_202604100000,44.49007897442629,2026-04-10 00:00:00,2026-04-10 00:00,2026-04-10 01:00:00,0.0177,0.0,0.0177,2026-04-15 01:00:00,wait_window_expired,,,等待窗口已届满（earliest_entry+120h 截止）：窗口内仍未触发建仓。常见原因：反弹目标价未触及、资金或日内/小时额度不足、候选按倍数排序较后等。
HFTUSDT,HFTUSDT_202604100000,44.44826592544337,2026-04-10 00:00:00,2026-04-10 00:00,2026-04-10 01:00:00,0.01344,0.0,0.01344,2026-04-15 01:00:00,wait_window_expired,,,等待窗口已届满（earliest_entry+120h 截止）：窗口内仍未触发建仓。常见原因：反弹目标价未触及、资金或日内/小时额度不足、候选按倍数排序较后等。
HUMAUSDT,HUMAUSDT_202604100000,44.20641455574812,2026-04-10 00:00:00,2026-04-10 00:00,2026-04-10 01:00:00,0.015177,0.0,0.015177,2026-04-15 01:00:00,wait_window_expired,,,等待窗口已届满（earliest_entry+120h 截止）：窗口内仍未触发建仓。常见原因：反弹目标价未触及、资金或日内/小时额度不足、候选按倍数排序较后等。
XTZUSDT,XTZUSDT_202604100000,43.7490414384899,2026-04-10 00:00:00,2026-04-10 00:00,2026-04-10 01:00:00,0.355,0.0,0.355,2026-04-15 01:00:00,superseded_stronger_hour,,,被更强卖量信号覆盖(旧43.75x → 新55.67x，新信号UTC 2026-04-14 00:00)
SPYUSDT,SPYUSDT_202604100000,43.50898203592812,2026-04-10 00:00:00,2026-04-10 00:00,2026-04-10 01:00:00,679.3,0.0,679.3,2026-04-15 01:00:00,superseded_stronger_hour,,,被更强卖量信号覆盖(旧43.51x → 新293.20x，新信号UTC 2026-04-12 01:00)
ANIMEUSDT,ANIMEUSDT_202604100000,43.391733639944874,2026-04-10 00:00:00,2026-04-10 00:00,2026-04-10 01:00:00,0.004625,0.0,0.004625,2026-04-15 01:00:00,superseded_stronger_hour,,,被更强卖量信号覆盖(旧43.39x → 新89.62x，新信号UTC 2026-04-14 05:00)
HOLOUSDT,HOLOUSDT_202604100000,43.31716089625159,2026-04-10 00:00:00,2026-04-10 00:00,2026-04-10 01:00:00,0.05761,0.0,0.05761,2026-04-15 01:00:00,superseded_stronger_hour,,,被更强卖量信号覆盖(旧43.32x → 新82.95x，新信号UTC 2026-04-12 01:00)
SKYUSDT,SKYUSDT_202604100000,43.0073838113132,2026-04-10 00:00:00,2026-04-10 00:00,2026-04-10 01:00:00,0.07807,0.0,0.07807,2026-04-15 01:00:00,superseded_stronger_hour,,,被更强卖量信号覆盖(旧43.01x → 新60.96x，新信号UTC 2026-04-14 00:00)
GUSDT,GUSDT_202604100000,42.81384047883182,2026-04-10 00:00:00,2026-04-10 00:00,2026-04-10 01:00:00,0.003857,0.0,0.003857,2026-04-15 01:00:00,wait_window_expired,,,等待窗口已届满（earliest_entry+120h 截止）：窗口内仍未触发建仓。常见原因：反弹目标价未触及、资金或日内/小时额度不足、候选按倍数排序较后等。
DASHUSDT,DASHUSDT_202604100000,42.74523606633061,2026-04-10 00:00:00,2026-04-10 00:00,2026-04-10 01:00:00,36.35,0.0,36.35,2026-04-15 01:00:00,wait_window_expired,,,等待窗口已届满（earliest_entry+120h 截止）：窗口内仍未触发建仓。常见原因：反弹目标价未触及、资金或日内/小时额度不足、候选按倍数排序较后等。
SANTOSUSDT,SANTOSUSDT_202604100000,42.441992701349406,2026-04-10 00:00:00,2026-04-10 00:00,2026-04-10 01:00:00,1.113,0.0,1.113,2026-04-15 01:00:00,superseded_stronger_hour,,,被更强卖量信号覆盖(旧42.44x → 新60.37x，新信号UTC 2026-04-12 01:00)
BASUSDT,BASUSDT_202604100000,42.37359118436381,2026-04-10 00:00:00,2026-04-10 00:00,2026-04-10 01:00:00,0.006602,0.0,0.006602,2026-04-15 01:00:00,wait_window_expired,,,等待窗口已届满（earliest_entry+120h 截止）：窗口内仍未触发建仓。常见原因：反弹目标价未触及、资金或日内/小时额度不足、候选按倍数排序较后等。
WALUSDT,WALUSDT_202604100000,42.17206216768011,2026-04-10 00:00:00,2026-04-10 00:00,2026-04-10 01:00:00,0.07188,0.0,0.07188,2026-04-15 01:00:00,wait_window_expired,,,等待窗口已届满（earliest_entry+120h 截止）：窗口内仍未触发建仓。常见原因：反弹目标价未触及、资金或日内/小时额度不足、候选按倍数排序较后等。
XAIUSDT,XAIUSDT_202604100000,41.95219694726391,2026-04-10 00:00:00,2026-04-10 00:00,2026-04-10 01:00:00,0.00939,0.0,0.00939,2026-04-15 01:00:00,superseded_stronger_hour,,,被更强卖量信号覆盖(旧41.95x → 新92.54x，新信号UTC 2026-04-12 01:00)
BIGTIMEUSDT,BIGTIMEUSDT_202604100000,41.77717692525646,2026-04-10 00:00:00,2026-04-10 00:00,2026-04-10 01:00:00,0.01264,0.0,0.01264,2026-04-15 01:00:00,wait_window_expired,,,等待窗口已届满（earliest_entry+120h 截止）：窗口内仍未触发建仓。常见原因：反弹目标价未触及、资金或日内/小时额度不足、候选按倍数排序较后等。
GRASSUSDT,GRASSUSDT_202604100000,41.74662615277711,2026-04-10 00:00:00,2026-04-10 00:00,2026-04-10 01:00:00,0.3248,0.0,0.3248,2026-04-15 01:00:00,wait_window_expired,,,等待窗口已届满（earliest_entry+120h 截止）：窗口内仍未触发建仓。常见原因：反弹目标价未触及、资金或日内/小时额度不足、候选按倍数排序较后等。
INXUSDT,INXUSDT_202604100000,41.70107605150873,2026-04-10 00:00:00,2026-04-10 00:00,2026-04-10 01:00:00,0.01311,0.0,0.01311,2026-04-15 01:00:00,superseded_stronger_hour,,,被更强卖量信号覆盖(旧41.70x → 新73.75x，新信号UTC 2026-04-13 00:00)
DOGSUSDT,DOGSUSDT_202604100000,41.1398975373025,2026-04-10 00:00:00,2026-04-10 00:00,2026-04-10 01:00:00,2.76e-05,0.0,2.76e-05,2026-04-15 01:00:00,superseded_stronger_hour,,,被更强卖量信号覆盖(旧41.14x → 新63.82x，新信号UTC 2026-04-14 00:00)
AINUSDT,AINUSDT_202604100000,41.04632672073256,2026-04-10 00:00:00,2026-04-10 00:00,2026-04-10 01:00:00,0.05832,0.0,0.05832,2026-04-15 01:00:00,superseded_stronger_hour,,,被更强卖量信号覆盖(旧41.05x → 新68.29x，新信号UTC 2026-04-11 14:00)
KMNOUSDT,KMNOUSDT_202604100000,40.12677725118483,2026-04-10 00:00:00,2026-04-10 00:00,2026-04-10 01:00:00,0.01977,0.0,0.01977,2026-04-15 01:00:00,wait_window_expired,,,等待窗口已届满（earliest_entry+120h 截止）：窗口内仍未触发建仓。常见原因：反弹目标价未触及、资金或日内/小时额度不足、候选按倍数排序较后等。
GOOGLUSDT,GOOGLUSDT_202604100000,40.04603330068559,2026-04-10 00:00:00,2026-04-10 00:00,2026-04-10 01:00:00,319.16,0.0,319.16,2026-04-15 01:00:00,superseded_stronger_hour,,,被更强卖量信号覆盖(旧40.05x → 新135.48x，新信号UTC 2026-04-12 01:00)
MANAUSDT,MANAUSDT_202604100000,40.00497460767082,2026-04-10 00:00:00,2026-04-10 00:00,2026-04-10 01:00:00,0.0909,0.0,0.0909,2026-04-15 01:00:00,superseded_stronger_hour,,,被更强卖量信号覆盖(旧40.00x → 新49.71x，新信号UTC 2026-04-12 01:00)
MLNUSDT,MLNUSDT_202604100000,39.94343588763616,2026-04-10 00:00:00,2026-04-10 00:00,2026-04-10 01:00:00,3.268,0.0,3.268,2026-04-15 01:00:00,superseded_stronger_hour,,,被更强卖量信号覆盖(旧39.94x → 新43.96x，新信号UTC 2026-04-12 01:00)
ANKRUSDT,ANKRUSDT_202604100000,39.31809997605742,2026-04-10 00:00:00,2026-04-10 00:00,2026-04-10 01:00:00,0.005349,0.0,0.005349,2026-04-15 01:00:00,wait_window_expired,,,等待窗口已届满（earliest_entry+120h 截止）：窗口内仍未触发建仓。常见原因：反弹目标价未触及、资金或日内/小时额度不足、候选按倍数排序较后等。
VICUSDT,VICUSDT_202604100000,39.14096803939649,2026-04-10 00:00:00,2026-04-10 00:00,2026-04-10 01:00:00,0.04791,0.0,0.04791,2026-04-15 01:00:00,wait_window_expired,,,等待窗口已届满（earliest_entry+120h 截止）：窗口内仍未触发建仓。常见原因：反弹目标价未触及、资金或日内/小时额度不足、候选按倍数排序较后等。
EVAAUSDT,EVAAUSDT_202604100000,39.020847284583546,2026-04-10 00:00:00,2026-04-10 00:00,2026-04-10 01:00:00,0.5816,0.0,0.5816,2026-04-15 01:00:00,superseded_stronger_hour,,,被更强卖量信号覆盖(旧39.02x → 新222.86x，新信号UTC 2026-04-14 00:00)
BIRBUSDT,BIRBUSDT_202604100000,38.83243810177491,2026-04-10 00:00:00,2026-04-10 00:00,2026-04-10 01:00:00,0.13274,0.0,0.13274,2026-04-15 01:00:00,superseded_stronger_hour,,,被更强卖量信号覆盖(旧38.83x → 新80.58x，新信号UTC 2026-04-12 01:00)
LQTYUSDT,LQTYUSDT_202604100000,38.82740247701289,2026-04-10 00:00:00,2026-04-10 00:00,2026-04-10 01:00:00,0.2741,0.0,0.2741,2026-04-15 01:00:00,superseded_stronger_hour,,,被更强卖量信号覆盖(旧38.83x → 新136.33x，新信号UTC 2026-04-12 01:00)
SEIUSDT,SEIUSDT_202604100000,38.48388324463796,2026-04-10 00:00:00,2026-04-10 00:00,2026-04-10 01:00:00,0.05659,0.0,0.05659,2026-04-15 01:00:00,superseded_stronger_hour,,,被更强卖量信号覆盖(旧38.48x → 新86.99x，新信号UTC 2026-04-12 01:00)
DOODUSDT,DOODUSDT_202604100000,38.29611774274373,2026-04-10 00:00:00,2026-04-10 00:00,2026-04-10 01:00:00,0.00303,0.0,0.00303,2026-04-15 01:00:00,wait_window_expired,,,等待窗口已届满（earliest_entry+120h 截止）：窗口内仍未触发建仓。常见原因：反弹目标价未触及、资金或日内/小时额度不足、候选按倍数排序较后等。
XLMUSDT,XLMUSDT_202604100000,37.657145908583125,2026-04-10 00:00:00,2026-04-10 00:00,2026-04-10 01:00:00,0.1558,0.0,0.1558,2026-04-15 01:00:00,superseded_stronger_hour,,,被更强卖量信号覆盖(旧37.66x → 新102.52x，新信号UTC 2026-04-12 01:00)
PTBUSDT,PTBUSDT_202604100000,37.466590783424586,2026-04-10 00:00:00,2026-04-10 00:00,2026-04-10 01:00:00,0.0010202,0.0,0.0010202,2026-04-15 01:00:00,wait_window_expired,,,等待窗口已届满（earliest_entry+120h 截止）：窗口内仍未触发建仓。常见原因：反弹目标价未触及、资金或日内/小时额度不足、候选按倍数排序较后等。
RENDERUSDT,RENDERUSDT_202604100000,37.399641364134894,2026-04-10 00:00:00,2026-04-10 00:00,2026-04-10 01:00:00,2.042,0.0,2.042,2026-04-15 01:00:00,superseded_stronger_hour,,,被更强卖量信号覆盖(旧37.40x → 新47.22x，新信号UTC 2026-04-12 01:00)
DENTUSDT,DENTUSDT_202604100000,37.079214089119,2026-04-10 00:00:00,2026-04-10 00:00,2026-04-10 01:00:00,0.000163,0.0,0.000163,2026-04-15 01:00:00,superseded_stronger_hour,,,被更强卖量信号覆盖(旧37.08x → 新88.13x，新信号UTC 2026-04-12 01:00)
RPLUSDT,RPLUSDT_202604100000,36.915448504983395,2026-04-10 00:00:00,2026-04-10 00:00,2026-04-10 01:00:00,1.73,0.0,1.73,2026-04-15 01:00:00,wait_window_expired,,,等待窗口已届满（earliest_entry+120h 截止）：窗口内仍未触发建仓。常见原因：反弹目标价未触及、资金或日内/小时额度不足、候选按倍数排序较后等。
BIOUSDT,BIOUSDT_202604100000,36.62084606412819,2026-04-10 00:00:00,2026-04-10 00:00,2026-04-10 01:00:00,0.01828,0.0,0.01828,2026-04-15 01:00:00,superseded_stronger_hour,,,被更强卖量信号覆盖(旧36.62x → 新64.37x，新信号UTC 2026-04-12 01:00)
ACUUSDT,ACUUSDT_202604100000,36.393873387166295,2026-04-10 00:00:00,2026-04-10 00:00,2026-04-10 01:00:00,0.08362,0.0,0.08362,2026-04-15 01:00:00,wait_window_expired,,,等待窗口已届满（earliest_entry+120h 截止）：窗口内仍未触发建仓。常见原因：反弹目标价未触及、资金或日内/小时额度不足、候选按倍数排序较后等。
BEATUSDT,BEATUSDT_202604100000,36.36046361512008,2026-04-10 00:00:00,2026-04-10 00:00,2026-04-10 01:00:00,0.2801,0.0,0.2801,2026-04-15 01:00:00,wait_window_expired,,,等待窗口已届满（earliest_entry+120h 截止）：窗口内仍未触发建仓。常见原因：反弹目标价未触及、资金或日内/小时额度不足、候选按倍数排序较后等。
XPTUSDT,XPTUSDT_202604100000,36.06765930057928,2026-04-10 00:00:00,2026-04-10 00:00,2026-04-10 01:00:00,2084.88,0.0,2084.88,2026-04-15 01:00:00,wait_window_expired,,,等待窗口已届满（earliest_entry+120h 截止）：窗口内仍未触发建仓。常见原因：反弹目标价未触及、资金或日内/小时额度不足、候选按倍数排序较后等。
CFXUSDT,CFXUSDT_202604100000,35.94882824386941,2026-04-10 00:00:00,2026-04-10 00:00,2026-04-10 01:00:00,0.05141,0.0,0.05141,2026-04-15 01:00:00,superseded_stronger_hour,,,被更强卖量信号覆盖(旧35.95x → 新49.57x，新信号UTC 2026-04-12 01:00)
BLUAIUSDT,BLUAIUSDT_202604100000,35.8141603560873,2026-04-10 00:00:00,2026-04-10 00:00,2026-04-10 01:00:00,0.008456,0.0,0.008456,2026-04-15 01:00:00,superseded_stronger_hour,,,被更强卖量信号覆盖(旧35.81x → 新50.34x，新信号UTC 2026-04-12 01:00)
2ZUSDT,2ZUSDT_202604100000,35.744975625276986,2026-04-10 00:00:00,2026-04-10 00:00,2026-04-10 01:00:00,0.07978,0.0,0.07978,2026-04-15 01:00:00,wait_window_expired,,,等待窗口已届满（earliest_entry+120h 截止）：窗口内仍未触发建仓。常见原因：反弹目标价未触及、资金或日内/小时额度不足、候选按倍数排序较后等。
BANANAS31USDT,BANANAS31USDT_202604100000,35.73801849330647,2026-04-10 00:00:00,2026-04-10 00:00,2026-04-10 01:00:00,0.009653,0.0,0.009653,2026-04-15 01:00:00,superseded_stronger_hour,,,被更强卖量信号覆盖(旧35.74x → 新37.87x，新信号UTC 2026-04-14 05:00)
MEWUSDT,MEWUSDT_202604100000,35.32000216191133,2026-04-10 00:00:00,2026-04-10 00:00,2026-04-10 01:00:00,0.0005874,0.0,0.0005874,2026-04-15 01:00:00,superseded_stronger_hour,,,被更强卖量信号覆盖(旧35.32x → 新75.31x，新信号UTC 2026-04-12 01:00)
VVVUSDT,VVVUSDT_202604100000,35.252710678224574,2026-04-10 00:00:00,2026-04-10 00:00,2026-04-10 01:00:00,7.641,0.0,7.641,2026-04-15 01:00:00,wait_window_expired,,,等待窗口已届满（earliest_entry+120h 截止）：窗口内仍未触发建仓。常见原因：反弹目标价未触及、资金或日内/小时额度不足、候选按倍数排序较后等。
NEOUSDT,NEOUSDT_202604100000,34.83596068959462,2026-04-10 00:00:00,2026-04-10 00:00,2026-04-10 01:00:00,2.768,0.0,2.768,2026-04-15 01:00:00,wait_window_expired,,,等待窗口已届满（earliest_entry+120h 截止）：窗口内仍未触发建仓。常见原因：反弹目标价未触及、资金或日内/小时额度不足、候选按倍数排序较后等。
MITOUSDT,MITOUSDT_202604100000,34.75715895439688,2026-04-10 00:00:00,2026-04-10 00:00,2026-04-10 01:00:00,0.03681,0.0,0.03681,2026-04-15 01:00:00,superseded_stronger_hour,,,被更强卖量信号覆盖(旧34.76x → 新128.91x，新信号UTC 2026-04-13 10:00)
TUTUSDT,TUTUSDT_202604100000,34.425757130569394,2026-04-10 00:00:00,2026-04-10 00:00,2026-04-10 01:00:00,0.00892,0.0,0.00892,2026-04-15 01:00:00,superseded_stronger_hour,,,被更强卖量信号覆盖(旧34.43x → 新63.41x，新信号UTC 2026-04-14 00:00)
ZENUSDT,ZENUSDT_202604100000,34.00237238889661,2026-04-10 00:00:00,2026-04-10 00:00,2026-04-10 01:00:00,5.912,0.0,5.912,2026-04-15 01:00:00,superseded_stronger_hour,,,被更强卖量信号覆盖(旧34.00x → 新34.81x，新信号UTC 2026-04-14 05:00)
AAPLUSDT,AAPLUSDT_202604100000,33.99596192673781,2026-04-10 00:00:00,2026-04-10 00:00,2026-04-10 01:00:00,260.1,0.0,260.1,2026-04-15 01:00:00,superseded_stronger_hour,,,被更强卖量信号覆盖(旧34.00x → 新105.07x，新信号UTC 2026-04-12 01:00)
BANUSDT,BANUSDT_202604100000,33.97989956893794,2026-04-10 00:00:00,2026-04-10 00:00,2026-04-10 01:00:00,0.05631,0.0,0.05631,2026-04-15 01:00:00,wait_window_expired,,,等待窗口已届满（earliest_entry+120h 截止）：窗口内仍未触发建仓。常见原因：反弹目标价未触及、资金或日内/小时额度不足、候选按倍数排序较后等。
KSMUSDT,KSMUSDT_202604100000,33.970836431827735,2026-04-10 00:00:00,2026-04-10 00:00,2026-04-10 01:00:00,4.187,0.0,4.187,2026-04-15 01:00:00,superseded_stronger_hour,,,被更强卖量信号覆盖(旧33.97x → 新53.41x，新信号UTC 2026-04-12 01:00)
ORDERUSDT,ORDERUSDT_202604100000,33.62482249859222,2026-04-10 00:00:00,2026-04-10 00:00,2026-04-10 01:00:00,0.06717,0.0,0.06717,2026-04-15 01:00:00,wait_window_expired,,,等待窗口已届满（earliest_entry+120h 截止）：窗口内仍未触发建仓。常见原因：反弹目标价未触及、资金或日内/小时额度不足、候选按倍数排序较后等。
AXSUSDT,AXSUSDT_202604100000,33.52620608063698,2026-04-10 00:00:00,2026-04-10 00:00,2026-04-10 01:00:00,1.127,0.0,1.127,2026-04-15 01:00:00,superseded_stronger_hour,,,被更强卖量信号覆盖(旧33.53x → 新104.69x，新信号UTC 2026-04-14 00:00)
ZKJUSDT,ZKJUSDT_202604100000,33.371643312754316,2026-04-10 00:00:00,2026-04-10 00:00,2026-04-10 01:00:00,0.01966,0.0,0.01966,2026-04-15 01:00:00,superseded_stronger_hour,,,被更强卖量信号覆盖(旧33.37x → 新71.33x，新信号UTC 2026-04-12 01:00)
METISUSDT,METISUSDT_202604100000,33.269803481359546,2026-04-10 00:00:00,2026-04-10 00:00,2026-04-10 01:00:00,2.948,0.0,2.948,2026-04-15 01:00:00,superseded_stronger_hour,,,被更强卖量信号覆盖(旧33.27x → 新46.14x，新信号UTC 2026-04-12 01:00)
MOVRUSDT,MOVRUSDT_202604100000,33.240331018633604,2026-04-10 00:00:00,2026-04-10 00:00,2026-04-10 01:00:00,1.234,0.0,1.234,2026-04-15 01:00:00,wait_window_expired,,,等待窗口已届满（earliest_entry+120h 截止）：窗口内仍未触发建仓。常见原因：反弹目标价未触及、资金或日内/小时额度不足、候选按倍数排序较后等。
1000XECUSDT,1000XECUSDT_202604100000,33.14621199139741,2026-04-10 00:00:00,2026-04-10 00:00,2026-04-10 01:00:00,0.00695,0.0,0.00695,2026-04-15 01:00:00,superseded_stronger_hour,,,被更强卖量信号覆盖(旧33.15x → 新69.68x，新信号UTC 2026-04-12 01:00)
LSKUSDT,LSKUSDT_202604100000,33.08002686366689,2026-04-10 00:00:00,2026-04-10 00:00,2026-04-10 01:00:00,0.129,0.0,0.129,2026-04-15 01:00:00,wait_window_expired,,,等待窗口已届满（earliest_entry+120h 截止）：窗口内仍未触发建仓。常见原因：反弹目标价未触及、资金或日内/小时额度不足、候选按倍数排序较后等。
USTCUSDT,USTCUSDT_202604100000,33.05858773720265,2026-04-10 00:00:00,2026-04-10 00:00,2026-04-10 01:00:00,0.004714,0.0,0.004714,2026-04-15 01:00:00,wait_window_expired,,,等待窗口已届满（earliest_entry+120h 截止）：窗口内仍未触发建仓。常见原因：反弹目标价未触及、资金或日内/小时额度不足、候选按倍数排序较后等。
ERAUSDT,ERAUSDT_202604100000,32.95247427731504,2026-04-10 00:00:00,2026-04-10 00:00,2026-04-10 01:00:00,0.1255,0.0,0.1255,2026-04-15 01:00:00,superseded_stronger_hour,,,被更强卖量信号覆盖(旧32.95x → 新56.59x，新信号UTC 2026-04-12 01:00)
CELOUSDT,CELOUSDT_202604100000,32.55518220311309,2026-04-10 00:00:00,2026-04-10 00:00,2026-04-10 01:00:00,0.08107,0.0,0.08107,2026-04-15 01:00:00,superseded_stronger_hour,,,被更强卖量信号覆盖(旧32.56x → 新90.97x，新信号UTC 2026-04-12 01:00)
GASUSDT,GASUSDT_202604100000,32.40978525896517,2026-04-10 00:00:00,2026-04-10 00:00,2026-04-10 01:00:00,1.753,0.0,1.753,2026-04-15 01:00:00,wait_window_expired,,,等待窗口已届满（earliest_entry+120h 截止）：窗口内仍未触发建仓。常见原因：反弹目标价未触及、资金或日内/小时额度不足、候选按倍数排序较后等。
SUNUSDT,SUNUSDT_202604100000,32.36897098592141,2026-04-10 00:00:00,2026-04-10 00:00,2026-04-10 01:00:00,0.017793,0.0,0.017793,2026-04-15 01:00:00,wait_window_expired,,,等待窗口已届满（earliest_entry+120h 截止）：窗口内仍未触发建仓。常见原因：反弹目标价未触及、资金或日内/小时额度不足、候选按倍数排序较后等。
HUSDT,HUSDT_202604100000,32.301692581602374,2026-04-10 00:00:00,2026-04-10 00:00,2026-04-10 01:00:00,0.08568,0.0,0.08568,2026-04-15 01:00:00,superseded_stronger_hour,,,被更强卖量信号覆盖(旧32.30x → 新33.53x，新信号UTC 2026-04-14 00:00)
ENSOUSDT,ENSOUSDT_202604100000,32.08552712069468,2026-04-10 00:00:00,2026-04-10 00:00,2026-04-10 01:00:00,0.925,0.0,0.925,2026-04-15 01:00:00,superseded_stronger_hour,,,被更强卖量信号覆盖(旧32.09x → 新48.03x，新信号UTC 2026-04-12 01:00)
STGUSDT,STGUSDT_202604100000,32.040391592662274,2026-04-10 00:00:00,2026-04-10 00:00,2026-04-10 01:00:00,0.2045,0.0,0.2045,2026-04-15 01:00:00,superseded_stronger_hour,,,被更强卖量信号覆盖(旧32.04x → 新34.46x，新信号UTC 2026-04-12 01:00)
1000CATUSDT,1000CATUSDT_202604100000,31.9311791771773,2026-04-10 00:00:00,2026-04-10 00:00,2026-04-10 01:00:00,0.001673,0.0,0.001673,2026-04-15 01:00:00,superseded_stronger_hour,,,被更强卖量信号覆盖(旧31.93x → 新48.97x，新信号UTC 2026-04-12 01:00)
SUIUSDT,SUIUSDT_202604100000,31.7004822307671,2026-04-10 00:00:00,2026-04-10 00:00,2026-04-10 01:00:00,0.9289,0.0,0.9289,2026-04-15 01:00:00,superseded_stronger_hour,,,被更强卖量信号覆盖(旧31.70x → 新112.59x，新信号UTC 2026-04-12 01:00)
SCRTUSDT,SCRTUSDT_202604100000,31.63930389191827,2026-04-10 00:00:00,2026-04-10 00:00,2026-04-10 01:00:00,0.09031,0.0,0.09031,2026-04-15 01:00:00,superseded_stronger_hour,,,被更强卖量信号覆盖(旧31.64x → 新52.70x，新信号UTC 2026-04-12 01:00)
AIOTUSDT,AIOTUSDT_202604100000,31.61326777881714,2026-04-10 00:00:00,2026-04-10 00:00,2026-04-10 01:00:00,0.03433,0.0,0.03433,2026-04-15 01:00:00,superseded_stronger_hour,,,被更强卖量信号覆盖(旧31.61x → 新36.23x，新信号UTC 2026-04-11 14:00)
TRUMPUSDT,TRUMPUSDT_202604100000,31.611122377538923,2026-04-10 00:00:00,2026-04-10 00:00,2026-04-10 01:00:00,2.913,0.0,2.913,2026-04-15 01:00:00,superseded_stronger_hour,,,被更强卖量信号覆盖(旧31.61x → 新49.69x，新信号UTC 2026-04-12 01:00)
ARKMUSDT,ARKMUSDT_202604100000,31.54607340550575,2026-04-10 00:00:00,2026-04-10 00:00,2026-04-10 01:00:00,0.0998,0.0,0.0998,2026-04-15 01:00:00,superseded_stronger_hour,,,被更强卖量信号覆盖(旧31.55x → 新54.63x，新信号UTC 2026-04-12 01:00)
TACUSDT,TACUSDT_202604100000,31.41842913084002,2026-04-10 00:00:00,2026-04-10 00:00,2026-04-10 01:00:00,0.004013,0.0,0.004013,2026-04-15 01:00:00,wait_window_expired,,,等待窗口已届满（earliest_entry+120h 截止）：窗口内仍未触发建仓。常见原因：反弹目标价未触及、资金或日内/小时额度不足、候选按倍数排序较后等。
LUNA2USDT,LUNA2USDT_202604100000,31.22803384865546,2026-04-10 00:00:00,2026-04-10 00:00,2026-04-10 01:00:00,0.05505,0.0,0.05505,2026-04-15 01:00:00,wait_window_expired,,,等待窗口已届满（earliest_entry+120h 截止）：窗口内仍未触发建仓。常见原因：反弹目标价未触及、资金或日内/小时额度不足、候选按倍数排序较后等。
SIGNUSDT,SIGNUSDT_202604100000,30.897928236121142,2026-04-10 00:00:00,2026-04-10 00:00,2026-04-10 01:00:00,0.03334,0.0,0.03334,2026-04-15 01:00:00,superseded_stronger_hour,,,被更强卖量信号覆盖(旧30.90x → 新31.06x，新信号UTC 2026-04-12 01:00)
RIFUSDT,RIFUSDT_202604100000,30.86101509291899,2026-04-10 00:00:00,2026-04-10 00:00,2026-04-10 01:00:00,0.03517,0.0,0.03517,2026-04-15 01:00:00,wait_window_expired,,,等待窗口已届满（earliest_entry+120h 截止）：窗口内仍未触发建仓。常见原因：反弹目标价未触及、资金或日内/小时额度不足、候选按倍数排序较后等。
RSRUSDT,RSRUSDT_202604100000,30.82107436067594,2026-04-10 00:00:00,2026-04-10 00:00,2026-04-10 01:00:00,0.001472,0.0,0.001472,2026-04-15 01:00:00,superseded_stronger_hour,,,被更强卖量信号覆盖(旧30.82x → 新105.05x，新信号UTC 2026-04-12 01:00)
GRTUSDT,GRTUSDT_202604100000,30.81686934233537,2026-04-10 00:00:00,2026-04-10 00:00,2026-04-10 01:00:00,0.02422,0.0,0.02422,2026-04-15 01:00:00,superseded_stronger_hour,,,被更强卖量信号覆盖(旧30.82x → 新149.31x，新信号UTC 2026-04-12 01:00)
BTCDOMUSDT,BTCDOMUSDT_202604100000,30.62622549019608,2026-04-10 00:00:00,2026-04-10 00:00,2026-04-10 01:00:00,5259.8,0.0,5259.8,2026-04-15 01:00:00,superseded_stronger_hour,,,被更强卖量信号覆盖(旧30.63x → 新64.65x，新信号UTC 2026-04-12 01:00)
THEUSDT,THEUSDT_202604100000,30.523458594037137,2026-04-10 00:00:00,2026-04-10 00:00,2026-04-10 01:00:00,0.1013,0.0,0.1013,2026-04-15 01:00:00,superseded_stronger_hour,,,被更强卖量信号覆盖(旧30.52x → 新57.16x，新信号UTC 2026-04-12 01:00)
SFPUSDT,SFPUSDT_202604100000,30.480797926647295,2026-04-10 00:00:00,2026-04-10 00:00,2026-04-10 01:00:00,0.2918,0.0,0.2918,2026-04-15 01:00:00,superseded_stronger_hour,,,被更强卖量信号覆盖(旧30.48x → 新45.04x，新信号UTC 2026-04-14 00:00)
BARDUSDT,BARDUSDT_202604100000,30.455757580374538,2026-04-10 00:00:00,2026-04-10 00:00,2026-04-10 01:00:00,0.3237,0.0,0.3237,2026-04-15 01:00:00,wait_window_expired,,,等待窗口已届满（earliest_entry+120h 截止）：窗口内仍未触发建仓。常见原因：反弹目标价未触及、资金或日内/小时额度不足、候选按倍数排序较后等。
ACTUSDT,ACTUSDT_202604100000,30.44453397968576,2026-04-10 00:00:00,2026-04-10 00:00,2026-04-10 01:00:00,0.01226,0.0,0.01226,2026-04-15 01:00:00,superseded_stronger_hour,,,被更强卖量信号覆盖(旧30.44x → 新68.29x，新信号UTC 2026-04-12 01:00)
BELUSDT,BELUSDT_202604100000,30.401115957405008,2026-04-10 00:00:00,2026-04-10 00:00,2026-04-10 01:00:00,0.1002,0.0,0.1002,2026-04-15 01:00:00,wait_window_expired,,,等待窗口已届满（earliest_entry+120h 截止）：窗口内仍未触发建仓。常见原因：反弹目标价未触及、资金或日内/小时额度不足、候选按倍数排序较后等。
MEUSDT,MEUSDT_202604100000,30.31993211366452,2026-04-10 00:00:00,2026-04-10 00:00,2026-04-10 01:00:00,0.1041,0.0,0.1041,2026-04-15 01:00:00,superseded_stronger_hour,,,被更强卖量信号覆盖(旧30.32x → 新34.12x，新信号UTC 2026-04-12 01:00)
JELLYJELLYUSDT,JELLYJELLYUSDT_202604100200,249.4467672536706,2026-04-10 02:00:00,2026-04-10 02:00,2026-04-10 03:00:00,0.04518,0.0,0.04518,2026-04-15 03:00:00,entered,2026-04-10 03:05:00,0.044880,触发目标价并建仓（理论0.045180，实际0.044880）
NATGASUSDT,NATGASUSDT_202604100200,155.4567135181539,2026-04-10 02:00:00,2026-04-10 02:00,2026-04-10 03:00:00,2.735,0.0,2.735,2026-04-15 03:00:00,wait_window_expired,,,等待窗口已届满（earliest_entry+120h 截止）：窗口内仍未触发建仓。常见原因：反弹目标价未触及、资金或日内/小时额度不足、候选按倍数排序较后等。
HIGHUSDT,HIGHUSDT_202604100200,59.03702113136073,2026-04-10 02:00:00,2026-04-10 02:00,2026-04-10 03:00:00,0.1321,0.0,0.1321,2026-04-15 03:00:00,wait_window_expired,,,等待窗口已届满（earliest_entry+120h 截止）：窗口内仍未触发建仓。常见原因：反弹目标价未触及、资金或日内/小时额度不足、候选按倍数排序较后等。
LABUSDT,LABUSDT_202604100200,57.6459813872501,2026-04-10 02:00:00,2026-04-10 02:00,2026-04-10 03:00:00,0.45218,0.0,0.45218,2026-04-15 03:00:00,wait_window_expired,,,等待窗口已届满（earliest_entry+120h 截止）：窗口内仍未触发建仓。常见原因：反弹目标价未触及、资金或日内/小时额度不足、候选按倍数排序较后等。
CETUSUSDT,CETUSUSDT_202604100200,57.34680997094537,2026-04-10 02:00:00,2026-04-10 02:00,2026-04-10 03:00:00,0.02014,0.0,0.02014,2026-04-15 03:00:00,wait_window_expired,,,等待窗口已届满（earliest_entry+120h 截止）：窗口内仍未触发建仓。常见原因：反弹目标价未触及、资金或日内/小时额度不足、候选按倍数排序较后等。
BANKUSDT,BANKUSDT_202604100200,46.69235645455305,2026-04-10 02:00:00,2026-04-10 02:00,2026-04-10 03:00:00,0.03262,0.0,0.03262,2026-04-15 03:00:00,wait_window_expired,,,等待窗口已届满（earliest_entry+120h 截止）：窗口内仍未触发建仓。常见原因：反弹目标价未触及、资金或日内/小时额度不足、候选按倍数排序较后等。
KAVAUSDT,KAVAUSDT_202604100200,46.38689989014675,2026-04-10 02:00:00,2026-04-10 02:00,2026-04-10 03:00:00,0.053,0.0,0.053,2026-04-15 03:00:00,wait_window_expired,,,等待窗口已届满（earliest_entry+120h 截止）：窗口内仍未触发建仓。常见原因：反弹目标价未触及、资金或日内/小时额度不足、候选按倍数排序较后等。
USUSDT,USUSDT_202604100200,43.1758004783896,2026-04-10 02:00:00,2026-04-10 02:00,2026-04-10 03:00:00,0.00544,0.0,0.00544,2026-04-15 03:00:00,superseded_stronger_hour,,,被更强卖量信号覆盖(旧43.18x → 新61.24x，新信号UTC 2026-04-14 00:00)
REZUSDT,REZUSDT_202604100200,41.9531212065245,2026-04-10 02:00:00,2026-04-10 02:00,2026-04-10 03:00:00,0.003642,0.0,0.003642,2026-04-15 03:00:00,wait_window_expired,,,等待窗口已届满（earliest_entry+120h 截止）：窗口内仍未触发建仓。常见原因：反弹目标价未触及、资金或日内/小时额度不足、候选按倍数排序较后等。
ESPORTSUSDT,ESPORTSUSDT_202604100200,39.36207437354058,2026-04-10 02:00:00,2026-04-10 02:00,2026-04-10 03:00:00,0.44011,0.0,0.44011,2026-04-15 03:00:00,superseded_stronger_hour,,,被更强卖量信号覆盖(旧39.36x → 新108.62x，新信号UTC 2026-04-12 01:00)
PRLUSDT,PRLUSDT_202604100200,37.45837990184168,2026-04-10 02:00:00,2026-04-10 02:00,2026-04-10 03:00:00,0.1667,0.0,0.1667,2026-04-15 03:00:00,wait_window_expired,,,等待窗口已届满（earliest_entry+120h 截止）：窗口内仍未触发建仓。常见原因：反弹目标价未触及、资金或日内/小时额度不足、候选按倍数排序较后等。
HYPEUSDT,HYPEUSDT_202604100200,37.31441999469557,2026-04-10 02:00:00,2026-04-10 02:00,2026-04-10 03:00:00,40.32,0.0,40.32,2026-04-15 03:00:00,superseded_stronger_hour,,,被更强卖量信号覆盖(旧37.31x → 新174.57x，新信号UTC 2026-04-12 01:00)
INTCUSDT,INTCUSDT_202604100200,36.21031848327903,2026-04-10 02:00:00,2026-04-10 02:00,2026-04-10 03:00:00,62.43,0.0,62.43,2026-04-15 03:00:00,superseded_stronger_hour,,,被更强卖量信号覆盖(旧36.21x → 新212.83x，新信号UTC 2026-04-12 01:00)
ALTUSDT,ALTUSDT_202604100200,35.956399261446,2026-04-10 02:00:00,2026-04-10 02:00,2026-04-10 03:00:00,0.006699,0.0,0.006699,2026-04-15 03:00:00,superseded_stronger_hour,,,被更强卖量信号覆盖(旧35.96x → 新41.32x，新信号UTC 2026-04-12 01:00)
SCRUSDT,SCRUSDT_202604100200,35.11938712506856,2026-04-10 02:00:00,2026-04-10 02:00,2026-04-10 03:00:00,0.04335,0.0,0.04335,2026-04-15 03:00:00,wait_window_expired,,,等待窗口已届满（earliest_entry+120h 截止）：窗口内仍未触发建仓。常见原因：反弹目标价未触及、资金或日内/小时额度不足、候选按倍数排序较后等。
TAKEUSDT,TAKEUSDT_202604100200,34.060751904962274,2026-04-10 02:00:00,2026-04-10 02:00,2026-04-10 03:00:00,0.02075,0.0,0.02075,2026-04-15 03:00:00,wait_window_expired,,,等待窗口已届满（earliest_entry+120h 截止）：窗口内仍未触发建仓。常见原因：反弹目标价未触及、资金或日内/小时额度不足、候选按倍数排序较后等。
CFGUSDT,CFGUSDT_202604100200,33.142245956742414,2026-04-10 02:00:00,2026-04-10 02:00,2026-04-10 03:00:00,0.219,0.0,0.219,2026-04-15 03:00:00,wait_window_expired,,,等待窗口已届满（earliest_entry+120h 截止）：窗口内仍未触发建仓。常见原因：反弹目标价未触及、资金或日内/小时额度不足、候选按倍数排序较后等。
ACEUSDT,ACEUSDT_202604100200,32.90321792065055,2026-04-10 02:00:00,2026-04-10 02:00,2026-04-10 03:00:00,0.121,0.0,0.121,2026-04-15 03:00:00,superseded_stronger_hour,,,被更强卖量信号覆盖(旧32.90x → 新68.97x，新信号UTC 2026-04-12 01:00)
ENAUSDT,ENAUSDT_202604100200,31.977063021119555,2026-04-10 02:00:00,2026-04-10 02:00,2026-04-10 03:00:00,0.0934,0.0,0.0934,2026-04-15 03:00:00,superseded_stronger_hour,,,被更强卖量信号覆盖(旧31.98x → 新85.33x，新信号UTC 2026-04-12 01:00)
STRKUSDT,STRKUSDT_202604100200,30.289645628476322,2026-04-10 02:00:00,2026-04-10 02:00,2026-04-10 03:00:00,0.03435,0.0,0.03435,2026-04-15 03:00:00,superseded_stronger_hour,,,被更强卖量信号覆盖(旧30.29x → 新31.49x，新信号UTC 2026-04-12 01:00)
XVGUSDT,XVGUSDT_202604100200,30.274902848702865,2026-04-10 02:00:00,2026-04-10 02:00,2026-04-10 03:00:00,0.004903,0.0,0.004903,2026-04-15 03:00:00,superseded_stronger_hour,,,被更强卖量信号覆盖(旧30.27x → 新53.73x，新信号UTC 2026-04-12 01:00)
AZTECUSDT,AZTECUSDT_202604100500,189.80313723820873,2026-04-10 05:00:00,2026-04-10 05:00,2026-04-10 06:00:00,0.02069,0.0,0.02069,2026-04-15 06:00:00,entered,2026-04-10 06:05:00,0.020720,触发目标价并建仓（理论0.020690，实际0.020720）
XNYUSDT,XNYUSDT_202604100500,151.6288614610756,2026-04-10 05:00:00,2026-04-10 05:00,2026-04-10 06:00:00,0.003265,0.0,0.003265,2026-04-15 06:00:00,wait_window_expired,,,等待窗口已届满（earliest_entry+120h 截止）：窗口内仍未触发建仓。常见原因：反弹目标价未触及、资金或日内/小时额度不足、候选按倍数排序较后等。
MTLUSDT,MTLUSDT_202604100500,80.98590283169207,2026-04-10 05:00:00,2026-04-10 05:00,2026-04-10 06:00:00,0.2878,0.0,0.2878,2026-04-15 06:00:00,wait_window_expired,,,等待窗口已届满（earliest_entry+120h 截止）：窗口内仍未触发建仓。常见原因：反弹目标价未触及、资金或日内/小时额度不足、候选按倍数排序较后等。
TRIAUSDT,TRIAUSDT_202604100500,49.049816900958014,2026-04-10 05:00:00,2026-04-10 05:00,2026-04-10 06:00:00,0.02547,0.0,0.02547,2026-04-15 06:00:00,wait_window_expired,,,等待窗口已届满（earliest_entry+120h 截止）：窗口内仍未触发建仓。常见原因：反弹目标价未触及、资金或日内/小时额度不足、候选按倍数排序较后等。
BSVUSDT,BSVUSDT_202604100500,47.242547195024166,2026-04-10 05:00:00,2026-04-10 05:00,2026-04-10 06:00:00,16.21,0.0,16.21,2026-04-15 06:00:00,superseded_stronger_hour,,,被更强卖量信号覆盖(旧47.24x → 新66.23x，新信号UTC 2026-04-12 01:00)
PLUMEUSDT,PLUMEUSDT_202604100500,33.28610281644565,2026-04-10 05:00:00,2026-04-10 05:00,2026-04-10 06:00:00,0.00966,0.0,0.00966,2026-04-15 06:00:00,superseded_stronger_hour,,,被更强卖量信号覆盖(旧33.29x → 新116.39x，新信号UTC 2026-04-12 01:00)
ZKCUSDT,ZKCUSDT_202604100500,33.173782366861204,2026-04-10 05:00:00,2026-04-10 05:00,2026-04-10 06:00:00,0.07032,0.0,0.07032,2026-04-15 06:00:00,wait_window_expired,,,等待窗口已届满（earliest_entry+120h 截止）：窗口内仍未触发建仓。常见原因：反弹目标价未触及、资金或日内/小时额度不足、候选按倍数排序较后等。
WIFUSDT,WIFUSDT_202604100500,31.526650259903136,2026-04-10 05:00:00,2026-04-10 05:00,2026-04-10 06:00:00,0.2005,0.0,0.2005,2026-04-15 06:00:00,superseded_stronger_hour,,,被更强卖量信号覆盖(旧31.53x → 新44.90x，新信号UTC 2026-04-12 01:00)
AINUSDT,AINUSDT_202604111400,68.28897597289443,2026-04-11 14:00:00,2026-04-11 14:00,2026-04-11 15:00:00,0.06642,0.0,0.06642,2026-04-16 15:00:00,entered,2026-04-11 15:05:00,0.066080,触发目标价并建仓（理论0.066420，实际0.066080）
TAGUSDT,TAGUSDT_202604111400,42.03384918092209,2026-04-11 14:00:00,2026-04-11 14:00,2026-04-11 15:00:00,0.0006776,0.0,0.0006776,2026-04-16 15:00:00,wait_window_expired,,,等待窗口已届满（earliest_entry+120h 截止）：窗口内仍未触发建仓。常见原因：反弹目标价未触及、资金或日内/小时额度不足、候选按倍数排序较后等。
AIOTUSDT,AIOTUSDT_202604111400,36.23130405732831,2026-04-11 14:00:00,2026-04-11 14:00,2026-04-11 15:00:00,0.05485,0.0,0.05485,2026-04-16 15:00:00,wait_window_expired,,,等待窗口已届满（earliest_entry+120h 截止）：窗口内仍未触发建仓。常见原因：反弹目标价未触及、资金或日内/小时额度不足、候选按倍数排序较后等。
MANTAUSDT,MANTAUSDT_202604111800,186.39362026516974,2026-04-11 18:00:00,2026-04-11 18:00,2026-04-11 19:00:00,0.0665,0.0,0.0665,2026-04-16 19:00:00,entered,2026-04-11 19:05:00,0.066170,触发目标价并建仓（理论0.066500，实际0.066170）
NOTUSDT,NOTUSDT_202604111800,38.324602563686,2026-04-11 18:00:00,2026-04-11 18:00,2026-04-11 19:00:00,0.0004128,0.0,0.0004128,2026-04-16 19:00:00,superseded_stronger_hour,,,被更强卖量信号覆盖(旧38.32x → 新49.40x，新信号UTC 2026-04-14 05:00)
SPYUSDT,SPYUSDT_202604120100,293.20060331825044,2026-04-12 01:00:00,2026-04-12 01:00,2026-04-12 02:00:00,677.93,0.0,677.93,2026-04-17 02:00:00,entered,2026-04-12 02:05:00,677.860000,触发目标价并建仓（理论677.930000，实际677.860000）
ETHFIUSDT,ETHFIUSDT_202604120100,286.3438832929222,2026-04-12 01:00:00,2026-04-12 01:00,2026-04-12 02:00:00,0.4383,0.0,0.4383,2026-04-17 02:00:00,wait_window_expired,,,等待窗口已届满（earliest_entry+120h 截止）：窗口内仍未触发建仓。常见原因：反弹目标价未触及、资金或日内/小时额度不足、候选按倍数排序较后等。
EWYUSDT,EWYUSDT_202604120100,274.6142976411509,2026-04-12 01:00:00,2026-04-12 01:00,2026-04-12 02:00:00,136.74,0.0,136.74,2026-04-17 02:00:00,wait_window_expired,,,等待窗口已届满（earliest_entry+120h 截止）：窗口内仍未触发建仓。常见原因：反弹目标价未触及、资金或日内/小时额度不足、候选按倍数排序较后等。
SOLUSDT,SOLUSDT_202604120100,268.0013323825021,2026-04-12 01:00:00,2026-04-12 01:00,2026-04-12 02:00:00,82.24,0.0,82.24,2026-04-17 02:00:00,wait_window_expired,,,等待窗口已届满（earliest_entry+120h 截止）：窗口内仍未触发建仓。常见原因：反弹目标价未触及、资金或日内/小时额度不足、候选按倍数排序较后等。
1000SATSUSDT,1000SATSUSDT_202604120100,256.7135284898256,2026-04-12 01:00:00,2026-04-12 01:00,2026-04-12 02:00:00,1.1e-05,0.0,1.1e-05,2026-04-17 02:00:00,wait_window_expired,,,等待窗口已届满（earliest_entry+120h 截止）：窗口内仍未触发建仓。常见原因：反弹目标价未触及、资金或日内/小时额度不足、候选按倍数排序较后等。
SUSDT,SUSDT_202604120100,229.6650140918435,2026-04-12 01:00:00,2026-04-12 01:00,2026-04-12 02:00:00,0.04032,0.0,0.04032,2026-04-17 02:00:00,wait_window_expired,,,等待窗口已届满（earliest_entry+120h 截止）：窗口内仍未触发建仓。常见原因：反弹目标价未触及、资金或日内/小时额度不足、候选按倍数排序较后等。
BNBUSDT,BNBUSDT_202604120100,227.97979738427225,2026-04-12 01:00:00,2026-04-12 01:00,2026-04-12 02:00:00,593.81,0.0,593.81,2026-04-17 02:00:00,wait_window_expired,,,等待窗口已届满（earliest_entry+120h 截止）：窗口内仍未触发建仓。常见原因：反弹目标价未触及、资金或日内/小时额度不足、候选按倍数排序较后等。
ALLUSDT,ALLUSDT_202604120100,217.73504751257687,2026-04-12 01:00:00,2026-04-12 01:00,2026-04-12 02:00:00,0.4828,0.0,0.4828,2026-04-17 02:00:00,wait_window_expired,,,等待窗口已届满（earliest_entry+120h 截止）：窗口内仍未触发建仓。常见原因：反弹目标价未触及、资金或日内/小时额度不足、候选按倍数排序较后等。
HIVEUSDT,HIVEUSDT_202604120100,213.22959939168368,2026-04-12 01:00:00,2026-04-12 01:00,2026-04-12 02:00:00,0.05906,0.0,0.05906,2026-04-17 02:00:00,wait_window_expired,,,等待窗口已届满（earliest_entry+120h 截止）：窗口内仍未触发建仓。常见原因：反弹目标价未触及、资金或日内/小时额度不足、候选按倍数排序较后等。
INTCUSDT,INTCUSDT_202604120100,212.82639274477143,2026-04-12 01:00:00,2026-04-12 01:00,2026-04-12 02:00:00,62.23,0.0,62.23,2026-04-17 02:00:00,wait_window_expired,,,等待窗口已届满（earliest_entry+120h 截止）：窗口内仍未触发建仓。常见原因：反弹目标价未触及、资金或日内/小时额度不足、候选按倍数排序较后等。
ENSUSDT,ENSUSDT_202604120100,210.30255816401726,2026-04-12 01:00:00,2026-04-12 01:00,2026-04-12 02:00:00,5.617,0.0,5.617,2026-04-17 02:00:00,wait_window_expired,,,等待窗口已届满（earliest_entry+120h 截止）：窗口内仍未触发建仓。常见原因：反弹目标价未触及、资金或日内/小时额度不足、候选按倍数排序较后等。
AXLUSDT,AXLUSDT_202604120100,197.45246449641925,2026-04-12 01:00:00,2026-04-12 01:00,2026-04-12 02:00:00,0.04462,0.0,0.04462,2026-04-17 02:00:00,wait_window_expired,,,等待窗口已届满（earliest_entry+120h 截止）：窗口内仍未触发建仓。常见原因：反弹目标价未触及、资金或日内/小时额度不足、候选按倍数排序较后等。
IOTAUSDT,IOTAUSDT_202604120100,189.64137313185333,2026-04-12 01:00:00,2026-04-12 01:00,2026-04-12 02:00:00,0.0564,0.0,0.0564,2026-04-17 02:00:00,wait_window_expired,,,等待窗口已届满（earliest_entry+120h 截止）：窗口内仍未触发建仓。常见原因：反弹目标价未触及、资金或日内/小时额度不足、候选按倍数排序较后等。
HYPEUSDT,HYPEUSDT_202604120100,174.57087270830195,2026-04-12 01:00:00,2026-04-12 01:00,2026-04-12 02:00:00,41.089,0.0,41.089,2026-04-17 02:00:00,wait_window_expired,,,等待窗口已届满（earliest_entry+120h 截止）：窗口内仍未触发建仓。常见原因：反弹目标价未触及、资金或日内/小时额度不足、候选按倍数排序较后等。
SPXUSDT,SPXUSDT_202604120100,172.54582351451887,2026-04-12 01:00:00,2026-04-12 01:00,2026-04-12 02:00:00,0.3075,0.0,0.3075,2026-04-17 02:00:00,wait_window_expired,,,等待窗口已届满（earliest_entry+120h 截止）：窗口内仍未触发建仓。常见原因：反弹目标价未触及、资金或日内/小时额度不足、候选按倍数排序较后等。
HOODUSDT,HOODUSDT_202604120100,166.17289101455174,2026-04-12 01:00:00,2026-04-12 01:00,2026-04-12 02:00:00,69.06,0.0,69.06,2026-04-17 02:00:00,wait_window_expired,,,等待窗口已届满（earliest_entry+120h 截止）：窗口内仍未触发建仓。常见原因：反弹目标价未触及、资金或日内/小时额度不足、候选按倍数排序较后等。
KAIAUSDT,KAIAUSDT_202604120100,164.553576741616,2026-04-12 01:00:00,2026-04-12 01:00,2026-04-12 02:00:00,0.04664,0.0,0.04664,2026-04-17 02:00:00,wait_window_expired,,,等待窗口已届满（earliest_entry+120h 截止）：窗口内仍未触发建仓。常见原因：反弹目标价未触及、资金或日内/小时额度不足、候选按倍数排序较后等。
MBOXUSDT,MBOXUSDT_202604120100,163.75151746895634,2026-04-12 01:00:00,2026-04-12 01:00,2026-04-12 02:00:00,0.01201,0.0,0.01201,2026-04-17 02:00:00,wait_window_expired,,,等待窗口已届满（earliest_entry+120h 截止）：窗口内仍未触发建仓。常见原因：反弹目标价未触及、资金或日内/小时额度不足、候选按倍数排序较后等。
PAXGUSDT,PAXGUSDT_202604120100,159.5787212152389,2026-04-12 01:00:00,2026-04-12 01:00,2026-04-12 02:00:00,4714.85,0.0,4714.85,2026-04-17 02:00:00,wait_window_expired,,,等待窗口已届满（earliest_entry+120h 截止）：窗口内仍未触发建仓。常见原因：反弹目标价未触及、资金或日内/小时额度不足、候选按倍数排序较后等。
CRCLUSDT,CRCLUSDT_202604120100,158.92938321672588,2026-04-12 01:00:00,2026-04-12 01:00,2026-04-12 02:00:00,87.77,0.0,87.77,2026-04-17 02:00:00,wait_window_expired,,,等待窗口已届满（earliest_entry+120h 截止）：窗口内仍未触发建仓。常见原因：反弹目标价未触及、资金或日内/小时额度不足、候选按倍数排序较后等。
ADAUSDT,ADAUSDT_202604120100,152.94724819766202,2026-04-12 01:00:00,2026-04-12 01:00,2026-04-12 02:00:00,0.2438,0.0,0.2438,2026-04-17 02:00:00,wait_window_expired,,,等待窗口已届满（earliest_entry+120h 截止）：窗口内仍未触发建仓。常见原因：反弹目标价未触及、资金或日内/小时额度不足、候选按倍数排序较后等。
SNXUSDT,SNXUSDT_202604120100,152.86260322701406,2026-04-12 01:00:00,2026-04-12 01:00,2026-04-12 02:00:00,0.283,0.0,0.283,2026-04-17 02:00:00,wait_window_expired,,,等待窗口已届满（earliest_entry+120h 截止）：窗口内仍未触发建仓。常见原因：反弹目标价未触及、资金或日内/小时额度不足、候选按倍数排序较后等。
FILUSDT,FILUSDT_202604120100,152.54841390391,2026-04-12 01:00:00,2026-04-12 01:00,2026-04-12 02:00:00,0.865,0.0,0.865,2026-04-17 02:00:00,wait_window_expired,,,等待窗口已届满（earliest_entry+120h 截止）：窗口内仍未触发建仓。常见原因：反弹目标价未触及、资金或日内/小时额度不足、候选按倍数排序较后等。
SUSHIUSDT,SUSHIUSDT_202604120100,152.1729234692892,2026-04-12 01:00:00,2026-04-12 01:00,2026-04-12 02:00:00,0.1888,0.0,0.1888,2026-04-17 02:00:00,wait_window_expired,,,等待窗口已届满（earliest_entry+120h 截止）：窗口内仍未触发建仓。常见原因：反弹目标价未触及、资金或日内/小时额度不足、候选按倍数排序较后等。
QQQUSDT,QQQUSDT_202604120100,152.10481242410685,2026-04-12 01:00:00,2026-04-12 01:00,2026-04-12 02:00:00,609.87,0.0,609.87,2026-04-17 02:00:00,wait_window_expired,,,等待窗口已届满（earliest_entry+120h 截止）：窗口内仍未触发建仓。常见原因：反弹目标价未触及、资金或日内/小时额度不足、候选按倍数排序较后等。
TIAUSDT,TIAUSDT_202604120100,150.04783864980195,2026-04-12 01:00:00,2026-04-12 01:00,2026-04-12 02:00:00,0.2959,0.0,0.2959,2026-04-17 02:00:00,wait_window_expired,,,等待窗口已届满（earliest_entry+120h 截止）：窗口内仍未触发建仓。常见原因：反弹目标价未触及、资金或日内/小时额度不足、候选按倍数排序较后等。
METAUSDT,METAUSDT_202604120100,149.35124508519002,2026-04-12 01:00:00,2026-04-12 01:00,2026-04-12 02:00:00,629.45,0.0,629.45,2026-04-17 02:00:00,wait_window_expired,,,等待窗口已届满（earliest_entry+120h 截止）：窗口内仍未触发建仓。常见原因：反弹目标价未触及、资金或日内/小时额度不足、候选按倍数排序较后等。
GRTUSDT,GRTUSDT_202604120100,149.30904288691866,2026-04-12 01:00:00,2026-04-12 01:00,2026-04-12 02:00:00,0.02363,0.0,0.02363,2026-04-17 02:00:00,wait_window_expired,,,等待窗口已届满（earliest_entry+120h 截止）：窗口内仍未触发建仓。常见原因：反弹目标价未触及、资金或日内/小时额度不足、候选按倍数排序较后等。
1000000MOGUSDT,1000000MOGUSDT_202604120100,148.67237261017826,2026-04-12 01:00:00,2026-04-12 01:00,2026-04-12 02:00:00,0.1312,0.0,0.1312,2026-04-17 02:00:00,wait_window_expired,,,等待窗口已届满（earliest_entry+120h 截止）：窗口内仍未触发建仓。常见原因：反弹目标价未触及、资金或日内/小时额度不足、候选按倍数排序较后等。
CRVUSDT,CRVUSDT_202604120100,148.4809969062808,2026-04-12 01:00:00,2026-04-12 01:00,2026-04-12 02:00:00,0.213,0.0,0.213,2026-04-17 02:00:00,wait_window_expired,,,等待窗口已届满（earliest_entry+120h 截止）：窗口内仍未触发建仓。常见原因：反弹目标价未触及、资金或日内/小时额度不足、候选按倍数排序较后等。
DYMUSDT,DYMUSDT_202604120100,143.88676423820553,2026-04-12 01:00:00,2026-04-12 01:00,2026-04-12 02:00:00,0.01798,0.0,0.01798,2026-04-17 02:00:00,wait_window_expired,,,等待窗口已届满（earliest_entry+120h 截止）：窗口内仍未触发建仓。常见原因：反弹目标价未触及、资金或日内/小时额度不足、候选按倍数排序较后等。
XAGUSDT,XAGUSDT_202604120100,142.13216609498363,2026-04-12 01:00:00,2026-04-12 01:00,2026-04-12 02:00:00,75.74,0.0,75.74,2026-04-17 02:00:00,wait_window_expired,,,等待窗口已届满（earliest_entry+120h 截止）：窗口内仍未触发建仓。常见原因：反弹目标价未触及、资金或日内/小时额度不足、候选按倍数排序较后等。
SNDKUSDT,SNDKUSDT_202604120100,142.06186256478847,2026-04-12 01:00:00,2026-04-12 01:00,2026-04-12 02:00:00,851.41,0.0,851.41,2026-04-17 02:00:00,wait_window_expired,,,等待窗口已届满（earliest_entry+120h 截止）：窗口内仍未触发建仓。常见原因：反弹目标价未触及、资金或日内/小时额度不足、候选按倍数排序较后等。
LISTAUSDT,LISTAUSDT_202604120100,141.14867903157298,2026-04-12 01:00:00,2026-04-12 01:00,2026-04-12 02:00:00,0.07695,0.0,0.07695,2026-04-17 02:00:00,wait_window_expired,,,等待窗口已届满（earliest_entry+120h 截止）：窗口内仍未触发建仓。常见原因：反弹目标价未触及、资金或日内/小时额度不足、候选按倍数排序较后等。
DEEPUSDT,DEEPUSDT_202604120100,138.84387264081172,2026-04-12 01:00:00,2026-04-12 01:00,2026-04-12 02:00:00,0.0279,0.0,0.0279,2026-04-17 02:00:00,wait_window_expired,,,等待窗口已届满（earliest_entry+120h 截止）：窗口内仍未触发建仓。常见原因：反弹目标价未触及、资金或日内/小时额度不足、候选按倍数排序较后等。
COTIUSDT,COTIUSDT_202604120100,137.7959895201608,2026-04-12 01:00:00,2026-04-12 01:00,2026-04-12 02:00:00,0.01357,0.0,0.01357,2026-04-17 02:00:00,wait_window_expired,,,等待窗口已届满（earliest_entry+120h 截止）：窗口内仍未触发建仓。常见原因：反弹目标价未触及、资金或日内/小时额度不足、候选按倍数排序较后等。
LQTYUSDT,LQTYUSDT_202604120100,136.33140601156396,2026-04-12 01:00:00,2026-04-12 01:00,2026-04-12 02:00:00,0.2779,0.0,0.2779,2026-04-17 02:00:00,wait_window_expired,,,等待窗口已届满（earliest_entry+120h 截止）：窗口内仍未触发建仓。常见原因：反弹目标价未触及、资金或日内/小时额度不足、候选按倍数排序较后等。
AVAXUSDT,AVAXUSDT_202604120100,136.11328247465775,2026-04-12 01:00:00,2026-04-12 01:00,2026-04-12 02:00:00,9.072,0.0,9.072,2026-04-17 02:00:00,wait_window_expired,,,等待窗口已届满（earliest_entry+120h 截止）：窗口内仍未触发建仓。常见原因：反弹目标价未触及、资金或日内/小时额度不足、候选按倍数排序较后等。
ACHUSDT,ACHUSDT_202604120100,135.70646012443103,2026-04-12 01:00:00,2026-04-12 01:00,2026-04-12 02:00:00,0.005722,0.0,0.005722,2026-04-17 02:00:00,wait_window_expired,,,等待窗口已届满（earliest_entry+120h 截止）：窗口内仍未触发建仓。常见原因：反弹目标价未触及、资金或日内/小时额度不足、候选按倍数排序较后等。
GOOGLUSDT,GOOGLUSDT_202604120100,135.4777592227114,2026-04-12 01:00:00,2026-04-12 01:00,2026-04-12 02:00:00,316.85,0.0,316.85,2026-04-17 02:00:00,wait_window_expired,,,等待窗口已届满（earliest_entry+120h 截止）：窗口内仍未触发建仓。常见原因：反弹目标价未触及、资金或日内/小时额度不足、候选按倍数排序较后等。
XRPUSDT,XRPUSDT_202604120100,134.16475947881253,2026-04-12 01:00:00,2026-04-12 01:00,2026-04-12 02:00:00,1.3286,0.0,1.3286,2026-04-17 02:00:00,wait_window_expired,,,等待窗口已届满（earliest_entry+120h 截止）：窗口内仍未触发建仓。常见原因：反弹目标价未触及、资金或日内/小时额度不足、候选按倍数排序较后等。
XAUTUSDT,XAUTUSDT_202604120100,132.9848307017738,2026-04-12 01:00:00,2026-04-12 01:00,2026-04-12 02:00:00,4705.42,0.0,4705.42,2026-04-17 02:00:00,wait_window_expired,,,等待窗口已届满（earliest_entry+120h 截止）：窗口内仍未触发建仓。常见原因：反弹目标价未触及、资金或日内/小时额度不足、候选按倍数排序较后等。
1000PEPEUSDT,1000PEPEUSDT_202604120100,130.7835314125023,2026-04-12 01:00:00,2026-04-12 01:00,2026-04-12 02:00:00,0.0035211,0.0,0.0035211,2026-04-17 02:00:00,wait_window_expired,,,等待窗口已届满（earliest_entry+120h 截止）：窗口内仍未触发建仓。常见原因：反弹目标价未触及、资金或日内/小时额度不足、候选按倍数排序较后等。
PENGUUSDT,PENGUUSDT_202604120100,129.32215003161045,2026-04-12 01:00:00,2026-04-12 01:00,2026-04-12 02:00:00,0.006676,0.0,0.006676,2026-04-17 02:00:00,wait_window_expired,,,等待窗口已届满（earliest_entry+120h 截止）：窗口内仍未触发建仓。常见原因：反弹目标价未触及、资金或日内/小时额度不足、候选按倍数排序较后等。
LDOUSDT,LDOUSDT_202604120100,128.77087870072472,2026-04-12 01:00:00,2026-04-12 01:00,2026-04-12 02:00:00,0.3221,0.0,0.3221,2026-04-17 02:00:00,superseded_stronger_hour,,,被更强卖量信号覆盖(旧128.77x → 新192.21x，新信号UTC 2026-04-14 00:00)
BOMEUSDT,BOMEUSDT_202604120100,122.6212298946285,2026-04-12 01:00:00,2026-04-12 01:00,2026-04-12 02:00:00,0.0003836,0.0,0.0003836,2026-04-17 02:00:00,wait_window_expired,,,等待窗口已届满（earliest_entry+120h 截止）：窗口内仍未触发建仓。常见原因：反弹目标价未触及、资金或日内/小时额度不足、候选按倍数排序较后等。
FOGOUSDT,FOGOUSDT_202604120100,120.33960965296757,2026-04-12 01:00:00,2026-04-12 01:00,2026-04-12 02:00:00,0.01706,0.0,0.01706,2026-04-17 02:00:00,wait_window_expired,,,等待窗口已届满（earliest_entry+120h 截止）：窗口内仍未触发建仓。常见原因：反弹目标价未触及、资金或日内/小时额度不足、候选按倍数排序较后等。
1INCHUSDT,1INCHUSDT_202604120100,120.25287820374936,2026-04-12 01:00:00,2026-04-12 01:00,2026-04-12 02:00:00,0.0916,0.0,0.0916,2026-04-17 02:00:00,wait_window_expired,,,等待窗口已届满（earliest_entry+120h 截止）：窗口内仍未触发建仓。常见原因：反弹目标价未触及、资金或日内/小时额度不足、候选按倍数排序较后等。
FLUIDUSDT,FLUIDUSDT_202604120100,119.2507289065654,2026-04-12 01:00:00,2026-04-12 01:00,2026-04-12 02:00:00,1.592,0.0,1.592,2026-04-17 02:00:00,superseded_stronger_hour,,,被更强卖量信号覆盖(旧119.25x → 新202.39x，新信号UTC 2026-04-14 00:00)
CVXUSDT,CVXUSDT_202604120100,118.1702189781022,2026-04-12 01:00:00,2026-04-12 01:00,2026-04-12 02:00:00,1.755,0.0,1.755,2026-04-17 02:00:00,wait_window_expired,,,等待窗口已届满（earliest_entry+120h 截止）：窗口内仍未触发建仓。常见原因：反弹目标价未触及、资金或日内/小时额度不足、候选按倍数排序较后等。
PLTRUSDT,PLTRUSDT_202604120100,117.27082382825506,2026-04-12 01:00:00,2026-04-12 01:00,2026-04-12 02:00:00,128.71,0.0,128.71,2026-04-17 02:00:00,wait_window_expired,,,等待窗口已届满（earliest_entry+120h 截止）：窗口内仍未触发建仓。常见原因：反弹目标价未触及、资金或日内/小时额度不足、候选按倍数排序较后等。
PLUMEUSDT,PLUMEUSDT_202604120100,116.39481876618676,2026-04-12 01:00:00,2026-04-12 01:00,2026-04-12 02:00:00,0.00939,0.0,0.00939,2026-04-17 02:00:00,wait_window_expired,,,等待窗口已届满（earliest_entry+120h 截止）：窗口内仍未触发建仓。常见原因：反弹目标价未触及、资金或日内/小时额度不足、候选按倍数排序较后等。
POPCATUSDT,POPCATUSDT_202604120100,113.96088895665766,2026-04-12 01:00:00,2026-04-12 01:00,2026-04-12 02:00:00,0.05021,0.0,0.05021,2026-04-17 02:00:00,wait_window_expired,,,等待窗口已届满（earliest_entry+120h 截止）：窗口内仍未触发建仓。常见原因：反弹目标价未触及、资金或日内/小时额度不足、候选按倍数排序较后等。
SUIUSDT,SUIUSDT_202604120100,112.5857899902496,2026-04-12 01:00:00,2026-04-12 01:00,2026-04-12 02:00:00,0.9109,0.0,0.9109,2026-04-17 02:00:00,wait_window_expired,,,等待窗口已届满（earliest_entry+120h 截止）：窗口内仍未触发建仓。常见原因：反弹目标价未触及、资金或日内/小时额度不足、候选按倍数排序较后等。
AMZNUSDT,AMZNUSDT_202604120100,110.84063893016342,2026-04-12 01:00:00,2026-04-12 01:00,2026-04-12 02:00:00,237.95,0.0,237.95,2026-04-17 02:00:00,wait_window_expired,,,等待窗口已届满（earliest_entry+120h 截止）：窗口内仍未触发建仓。常见原因：反弹目标价未触及、资金或日内/小时额度不足、候选按倍数排序较后等。
VANAUSDT,VANAUSDT_202604120100,110.59819141660444,2026-04-12 01:00:00,2026-04-12 01:00,2026-04-12 02:00:00,1.275,0.0,1.275,2026-04-17 02:00:00,wait_window_expired,,,等待窗口已届满（earliest_entry+120h 截止）：窗口内仍未触发建仓。常见原因：反弹目标价未触及、资金或日内/小时额度不足、候选按倍数排序较后等。
CHZUSDT,CHZUSDT_202604120100,110.38855616457624,2026-04-12 01:00:00,2026-04-12 01:00,2026-04-12 02:00:00,0.03818,0.0,0.03818,2026-04-17 02:00:00,wait_window_expired,,,等待窗口已届满（earliest_entry+120h 截止）：窗口内仍未触发建仓。常见原因：反弹目标价未触及、资金或日内/小时额度不足、候选按倍数排序较后等。
DOLOUSDT,DOLOUSDT_202604120100,109.60228136388143,2026-04-12 01:00:00,2026-04-12 01:00,2026-04-12 02:00:00,0.03262,0.0,0.03262,2026-04-17 02:00:00,superseded_stronger_hour,,,被更强卖量信号覆盖(旧109.60x → 新123.13x，新信号UTC 2026-04-15 01:00)
PUMPUSDT,PUMPUSDT_202604120100,109.3048410570777,2026-04-12 01:00:00,2026-04-12 01:00,2026-04-12 02:00:00,0.001824,0.0,0.001824,2026-04-17 02:00:00,wait_window_expired,,,等待窗口已届满（earliest_entry+120h 截止）：窗口内仍未触发建仓。常见原因：反弹目标价未触及、资金或日内/小时额度不足、候选按倍数排序较后等。
ESPORTSUSDT,ESPORTSUSDT_202604120100,108.62445246522059,2026-04-12 01:00:00,2026-04-12 01:00,2026-04-12 02:00:00,0.43821,0.0,0.43821,2026-04-17 02:00:00,wait_window_expired,,,等待窗口已届满（earliest_entry+120h 截止）：窗口内仍未触发建仓。常见原因：反弹目标价未触及、资金或日内/小时额度不足、候选按倍数排序较后等。
1000SHIBUSDT,1000SHIBUSDT_202604120100,108.564490291595,2026-04-12 01:00:00,2026-04-12 01:00,2026-04-12 02:00:00,0.005809,0.0,0.005809,2026-04-17 02:00:00,wait_window_expired,,,等待窗口已届满（earliest_entry+120h 截止）：窗口内仍未触发建仓。常见原因：反弹目标价未触及、资金或日内/小时额度不足、候选按倍数排序较后等。
NIGHTUSDT,NIGHTUSDT_202604120100,107.72378174906126,2026-04-12 01:00:00,2026-04-12 01:00,2026-04-12 02:00:00,0.0393,0.0,0.0393,2026-04-17 02:00:00,wait_window_expired,,,等待窗口已届满（earliest_entry+120h 截止）：窗口内仍未触发建仓。常见原因：反弹目标价未触及、资金或日内/小时额度不足、候选按倍数排序较后等。
MEMEUSDT,MEMEUSDT_202604120100,106.04173111980471,2026-04-12 01:00:00,2026-04-12 01:00,2026-04-12 02:00:00,0.0005035,0.0,0.0005035,2026-04-17 02:00:00,wait_window_expired,,,等待窗口已届满（earliest_entry+120h 截止）：窗口内仍未触发建仓。常见原因：反弹目标价未触及、资金或日内/小时额度不足、候选按倍数排序较后等。
AAPLUSDT,AAPLUSDT_202604120100,105.06781159237282,2026-04-12 01:00:00,2026-04-12 01:00,2026-04-12 02:00:00,260.61,0.0,260.61,2026-04-17 02:00:00,superseded_stronger_hour,,,被更强卖量信号覆盖(旧105.07x → 新143.33x，新信号UTC 2026-04-17 00:00)
RSRUSDT,RSRUSDT_202604120100,105.0525147695371,2026-04-12 01:00:00,2026-04-12 01:00,2026-04-12 02:00:00,0.001478,0.0,0.001478,2026-04-17 02:00:00,superseded_stronger_hour,,,被更强卖量信号覆盖(旧105.05x → 新132.34x，新信号UTC 2026-04-14 00:00)
ONDOUSDT,ONDOUSDT_202604120100,103.58994521568312,2026-04-12 01:00:00,2026-04-12 01:00,2026-04-12 02:00:00,0.2479,0.0,0.2479,2026-04-17 02:00:00,wait_window_expired,,,等待窗口已届满（earliest_entry+120h 截止）：窗口内仍未触发建仓。常见原因：反弹目标价未触及、资金或日内/小时额度不足、候选按倍数排序较后等。
RONINUSDT,RONINUSDT_202604120100,102.61380420669957,2026-04-12 01:00:00,2026-04-12 01:00,2026-04-12 02:00:00,0.0863,0.0,0.0863,2026-04-17 02:00:00,wait_window_expired,,,等待窗口已届满（earliest_entry+120h 截止）：窗口内仍未触发建仓。常见原因：反弹目标价未触及、资金或日内/小时额度不足、候选按倍数排序较后等。
XLMUSDT,XLMUSDT_202604120100,102.51812479832483,2026-04-12 01:00:00,2026-04-12 01:00,2026-04-12 02:00:00,0.15129,0.0,0.15129,2026-04-17 02:00:00,wait_window_expired,,,等待窗口已届满（earliest_entry+120h 截止）：窗口内仍未触发建仓。常见原因：反弹目标价未触及、资金或日内/小时额度不足、候选按倍数排序较后等。
VINEUSDT,VINEUSDT_202604120100,102.2577747504204,2026-04-12 01:00:00,2026-04-12 01:00,2026-04-12 02:00:00,0.01672,0.0,0.01672,2026-04-17 02:00:00,wait_window_expired,,,等待窗口已届满（earliest_entry+120h 截止）：窗口内仍未触发建仓。常见原因：反弹目标价未触及、资金或日内/小时额度不足、候选按倍数排序较后等。
ARPAUSDT,ARPAUSDT_202604120100,100.50769603041404,2026-04-12 01:00:00,2026-04-12 01:00,2026-04-12 02:00:00,0.00928,0.0,0.00928,2026-04-17 02:00:00,wait_window_expired,,,等待窗口已届满（earliest_entry+120h 截止）：窗口内仍未触发建仓。常见原因：反弹目标价未触及、资金或日内/小时额度不足、候选按倍数排序较后等。
DYDXUSDT,DYDXUSDT_202604120100,100.36342507210303,2026-04-12 01:00:00,2026-04-12 01:00,2026-04-12 02:00:00,0.093,0.0,0.093,2026-04-17 02:00:00,superseded_stronger_hour,,,被更强卖量信号覆盖(旧100.36x → 新100.70x，新信号UTC 2026-04-17 00:00)
BANDUSDT,BANDUSDT_202604120100,100.23093860066992,2026-04-12 01:00:00,2026-04-12 01:00,2026-04-12 02:00:00,0.2073,0.0,0.2073,2026-04-17 02:00:00,wait_window_expired,,,等待窗口已届满（earliest_entry+120h 截止）：窗口内仍未触发建仓。常见原因：反弹目标价未触及、资金或日内/小时额度不足、候选按倍数排序较后等。
ORCAUSDT,ORCAUSDT_202604120100,98.19870739895988,2026-04-12 01:00:00,2026-04-12 01:00,2026-04-12 02:00:00,0.89,0.0,0.89,2026-04-17 02:00:00,wait_window_expired,,,等待窗口已届满（earliest_entry+120h 截止）：窗口内仍未触发建仓。常见原因：反弹目标价未触及、资金或日内/小时额度不足、候选按倍数排序较后等。
CLANKERUSDT,CLANKERUSDT_202604120100,95.84612559676827,2026-04-12 01:00:00,2026-04-12 01:00,2026-04-12 02:00:00,26.13,0.0,26.13,2026-04-17 02:00:00,wait_window_expired,,,等待窗口已届满（earliest_entry+120h 截止）：窗口内仍未触发建仓。常见原因：反弹目标价未触及、资金或日内/小时额度不足、候选按倍数排序较后等。
1MBABYDOGEUSDT,1MBABYDOGEUSDT_202604120100,95.82507593245818,2026-04-12 01:00:00,2026-04-12 01:00,2026-04-12 02:00:00,0.0003829,0.0,0.0003829,2026-04-17 02:00:00,wait_window_expired,,,等待窗口已届满（earliest_entry+120h 截止）：窗口内仍未触发建仓。常见原因：反弹目标价未触及、资金或日内/小时额度不足、候选按倍数排序较后等。
UNIUSDT,UNIUSDT_202604120100,95.70525593332336,2026-04-12 01:00:00,2026-04-12 01:00,2026-04-12 02:00:00,3.062,0.0,3.062,2026-04-17 02:00:00,wait_window_expired,,,等待窗口已届满（earliest_entry+120h 截止）：窗口内仍未触发建仓。常见原因：反弹目标价未触及、资金或日内/小时额度不足、候选按倍数排序较后等。
API3USDT,API3USDT_202604120100,95.11682397031765,2026-04-12 01:00:00,2026-04-12 01:00,2026-04-12 02:00:00,0.2777,0.0,0.2777,2026-04-17 02:00:00,wait_window_expired,,,等待窗口已届满（earliest_entry+120h 截止）：窗口内仍未触发建仓。常见原因：反弹目标价未触及、资金或日内/小时额度不足、候选按倍数排序较后等。
BBUSDT,BBUSDT_202604120100,94.39716145073743,2026-04-12 01:00:00,2026-04-12 01:00,2026-04-12 02:00:00,0.0237,0.0,0.0237,2026-04-17 02:00:00,wait_window_expired,,,等待窗口已届满（earliest_entry+120h 截止）：窗口内仍未触发建仓。常见原因：反弹目标价未触及、资金或日内/小时额度不足、候选按倍数排序较后等。
OGNUSDT,OGNUSDT_202604120100,93.45857800691255,2026-04-12 01:00:00,2026-04-12 01:00,2026-04-12 02:00:00,0.0213,0.0,0.0213,2026-04-17 02:00:00,wait_window_expired,,,等待窗口已届满（earliest_entry+120h 截止）：窗口内仍未触发建仓。常见原因：反弹目标价未触及、资金或日内/小时额度不足、候选按倍数排序较后等。
CAKEUSDT,CAKEUSDT_202604120100,93.30111069378118,2026-04-12 01:00:00,2026-04-12 01:00,2026-04-12 02:00:00,1.4673,0.0,1.4673,2026-04-17 02:00:00,wait_window_expired,,,等待窗口已届满（earliest_entry+120h 截止）：窗口内仍未触发建仓。常见原因：反弹目标价未触及、资金或日内/小时额度不足、候选按倍数排序较后等。
ORDIUSDT,ORDIUSDT_202604120100,93.27589908868147,2026-04-12 01:00:00,2026-04-12 01:00,2026-04-12 02:00:00,2.329,0.0,2.329,2026-04-17 02:00:00,superseded_stronger_hour,,,被更强卖量信号覆盖(旧93.28x → 新113.60x，新信号UTC 2026-04-14 00:00)
XAIUSDT,XAIUSDT_202604120100,92.53787644113423,2026-04-12 01:00:00,2026-04-12 01:00,2026-04-12 02:00:00,0.00929,0.0,0.00929,2026-04-17 02:00:00,wait_window_expired,,,等待窗口已届满（earliest_entry+120h 截止）：窗口内仍未触发建仓。常见原因：反弹目标价未触及、资金或日内/小时额度不足、候选按倍数排序较后等。
SYRUPUSDT,SYRUPUSDT_202604120100,91.93669669241997,2026-04-12 01:00:00,2026-04-12 01:00,2026-04-12 02:00:00,0.23211,0.0,0.23211,2026-04-17 02:00:00,wait_window_expired,,,等待窗口已届满（earliest_entry+120h 截止）：窗口内仍未触发建仓。常见原因：反弹目标价未触及、资金或日内/小时额度不足、候选按倍数排序较后等。
CELRUSDT,CELRUSDT_202604120100,91.55187578742775,2026-04-12 01:00:00,2026-04-12 01:00,2026-04-12 02:00:00,0.00236,0.0,0.00236,2026-04-17 02:00:00,wait_window_expired,,,等待窗口已届满（earliest_entry+120h 截止）：窗口内仍未触发建仓。常见原因：反弹目标价未触及、资金或日内/小时额度不足、候选按倍数排序较后等。
CELOUSDT,CELOUSDT_202604120100,90.96864793619106,2026-04-12 01:00:00,2026-04-12 01:00,2026-04-12 02:00:00,0.08032,0.0,0.08032,2026-04-17 02:00:00,wait_window_expired,,,等待窗口已届满（earliest_entry+120h 截止）：窗口内仍未触发建仓。常见原因：反弹目标价未触及、资金或日内/小时额度不足、候选按倍数排序较后等。
NEIROUSDT,NEIROUSDT_202604120100,90.13852328902684,2026-04-12 01:00:00,2026-04-12 01:00,2026-04-12 02:00:00,5.695e-05,0.0,5.695e-05,2026-04-17 02:00:00,wait_window_expired,,,等待窗口已届满（earliest_entry+120h 截止）：窗口内仍未触发建仓。常见原因：反弹目标价未触及、资金或日内/小时额度不足、候选按倍数排序较后等。
ICPUSDT,ICPUSDT_202604120100,89.39514348785872,2026-04-12 01:00:00,2026-04-12 01:00,2026-04-12 02:00:00,2.46,0.0,2.46,2026-04-17 02:00:00,wait_window_expired,,,等待窗口已届满（earliest_entry+120h 截止）：窗口内仍未触发建仓。常见原因：反弹目标价未触及、资金或日内/小时额度不足、候选按倍数排序较后等。
WCTUSDT,WCTUSDT_202604120100,88.43612312667577,2026-04-12 01:00:00,2026-04-12 01:00,2026-04-12 02:00:00,0.05479,0.0,0.05479,2026-04-17 02:00:00,superseded_stronger_hour,,,被更强卖量信号覆盖(旧88.44x → 新96.25x，新信号UTC 2026-04-14 00:00)
DENTUSDT,DENTUSDT_202604120100,88.13076880771473,2026-04-12 01:00:00,2026-04-12 01:00,2026-04-12 02:00:00,0.000162,0.0,0.000162,2026-04-17 02:00:00,superseded_stronger_hour,,,被更强卖量信号覆盖(旧88.13x → 新180.66x，新信号UTC 2026-04-16 07:00)
KATUSDT,KATUSDT_202604120100,87.4203181779746,2026-04-12 01:00:00,2026-04-12 01:00,2026-04-12 02:00:00,0.00813,0.0,0.00813,2026-04-17 02:00:00,wait_window_expired,,,等待窗口已届满（earliest_entry+120h 截止）：窗口内仍未触发建仓。常见原因：反弹目标价未触及、资金或日内/小时额度不足、候选按倍数排序较后等。
TSMUSDT,TSMUSDT_202604120100,87.3161998267398,2026-04-12 01:00:00,2026-04-12 01:00,2026-04-12 02:00:00,370.09,0.0,370.09,2026-04-17 02:00:00,superseded_stronger_hour,,,被更强卖量信号覆盖(旧87.32x → 新100.68x，新信号UTC 2026-04-17 00:00)
SEIUSDT,SEIUSDT_202604120100,86.98613689154968,2026-04-12 01:00:00,2026-04-12 01:00,2026-04-12 02:00:00,0.05447,0.0,0.05447,2026-04-17 02:00:00,wait_window_expired,,,等待窗口已届满（earliest_entry+120h 截止）：窗口内仍未触发建仓。常见原因：反弹目标价未触及、资金或日内/小时额度不足、候选按倍数排序较后等。
PROVEUSDT,PROVEUSDT_202604120100,86.72514641994262,2026-04-12 01:00:00,2026-04-12 01:00,2026-04-12 02:00:00,0.2188,0.0,0.2188,2026-04-17 02:00:00,wait_window_expired,,,等待窗口已届满（earliest_entry+120h 截止）：窗口内仍未触发建仓。常见原因：反弹目标价未触及、资金或日内/小时额度不足、候选按倍数排序较后等。
SONICUSDT,SONICUSDT_202604120100,85.55668909854077,2026-04-12 01:00:00,2026-04-12 01:00,2026-04-12 02:00:00,0.03496,0.0,0.03496,2026-04-17 02:00:00,wait_window_expired,,,等待窗口已届满（earliest_entry+120h 截止）：窗口内仍未触发建仓。常见原因：反弹目标价未触及、资金或日内/小时额度不足、候选按倍数排序较后等。
ENAUSDT,ENAUSDT_202604120100,85.32734423609992,2026-04-12 01:00:00,2026-04-12 01:00,2026-04-12 02:00:00,0.0919,0.0,0.0919,2026-04-17 02:00:00,wait_window_expired,,,等待窗口已届满（earliest_entry+120h 截止）：窗口内仍未触发建仓。常见原因：反弹目标价未触及、资金或日内/小时额度不足、候选按倍数排序较后等。
PENDLEUSDT,PENDLEUSDT_202604120100,84.7507013085356,2026-04-12 01:00:00,2026-04-12 01:00,2026-04-12 02:00:00,1.0827,0.0,1.0827,2026-04-17 02:00:00,wait_window_expired,,,等待窗口已届满（earliest_entry+120h 截止）：窗口内仍未触发建仓。常见原因：反弹目标价未触及、资金或日内/小时额度不足、候选按倍数排序较后等。
AAVEUSDT,AAVEUSDT_202604120100,84.28417275747509,2026-04-12 01:00:00,2026-04-12 01:00,2026-04-12 02:00:00,90.28,0.0,90.28,2026-04-17 02:00:00,wait_window_expired,,,等待窗口已届满（earliest_entry+120h 截止）：窗口内仍未触发建仓。常见原因：反弹目标价未触及、资金或日内/小时额度不足、候选按倍数排序较后等。
CARVUSDT,CARVUSDT_202604120100,83.703840079069,2026-04-12 01:00:00,2026-04-12 01:00,2026-04-12 02:00:00,0.05403,0.0,0.05403,2026-04-17 02:00:00,wait_window_expired,,,等待窗口已届满（earliest_entry+120h 截止）：窗口内仍未触发建仓。常见原因：反弹目标价未触及、资金或日内/小时额度不足、候选按倍数排序较后等。
AEROUSDT,AEROUSDT_202604120100,83.66495177897765,2026-04-12 01:00:00,2026-04-12 01:00,2026-04-12 02:00:00,0.3669,0.0,0.3669,2026-04-17 02:00:00,wait_window_expired,,,等待窗口已届满（earliest_entry+120h 截止）：窗口内仍未触发建仓。常见原因：反弹目标价未触及、资金或日内/小时额度不足、候选按倍数排序较后等。
HOLOUSDT,HOLOUSDT_202604120100,82.94907465259625,2026-04-12 01:00:00,2026-04-12 01:00,2026-04-12 02:00:00,0.0549,0.0,0.0549,2026-04-17 02:00:00,wait_window_expired,,,等待窗口已届满（earliest_entry+120h 截止）：窗口内仍未触发建仓。常见原因：反弹目标价未触及、资金或日内/小时额度不足、候选按倍数排序较后等。
IPUSDT,IPUSDT_202604120100,82.40809378265983,2026-04-12 01:00:00,2026-04-12 01:00,2026-04-12 02:00:00,0.4855,0.0,0.4855,2026-04-17 02:00:00,wait_window_expired,,,等待窗口已届满（earliest_entry+120h 截止）：窗口内仍未触发建仓。常见原因：反弹目标价未触及、资金或日内/小时额度不足、候选按倍数排序较后等。
LUMIAUSDT,LUMIAUSDT_202604120100,81.35553829741839,2026-04-12 01:00:00,2026-04-12 01:00,2026-04-12 02:00:00,0.0769,0.0,0.0769,2026-04-17 02:00:00,superseded_stronger_hour,,,被更强卖量信号覆盖(旧81.36x → 新209.07x，新信号UTC 2026-04-17 00:00)
SSVUSDT,SSVUSDT_202604120100,81.30641311663256,2026-04-12 01:00:00,2026-04-12 01:00,2026-04-12 02:00:00,2.188,0.0,2.188,2026-04-17 02:00:00,superseded_stronger_hour,,,被更强卖量信号覆盖(旧81.31x → 新140.90x，新信号UTC 2026-04-17 00:00)
VIRTUALUSDT,VIRTUALUSDT_202604120100,80.58398469170287,2026-04-12 01:00:00,2026-04-12 01:00,2026-04-12 02:00:00,0.6574,0.0,0.6574,2026-04-17 02:00:00,wait_window_expired,,,等待窗口已届满（earliest_entry+120h 截止）：窗口内仍未触发建仓。常见原因：反弹目标价未触及、资金或日内/小时额度不足、候选按倍数排序较后等。
BIRBUSDT,BIRBUSDT_202604120100,80.57915999034898,2026-04-12 01:00:00,2026-04-12 01:00,2026-04-12 02:00:00,0.12885,0.0,0.12885,2026-04-17 02:00:00,wait_window_expired,,,等待窗口已届满（earliest_entry+120h 截止）：窗口内仍未触发建仓。常见原因：反弹目标价未触及、资金或日内/小时额度不足、候选按倍数排序较后等。
PIEVERSEUSDT,PIEVERSEUSDT_202604120100,79.7598032591952,2026-04-12 01:00:00,2026-04-12 01:00,2026-04-12 02:00:00,0.5036,0.0,0.5036,2026-04-17 02:00:00,wait_window_expired,,,等待窗口已届满（earliest_entry+120h 截止）：窗口内仍未触发建仓。常见原因：反弹目标价未触及、资金或日内/小时额度不足、候选按倍数排序较后等。
ATAUSDT,ATAUSDT_202604120100,78.16425582189108,2026-04-12 01:00:00,2026-04-12 01:00,2026-04-12 02:00:00,0.00874,0.0,0.00874,2026-04-17 02:00:00,superseded_stronger_hour,,,被更强卖量信号覆盖(旧78.16x → 新119.53x，新信号UTC 2026-04-17 00:00)
XVSUSDT,XVSUSDT_202604120100,77.69089524114982,2026-04-12 01:00:00,2026-04-12 01:00,2026-04-12 02:00:00,2.602,0.0,2.602,2026-04-17 02:00:00,superseded_stronger_hour,,,被更强卖量信号覆盖(旧77.69x → 新79.34x，新信号UTC 2026-04-14 00:00)
CGPTUSDT,CGPTUSDT_202604120100,77.29600062847597,2026-04-12 01:00:00,2026-04-12 01:00,2026-04-12 02:00:00,0.01964,0.0,0.01964,2026-04-17 02:00:00,wait_window_expired,,,等待窗口已届满（earliest_entry+120h 截止）：窗口内仍未触发建仓。常见原因：反弹目标价未触及、资金或日内/小时额度不足、候选按倍数排序较后等。
DODOXUSDT,DODOXUSDT_202604120100,77.11820678061082,2026-04-12 01:00:00,2026-04-12 01:00,2026-04-12 02:00:00,0.014971,0.0,0.014971,2026-04-17 02:00:00,wait_window_expired,,,等待窗口已届满（earliest_entry+120h 截止）：窗口内仍未触发建仓。常见原因：反弹目标价未触及、资金或日内/小时额度不足、候选按倍数排序较后等。
MASKUSDT,MASKUSDT_202604120100,77.01580491335082,2026-04-12 01:00:00,2026-04-12 01:00,2026-04-12 02:00:00,0.4326,0.0,0.4326,2026-04-17 02:00:00,wait_window_expired,,,等待窗口已届满（earliest_entry+120h 截止）：窗口内仍未触发建仓。常见原因：反弹目标价未触及、资金或日内/小时额度不足、候选按倍数排序较后等。
BROCCOLI714USDT,BROCCOLI714USDT_202604120100,76.15014785408567,2026-04-12 01:00:00,2026-04-12 01:00,2026-04-12 02:00:00,0.01227,0.0,0.01227,2026-04-17 02:00:00,wait_window_expired,,,等待窗口已届满（earliest_entry+120h 截止）：窗口内仍未触发建仓。常见原因：反弹目标价未触及、资金或日内/小时额度不足、候选按倍数排序较后等。
APTUSDT,APTUSDT_202604120100,76.10446794017282,2026-04-12 01:00:00,2026-04-12 01:00,2026-04-12 02:00:00,0.8304,0.0,0.8304,2026-04-17 02:00:00,wait_window_expired,,,等待窗口已届满（earliest_entry+120h 截止）：窗口内仍未触发建仓。常见原因：反弹目标价未触及、资金或日内/小时额度不足、候选按倍数排序较后等。
BMTUSDT,BMTUSDT_202604120100,75.79771192517204,2026-04-12 01:00:00,2026-04-12 01:00,2026-04-12 02:00:00,0.01428,0.0,0.01428,2026-04-17 02:00:00,wait_window_expired,,,等待窗口已届满（earliest_entry+120h 截止）：窗口内仍未触发建仓。常见原因：反弹目标价未触及、资金或日内/小时额度不足、候选按倍数排序较后等。
BNTUSDT,BNTUSDT_202604120100,75.75309192200558,2026-04-12 01:00:00,2026-04-12 01:00,2026-04-12 02:00:00,0.2927,0.0,0.2927,2026-04-17 02:00:00,wait_window_expired,,,等待窗口已届满（earliest_entry+120h 截止）：窗口内仍未触发建仓。常见原因：反弹目标价未触及、资金或日内/小时额度不足、候选按倍数排序较后等。
MEWUSDT,MEWUSDT_202604120100,75.31423459678732,2026-04-12 01:00:00,2026-04-12 01:00,2026-04-12 02:00:00,0.0005797,0.0,0.0005797,2026-04-17 02:00:00,superseded_stronger_hour,,,被更强卖量信号覆盖(旧75.31x → 新91.46x，新信号UTC 2026-04-15 01:00)
HEIUSDT,HEIUSDT_202604120100,75.1851839918548,2026-04-12 01:00:00,2026-04-12 01:00,2026-04-12 02:00:00,0.08692,0.0,0.08692,2026-04-17 02:00:00,wait_window_expired,,,等待窗口已届满（earliest_entry+120h 截止）：窗口内仍未触发建仓。常见原因：反弹目标价未触及、资金或日内/小时额度不足、候选按倍数排序较后等。
COLLECTUSDT,COLLECTUSDT_202604120100,73.95047856305658,2026-04-12 01:00:00,2026-04-12 01:00,2026-04-12 02:00:00,0.03913,0.0,0.03913,2026-04-17 02:00:00,wait_window_expired,,,等待窗口已届满（earliest_entry+120h 截止）：窗口内仍未触发建仓。常见原因：反弹目标价未触及、资金或日内/小时额度不足、候选按倍数排序较后等。
JASMYUSDT,JASMYUSDT_202604120100,73.05672109823998,2026-04-12 01:00:00,2026-04-12 01:00,2026-04-12 02:00:00,0.005264,0.0,0.005264,2026-04-17 02:00:00,wait_window_expired,,,等待窗口已届满（earliest_entry+120h 截止）：窗口内仍未触发建仓。常见原因：反弹目标价未触及、资金或日内/小时额度不足、候选按倍数排序较后等。
ACXUSDT,ACXUSDT_202604120100,72.81044641943708,2026-04-12 01:00:00,2026-04-12 01:00,2026-04-12 02:00:00,0.04292,0.0,0.04292,2026-04-17 02:00:00,wait_window_expired,,,等待窗口已届满（earliest_entry+120h 截止）：窗口内仍未触发建仓。常见原因：反弹目标价未触及、资金或日内/小时额度不足、候选按倍数排序较后等。
HBARUSDT,HBARUSDT_202604120100,72.47112878193573,2026-04-12 01:00:00,2026-04-12 01:00,2026-04-12 02:00:00,0.08685,0.0,0.08685,2026-04-17 02:00:00,wait_window_expired,,,等待窗口已届满（earliest_entry+120h 截止）：窗口内仍未触发建仓。常见原因：反弹目标价未触及、资金或日内/小时额度不足、候选按倍数排序较后等。
ASTERUSDT,ASTERUSDT_202604120100,72.1894050747554,2026-04-12 01:00:00,2026-04-12 01:00,2026-04-12 02:00:00,0.6635,0.0,0.6635,2026-04-17 02:00:00,wait_window_expired,,,等待窗口已届满（earliest_entry+120h 截止）：窗口内仍未触发建仓。常见原因：反弹目标价未触及、资金或日内/小时额度不足、候选按倍数排序较后等。
LYNUSDT,LYNUSDT_202604120100,71.94851888812731,2026-04-12 01:00:00,2026-04-12 01:00,2026-04-12 02:00:00,0.0495,0.0,0.0495,2026-04-17 02:00:00,wait_window_expired,,,等待窗口已届满（earliest_entry+120h 截止）：窗口内仍未触发建仓。常见原因：反弹目标价未触及、资金或日内/小时额度不足、候选按倍数排序较后等。
ZKJUSDT,ZKJUSDT_202604120100,71.32641082830983,2026-04-12 01:00:00,2026-04-12 01:00,2026-04-12 02:00:00,0.0196,0.0,0.0196,2026-04-17 02:00:00,wait_window_expired,,,等待窗口已届满（earliest_entry+120h 截止）：窗口内仍未触发建仓。常见原因：反弹目标价未触及、资金或日内/小时额度不足、候选按倍数排序较后等。
XAUUSDT,XAUUSDT_202604120100,71.27478284351233,2026-04-12 01:00:00,2026-04-12 01:00,2026-04-12 02:00:00,4741.45,0.0,4741.45,2026-04-17 02:00:00,superseded_stronger_hour,,,被更强卖量信号覆盖(旧71.27x → 新81.58x，新信号UTC 2026-04-15 01:00)
AIXBTUSDT,AIXBTUSDT_202604120100,71.1253548997677,2026-04-12 01:00:00,2026-04-12 01:00,2026-04-12 02:00:00,0.0238,0.0,0.0238,2026-04-17 02:00:00,wait_window_expired,,,等待窗口已届满（earliest_entry+120h 截止）：窗口内仍未触发建仓。常见原因：反弹目标价未触及、资金或日内/小时额度不足、候选按倍数排序较后等。
LTCUSDT,LTCUSDT_202604120100,70.79854882194535,2026-04-12 01:00:00,2026-04-12 01:00,2026-04-12 02:00:00,53.92,0.0,53.92,2026-04-17 02:00:00,wait_window_expired,,,等待窗口已届满（earliest_entry+120h 截止）：窗口内仍未触发建仓。常见原因：反弹目标价未触及、资金或日内/小时额度不足、候选按倍数排序较后等。
TURBOUSDT,TURBOUSDT_202604120100,69.90264282751546,2026-04-12 01:00:00,2026-04-12 01:00,2026-04-12 02:00:00,0.0010166,0.0,0.0010166,2026-04-17 02:00:00,wait_window_expired,,,等待窗口已届满（earliest_entry+120h 截止）：窗口内仍未触发建仓。常见原因：反弹目标价未触及、资金或日内/小时额度不足、候选按倍数排序较后等。
PUNDIXUSDT,PUNDIXUSDT_202604120100,69.83862350722815,2026-04-12 01:00:00,2026-04-12 01:00,2026-04-12 02:00:00,0.1448,0.0,0.1448,2026-04-17 02:00:00,wait_window_expired,,,等待窗口已届满（earliest_entry+120h 截止）：窗口内仍未触发建仓。常见原因：反弹目标价未触及、资金或日内/小时额度不足、候选按倍数排序较后等。
1000XECUSDT,1000XECUSDT_202604120100,69.6792437134177,2026-04-12 01:00:00,2026-04-12 01:00,2026-04-12 02:00:00,0.00687,0.0,0.00687,2026-04-17 02:00:00,superseded_stronger_hour,,,被更强卖量信号覆盖(旧69.68x → 新70.15x，新信号UTC 2026-04-14 00:00)
INJUSDT,INJUSDT_202604120100,69.5034868409994,2026-04-12 01:00:00,2026-04-12 01:00,2026-04-12 02:00:00,2.935,0.0,2.935,2026-04-17 02:00:00,wait_window_expired,,,等待窗口已届满（earliest_entry+120h 截止）：窗口内仍未触发建仓。常见原因：反弹目标价未触及、资金或日内/小时额度不足、候选按倍数排序较后等。
MEGAUSDT,MEGAUSDT_202604120100,69.17431850789096,2026-04-12 01:00:00,2026-04-12 01:00,2026-04-12 02:00:00,0.12831,0.0,0.12831,2026-04-17 02:00:00,superseded_stronger_hour,,,被更强卖量信号覆盖(旧69.17x → 新199.67x，新信号UTC 2026-04-17 00:00)
JUPUSDT,JUPUSDT_202604120100,69.04133594618163,2026-04-12 01:00:00,2026-04-12 01:00,2026-04-12 02:00:00,0.161,0.0,0.161,2026-04-17 02:00:00,wait_window_expired,,,等待窗口已届满（earliest_entry+120h 截止）：窗口内仍未触发建仓。常见原因：反弹目标价未触及、资金或日内/小时额度不足、候选按倍数排序较后等。
ACEUSDT,ACEUSDT_202604120100,68.96926379237121,2026-04-12 01:00:00,2026-04-12 01:00,2026-04-12 02:00:00,0.1152,0.0,0.1152,2026-04-17 02:00:00,wait_window_expired,,,等待窗口已届满（earliest_entry+120h 截止）：窗口内仍未触发建仓。常见原因：反弹目标价未触及、资金或日内/小时额度不足、候选按倍数排序较后等。
VELODROMEUSDT,VELODROMEUSDT_202604120100,68.31697072254258,2026-04-12 01:00:00,2026-04-12 01:00,2026-04-12 02:00:00,0.01561,0.0,0.01561,2026-04-17 02:00:00,wait_window_expired,,,等待窗口已届满（earliest_entry+120h 截止）：窗口内仍未触发建仓。常见原因：反弹目标价未触及、资金或日内/小时额度不足、候选按倍数排序较后等。
ACTUSDT,ACTUSDT_202604120100,68.28544093357874,2026-04-12 01:00:00,2026-04-12 01:00,2026-04-12 02:00:00,0.01207,0.0,0.01207,2026-04-17 02:00:00,superseded_stronger_hour,,,被更强卖量信号覆盖(旧68.29x → 新80.79x，新信号UTC 2026-04-14 00:00)
NVDAUSDT,NVDAUSDT_202604120100,68.13471699909553,2026-04-12 01:00:00,2026-04-12 01:00,2026-04-12 02:00:00,187.45,0.0,187.45,2026-04-17 02:00:00,wait_window_expired,,,等待窗口已届满（earliest_entry+120h 截止）：窗口内仍未触发建仓。常见原因：反弹目标价未触及、资金或日内/小时额度不足、候选按倍数排序较后等。
ALICEUSDT,ALICEUSDT_202604120100,67.46867085672416,2026-04-12 01:00:00,2026-04-12 01:00,2026-04-12 02:00:00,0.111,0.0,0.111,2026-04-17 02:00:00,superseded_stronger_hour,,,被更强卖量信号覆盖(旧67.47x → 新207.46x，新信号UTC 2026-04-15 01:00)
HAEDALUSDT,HAEDALUSDT_202604120100,67.35313227881693,2026-04-12 01:00:00,2026-04-12 01:00,2026-04-12 02:00:00,0.0265,0.0,0.0265,2026-04-17 02:00:00,wait_window_expired,,,等待窗口已届满（earliest_entry+120h 截止）：窗口内仍未触发建仓。常见原因：反弹目标价未触及、资金或日内/小时额度不足、候选按倍数排序较后等。
LINEAUSDT,LINEAUSDT_202604120100,67.20020735653945,2026-04-12 01:00:00,2026-04-12 01:00,2026-04-12 02:00:00,0.003156,0.0,0.003156,2026-04-17 02:00:00,wait_window_expired,,,等待窗口已届满（earliest_entry+120h 截止）：窗口内仍未触发建仓。常见原因：反弹目标价未触及、资金或日内/小时额度不足、候选按倍数排序较后等。
MOVEUSDT,MOVEUSDT_202604120100,66.24520158968025,2026-04-12 01:00:00,2026-04-12 01:00,2026-04-12 02:00:00,0.01752,0.0,0.01752,2026-04-17 02:00:00,wait_window_expired,,,等待窗口已届满（earliest_entry+120h 截止）：窗口内仍未触发建仓。常见原因：反弹目标价未触及、资金或日内/小时额度不足、候选按倍数排序较后等。
BSVUSDT,BSVUSDT_202604120100,66.23146397815584,2026-04-12 01:00:00,2026-04-12 01:00,2026-04-12 02:00:00,15.57,0.0,15.57,2026-04-17 02:00:00,superseded_stronger_hour,,,被更强卖量信号覆盖(旧66.23x → 新103.60x，新信号UTC 2026-04-17 00:00)
ICNTUSDT,ICNTUSDT_202604120100,65.45007165692867,2026-04-12 01:00:00,2026-04-12 01:00,2026-04-12 02:00:00,0.2667,0.0,0.2667,2026-04-17 02:00:00,superseded_stronger_hour,,,被更强卖量信号覆盖(旧65.45x → 新163.12x，新信号UTC 2026-04-15 01:00)
MOODENGUSDT,MOODENGUSDT_202604120100,65.27827944393383,2026-04-12 01:00:00,2026-04-12 01:00,2026-04-12 02:00:00,0.04821,0.0,0.04821,2026-04-17 02:00:00,superseded_stronger_hour,,,被更强卖量信号覆盖(旧65.28x → 新72.07x，新信号UTC 2026-04-14 00:00)
XPLUSDT,XPLUSDT_202604120100,65.14092921077162,2026-04-12 01:00:00,2026-04-12 01:00,2026-04-12 02:00:00,0.1287,0.0,0.1287,2026-04-17 02:00:00,wait_window_expired,,,等待窗口已届满（earliest_entry+120h 截止）：窗口内仍未触发建仓。常见原因：反弹目标价未触及、资金或日内/小时额度不足、候选按倍数排序较后等。
BTCDOMUSDT,BTCDOMUSDT_202604120100,64.64706881903143,2026-04-12 01:00:00,2026-04-12 01:00,2026-04-12 02:00:00,5254.2,0.0,5254.2,2026-04-17 02:00:00,superseded_stronger_hour,,,被更强卖量信号覆盖(旧64.65x → 新115.39x，新信号UTC 2026-04-17 00:00)
IMXUSDT,IMXUSDT_202604120100,64.63899447957058,2026-04-12 01:00:00,2026-04-12 01:00,2026-04-12 02:00:00,0.1415,0.0,0.1415,2026-04-17 02:00:00,superseded_stronger_hour,,,被更强卖量信号覆盖(旧64.64x → 新71.81x，新信号UTC 2026-04-13 00:00)
MYXUSDT,MYXUSDT_202604120100,64.58705120659212,2026-04-12 01:00:00,2026-04-12 01:00,2026-04-12 02:00:00,0.2262,0.0,0.2262,2026-04-17 02:00:00,wait_window_expired,,,等待窗口已届满（earliest_entry+120h 截止）：窗口内仍未触发建仓。常见原因：反弹目标价未触及、资金或日内/小时额度不足、候选按倍数排序较后等。
BIOUSDT,BIOUSDT_202604120100,64.3687255791178,2026-04-12 01:00:00,2026-04-12 01:00,2026-04-12 02:00:00,0.01717,0.0,0.01717,2026-04-17 02:00:00,wait_window_expired,,,等待窗口已届满（earliest_entry+120h 截止）：窗口内仍未触发建仓。常见原因：反弹目标价未触及、资金或日内/小时额度不足、候选按倍数排序较后等。
SENTUSDT,SENTUSDT_202604120100,63.72349351156403,2026-04-12 01:00:00,2026-04-12 01:00,2026-04-12 02:00:00,0.01608,0.0,0.01608,2026-04-17 02:00:00,wait_window_expired,,,等待窗口已届满（earliest_entry+120h 截止）：窗口内仍未触发建仓。常见原因：反弹目标价未触及、资金或日内/小时额度不足、候选按倍数排序较后等。
LAUSDT,LAUSDT_202604120100,63.305442843826555,2026-04-12 01:00:00,2026-04-12 01:00,2026-04-12 02:00:00,0.1571,0.0,0.1571,2026-04-17 02:00:00,wait_window_expired,,,等待窗口已届满（earliest_entry+120h 截止）：窗口内仍未触发建仓。常见原因：反弹目标价未触及、资金或日内/小时额度不足、候选按倍数排序较后等。
WUSDT,WUSDT_202604120100,62.55275896505907,2026-04-12 01:00:00,2026-04-12 01:00,2026-04-12 02:00:00,0.01246,0.0,0.01246,2026-04-17 02:00:00,wait_window_expired,,,等待窗口已届满（earliest_entry+120h 截止）：窗口内仍未触发建仓。常见原因：反弹目标价未触及、资金或日内/小时额度不足、候选按倍数排序较后等。
PORTALUSDT,PORTALUSDT_202604120100,62.47750957396387,2026-04-12 01:00:00,2026-04-12 01:00,2026-04-12 02:00:00,0.00834,0.0,0.00834,2026-04-17 02:00:00,wait_window_expired,,,等待窗口已届满（earliest_entry+120h 截止）：窗口内仍未触发建仓。常见原因：反弹目标价未触及、资金或日内/小时额度不足、候选按倍数排序较后等。
1000CHEEMSUSDT,1000CHEEMSUSDT_202604120100,61.565538910126385,2026-04-12 01:00:00,2026-04-12 01:00,2026-04-12 02:00:00,0.0004374,0.0,0.0004374,2026-04-17 02:00:00,wait_window_expired,,,等待窗口已届满（earliest_entry+120h 截止）：窗口内仍未触发建仓。常见原因：反弹目标价未触及、资金或日内/小时额度不足、候选按倍数排序较后等。
RLCUSDT,RLCUSDT_202604120100,61.035573855424964,2026-04-12 01:00:00,2026-04-12 01:00,2026-04-12 02:00:00,0.4139,0.0,0.4139,2026-04-17 02:00:00,superseded_stronger_hour,,,被更强卖量信号覆盖(旧61.04x → 新63.07x，新信号UTC 2026-04-14 00:00)
AUSDT,AUSDT_202604120100,60.469726895708455,2026-04-12 01:00:00,2026-04-12 01:00,2026-04-12 02:00:00,0.07832,0.0,0.07832,2026-04-17 02:00:00,wait_window_expired,,,等待窗口已届满（earliest_entry+120h 截止）：窗口内仍未触发建仓。常见原因：反弹目标价未触及、资金或日内/小时额度不足、候选按倍数排序较后等。
SANTOSUSDT,SANTOSUSDT_202604120100,60.36869032665009,2026-04-12 01:00:00,2026-04-12 01:00,2026-04-12 02:00:00,1.064,0.0,1.064,2026-04-17 02:00:00,wait_window_expired,,,等待窗口已届满（earliest_entry+120h 截止）：窗口内仍未触发建仓。常见原因：反弹目标价未触及、资金或日内/小时额度不足、候选按倍数排序较后等。
PNUTUSDT,PNUTUSDT_202604120100,59.90584797828131,2026-04-12 01:00:00,2026-04-12 01:00,2026-04-12 02:00:00,0.04082,0.0,0.04082,2026-04-17 02:00:00,superseded_stronger_hour,,,被更强卖量信号覆盖(旧59.91x → 新185.99x，新信号UTC 2026-04-14 00:00)
WOOUSDT,WOOUSDT_202604120100,59.26097738130864,2026-04-12 01:00:00,2026-04-12 01:00,2026-04-12 02:00:00,0.01702,0.0,0.01702,2026-04-17 02:00:00,wait_window_expired,,,等待窗口已届满（earliest_entry+120h 截止）：窗口内仍未触发建仓。常见原因：反弹目标价未触及、资金或日内/小时额度不足、候选按倍数排序较后等。
OGUSDT,OGUSDT_202604120100,58.359523481614104,2026-04-12 01:00:00,2026-04-12 01:00,2026-04-12 02:00:00,2.568,0.0,2.568,2026-04-17 02:00:00,wait_window_expired,,,等待窗口已届满（earliest_entry+120h 截止）：窗口内仍未触发建仓。常见原因：反弹目标价未触及、资金或日内/小时额度不足、候选按倍数排序较后等。
0GUSDT,0GUSDT_202604120100,58.27058743013574,2026-04-12 01:00:00,2026-04-12 01:00,2026-04-12 02:00:00,0.537,0.0,0.537,2026-04-17 02:00:00,wait_window_expired,,,等待窗口已届满（earliest_entry+120h 截止）：窗口内仍未触发建仓。常见原因：反弹目标价未触及、资金或日内/小时额度不足、候选按倍数排序较后等。
YBUSDT,YBUSDT_202604120100,57.384178169585894,2026-04-12 01:00:00,2026-04-12 01:00,2026-04-12 02:00:00,0.1094,0.0,0.1094,2026-04-17 02:00:00,wait_window_expired,,,等待窗口已届满（earliest_entry+120h 截止）：窗口内仍未触发建仓。常见原因：反弹目标价未触及、资金或日内/小时额度不足、候选按倍数排序较后等。
THEUSDT,THEUSDT_202604120100,57.157329862424724,2026-04-12 01:00:00,2026-04-12 01:00,2026-04-12 02:00:00,0.0977,0.0,0.0977,2026-04-17 02:00:00,wait_window_expired,,,等待窗口已届满（earliest_entry+120h 截止）：窗口内仍未触发建仓。常见原因：反弹目标价未触及、资金或日内/小时额度不足、候选按倍数排序较后等。
ERAUSDT,ERAUSDT_202604120100,56.585010706638116,2026-04-12 01:00:00,2026-04-12 01:00,2026-04-12 02:00:00,0.1245,0.0,0.1245,2026-04-17 02:00:00,wait_window_expired,,,等待窗口已届满（earliest_entry+120h 截止）：窗口内仍未触发建仓。常见原因：反弹目标价未触及、资金或日内/小时额度不足、候选按倍数排序较后等。
YFIUSDT,YFIUSDT_202604120100,56.53899322767575,2026-04-12 01:00:00,2026-04-12 01:00,2026-04-12 02:00:00,2507.0,0.0,2507.0,2026-04-17 02:00:00,wait_window_expired,,,等待窗口已届满（earliest_entry+120h 截止）：窗口内仍未触发建仓。常见原因：反弹目标价未触及、资金或日内/小时额度不足、候选按倍数排序较后等。
SKLUSDT,SKLUSDT_202604120100,56.08227500117113,2026-04-12 01:00:00,2026-04-12 01:00,2026-04-12 02:00:00,0.00626,0.0,0.00626,2026-04-17 02:00:00,superseded_stronger_hour,,,被更强卖量信号覆盖(旧56.08x → 新61.54x，新信号UTC 2026-04-14 00:00)
SANDUSDT,SANDUSDT_202604120100,56.07922365662859,2026-04-12 01:00:00,2026-04-12 01:00,2026-04-12 02:00:00,0.07506,0.0,0.07506,2026-04-17 02:00:00,wait_window_expired,,,等待窗口已届满（earliest_entry+120h 截止）：窗口内仍未触发建仓。常见原因：反弹目标价未触及、资金或日内/小时额度不足、候选按倍数排序较后等。
DOTUSDT,DOTUSDT_202604120100,55.803953470899025,2026-04-12 01:00:00,2026-04-12 01:00,2026-04-12 02:00:00,1.244,0.0,1.244,2026-04-17 02:00:00,wait_window_expired,,,等待窗口已届满（earliest_entry+120h 截止）：窗口内仍未触发建仓。常见原因：反弹目标价未触及、资金或日内/小时额度不足、候选按倍数排序较后等。
NOMUSDT,NOMUSDT_202604120100,55.400027838544645,2026-04-12 01:00:00,2026-04-12 01:00,2026-04-12 02:00:00,0.003905,0.0,0.003905,2026-04-17 02:00:00,wait_window_expired,,,等待窗口已届满（earliest_entry+120h 截止）：窗口内仍未触发建仓。常见原因：反弹目标价未触及、资金或日内/小时额度不足、候选按倍数排序较后等。
TONUSDT,TONUSDT_202604120100,55.08856470286637,2026-04-12 01:00:00,2026-04-12 01:00,2026-04-12 02:00:00,1.4173,0.0,1.4173,2026-04-17 02:00:00,superseded_stronger_hour,,,被更强卖量信号覆盖(旧55.09x → 新124.75x，新信号UTC 2026-04-17 00:00)
ARKMUSDT,ARKMUSDT_202604120100,54.62870262676918,2026-04-12 01:00:00,2026-04-12 01:00,2026-04-12 02:00:00,0.0981,0.0,0.0981,2026-04-17 02:00:00,wait_window_expired,,,等待窗口已届满（earliest_entry+120h 截止）：窗口内仍未触发建仓。常见原因：反弹目标价未触及、资金或日内/小时额度不足、候选按倍数排序较后等。
BATUSDT,BATUSDT_202604120100,54.558968743868085,2026-04-12 01:00:00,2026-04-12 01:00,2026-04-12 02:00:00,0.0957,0.0,0.0957,2026-04-17 02:00:00,wait_window_expired,,,等待窗口已届满（earliest_entry+120h 截止）：窗口内仍未触发建仓。常见原因：反弹目标价未触及、资金或日内/小时额度不足、候选按倍数排序较后等。
XVGUSDT,XVGUSDT_202604120100,53.72681157227529,2026-04-12 01:00:00,2026-04-12 01:00,2026-04-12 02:00:00,0.004814,0.0,0.004814,2026-04-17 02:00:00,wait_window_expired,,,等待窗口已届满（earliest_entry+120h 截止）：窗口内仍未触发建仓。常见原因：反弹目标价未触及、资金或日内/小时额度不足、候选按倍数排序较后等。
GOATUSDT,GOATUSDT_202604120100,53.721623852398395,2026-04-12 01:00:00,2026-04-12 01:00,2026-04-12 02:00:00,0.01706,0.0,0.01706,2026-04-17 02:00:00,wait_window_expired,,,等待窗口已届满（earliest_entry+120h 截止）：窗口内仍未触发建仓。常见原因：反弹目标价未触及、资金或日内/小时额度不足、候选按倍数排序较后等。
KSMUSDT,KSMUSDT_202604120100,53.40555622369212,2026-04-12 01:00:00,2026-04-12 01:00,2026-04-12 02:00:00,4.143,0.0,4.143,2026-04-17 02:00:00,wait_window_expired,,,等待窗口已届满（earliest_entry+120h 截止）：窗口内仍未触发建仓。常见原因：反弹目标价未触及、资金或日内/小时额度不足、候选按倍数排序较后等。
STORJUSDT,STORJUSDT_202604120100,52.73249329107354,2026-04-12 01:00:00,2026-04-12 01:00,2026-04-12 02:00:00,0.0976,0.0,0.0976,2026-04-17 02:00:00,superseded_stronger_hour,,,被更强卖量信号覆盖(旧52.73x → 新58.02x，新信号UTC 2026-04-17 00:00)
SCRTUSDT,SCRTUSDT_202604120100,52.70145223122392,2026-04-12 01:00:00,2026-04-12 01:00,2026-04-12 02:00:00,0.09181,0.0,0.09181,2026-04-17 02:00:00,superseded_stronger_hour,,,被更强卖量信号覆盖(旧52.70x → 新106.52x，新信号UTC 2026-04-17 00:00)
XPDUSDT,XPDUSDT_202604120100,50.99481376709099,2026-04-12 01:00:00,2026-04-12 01:00,2026-04-12 02:00:00,1529.19,0.0,1529.19,2026-04-17 02:00:00,superseded_stronger_hour,,,被更强卖量信号覆盖(旧50.99x → 新101.42x，新信号UTC 2026-04-15 01:00)
NILUSDT,NILUSDT_202604120100,50.80775396673571,2026-04-12 01:00:00,2026-04-12 01:00,2026-04-12 02:00:00,0.03353,0.0,0.03353,2026-04-17 02:00:00,superseded_stronger_hour,,,被更强卖量信号覆盖(旧50.81x → 新73.26x，新信号UTC 2026-04-17 00:00)
IOUSDT,IOUSDT_202604120100,50.566348574040084,2026-04-12 01:00:00,2026-04-12 01:00,2026-04-12 02:00:00,0.0996,0.0,0.0996,2026-04-17 02:00:00,superseded_stronger_hour,,,被更强卖量信号覆盖(旧50.57x → 新55.58x，新信号UTC 2026-04-14 00:00)
BLUAIUSDT,BLUAIUSDT_202604120100,50.340505273529246,2026-04-12 01:00:00,2026-04-12 01:00,2026-04-12 02:00:00,0.008487,0.0,0.008487,2026-04-17 02:00:00,superseded_stronger_hour,,,被更强卖量信号覆盖(旧50.34x → 新61.62x，新信号UTC 2026-04-14 00:00)
MANAUSDT,MANAUSDT_202604120100,49.70649655286116,2026-04-12 01:00:00,2026-04-12 01:00,2026-04-12 02:00:00,0.0873,0.0,0.0873,2026-04-17 02:00:00,wait_window_expired,,,等待窗口已届满（earliest_entry+120h 截止）：窗口内仍未触发建仓。常见原因：反弹目标价未触及、资金或日内/小时额度不足、候选按倍数排序较后等。
TRUMPUSDT,TRUMPUSDT_202604120100,49.68970910424718,2026-04-12 01:00:00,2026-04-12 01:00,2026-04-12 02:00:00,2.769,0.0,2.769,2026-04-17 02:00:00,wait_window_expired,,,等待窗口已届满（earliest_entry+120h 截止）：窗口内仍未触发建仓。常见原因：反弹目标价未触及、资金或日内/小时额度不足、候选按倍数排序较后等。
POLUSDT,POLUSDT_202604120100,49.684323379799196,2026-04-12 01:00:00,2026-04-12 01:00,2026-04-12 02:00:00,0.08411,0.0,0.08411,2026-04-17 02:00:00,wait_window_expired,,,等待窗口已届满（earliest_entry+120h 截止）：窗口内仍未触发建仓。常见原因：反弹目标价未触及、资金或日内/小时额度不足、候选按倍数排序较后等。
CFXUSDT,CFXUSDT_202604120100,49.572708092229554,2026-04-12 01:00:00,2026-04-12 01:00,2026-04-12 02:00:00,0.05267,0.0,0.05267,2026-04-17 02:00:00,superseded_stronger_hour,,,被更强卖量信号覆盖(旧49.57x → 新73.24x，新信号UTC 2026-04-17 00:00)
MMTUSDT,MMTUSDT_202604120100,49.56668764933228,2026-04-12 01:00:00,2026-04-12 01:00,2026-04-12 02:00:00,0.1198,0.0,0.1198,2026-04-17 02:00:00,wait_window_expired,,,等待窗口已届满（earliest_entry+120h 截止）：窗口内仍未触发建仓。常见原因：反弹目标价未触及、资金或日内/小时额度不足、候选按倍数排序较后等。
AIUSDT,AIUSDT_202604120100,49.524427440660176,2026-04-12 01:00:00,2026-04-12 01:00,2026-04-12 02:00:00,0.01912,0.0,0.01912,2026-04-17 02:00:00,wait_window_expired,,,等待窗口已届满（earliest_entry+120h 截止）：窗口内仍未触发建仓。常见原因：反弹目标价未触及、资金或日内/小时额度不足、候选按倍数排序较后等。
YGGUSDT,YGGUSDT_202604120100,49.34214529572153,2026-04-12 01:00:00,2026-04-12 01:00,2026-04-12 02:00:00,0.03726,0.0,0.03726,2026-04-17 02:00:00,superseded_stronger_hour,,,被更强卖量信号覆盖(旧49.34x → 新68.47x，新信号UTC 2026-04-17 00:00)
STXUSDT,STXUSDT_202604120100,49.133574494218884,2026-04-12 01:00:00,2026-04-12 01:00,2026-04-12 02:00:00,0.2132,0.0,0.2132,2026-04-17 02:00:00,wait_window_expired,,,等待窗口已届满（earliest_entry+120h 截止）：窗口内仍未触发建仓。常见原因：反弹目标价未触及、资金或日内/小时额度不足、候选按倍数排序较后等。
DEGOUSDT,DEGOUSDT_202604120100,49.063869718824094,2026-04-12 01:00:00,2026-04-12 01:00,2026-04-12 02:00:00,0.2946,0.0,0.2946,2026-04-17 02:00:00,wait_window_expired,,,等待窗口已届满（earliest_entry+120h 截止）：窗口内仍未触发建仓。常见原因：反弹目标价未触及、资金或日内/小时额度不足、候选按倍数排序较后等。
BICOUSDT,BICOUSDT_202604120100,49.007553453860695,2026-04-12 01:00:00,2026-04-12 01:00,2026-04-12 02:00:00,0.02225,0.0,0.02225,2026-04-17 02:00:00,wait_window_expired,,,等待窗口已届满（earliest_entry+120h 截止）：窗口内仍未触发建仓。常见原因：反弹目标价未触及、资金或日内/小时额度不足、候选按倍数排序较后等。
1000CATUSDT,1000CATUSDT_202604120100,48.97230288336311,2026-04-12 01:00:00,2026-04-12 01:00,2026-04-12 02:00:00,0.001584,0.0,0.001584,2026-04-17 02:00:00,wait_window_expired,,,等待窗口已届满（earliest_entry+120h 截止）：窗口内仍未触发建仓。常见原因：反弹目标价未触及、资金或日内/小时额度不足、候选按倍数排序较后等。
ENSOUSDT,ENSOUSDT_202604120100,48.029776176379976,2026-04-12 01:00:00,2026-04-12 01:00,2026-04-12 02:00:00,0.8919,0.0,0.8919,2026-04-17 02:00:00,wait_window_expired,,,等待窗口已届满（earliest_entry+120h 截止）：窗口内仍未触发建仓。常见原因：反弹目标价未触及、资金或日内/小时额度不足、候选按倍数排序较后等。
MONUSDT,MONUSDT_202604120100,47.95973766474083,2026-04-12 01:00:00,2026-04-12 01:00,2026-04-12 02:00:00,0.03405,0.0,0.03405,2026-04-17 02:00:00,wait_window_expired,,,等待窗口已届满（earliest_entry+120h 截止）：窗口内仍未触发建仓。常见原因：反弹目标价未触及、资金或日内/小时额度不足、候选按倍数排序较后等。
GRIFFAINUSDT,GRIFFAINUSDT_202604120100,47.8057747610023,2026-04-12 01:00:00,2026-04-12 01:00,2026-04-12 02:00:00,0.016859,0.0,0.016859,2026-04-17 02:00:00,superseded_stronger_hour,,,被更强卖量信号覆盖(旧47.81x → 新68.04x，新信号UTC 2026-04-17 00:00)
RENDERUSDT,RENDERUSDT_202604120100,47.22150291891581,2026-04-12 01:00:00,2026-04-12 01:00,2026-04-12 02:00:00,1.94,0.0,1.94,2026-04-17 02:00:00,wait_window_expired,,,等待窗口已届满（earliest_entry+120h 截止）：窗口内仍未触发建仓。常见原因：反弹目标价未触及、资金或日内/小时额度不足、候选按倍数排序较后等。
RECALLUSDT,RECALLUSDT_202604120100,46.306127881001515,2026-04-12 01:00:00,2026-04-12 01:00,2026-04-12 02:00:00,0.0448,0.0,0.0448,2026-04-17 02:00:00,superseded_stronger_hour,,,被更强卖量信号覆盖(旧46.31x → 新68.00x，新信号UTC 2026-04-17 00:00)
METISUSDT,METISUSDT_202604120100,46.1352142050764,2026-04-12 01:00:00,2026-04-12 01:00,2026-04-12 02:00:00,3.01,0.0,3.01,2026-04-17 02:00:00,superseded_stronger_hour,,,被更强卖量信号覆盖(旧46.14x → 新109.81x，新信号UTC 2026-04-14 05:00)
MUUSDT,MUUSDT_202604120100,45.89988917620983,2026-04-12 01:00:00,2026-04-12 01:00,2026-04-12 02:00:00,418.79,0.0,418.79,2026-04-17 02:00:00,wait_window_expired,,,等待窗口已届满（earliest_entry+120h 截止）：窗口内仍未触发建仓。常见原因：反弹目标价未触及、资金或日内/小时额度不足、候选按倍数排序较后等。
EDUUSDT,EDUUSDT_202604120100,45.549490954772715,2026-04-12 01:00:00,2026-04-12 01:00,2026-04-12 02:00:00,0.04407,0.0,0.04407,2026-04-17 02:00:00,superseded_stronger_hour,,,被更强卖量信号覆盖(旧45.55x → 新46.16x，新信号UTC 2026-04-14 05:00)
BLURUSDT,BLURUSDT_202604120100,45.438989344812,2026-04-12 01:00:00,2026-04-12 01:00,2026-04-12 02:00:00,0.02237,0.0,0.02237,2026-04-17 02:00:00,wait_window_expired,,,等待窗口已届满（earliest_entry+120h 截止）：窗口内仍未触发建仓。常见原因：反弹目标价未触及、资金或日内/小时额度不足、候选按倍数排序较后等。
WIFUSDT,WIFUSDT_202604120100,44.895149680678855,2026-04-12 01:00:00,2026-04-12 01:00,2026-04-12 02:00:00,0.19,0.0,0.19,2026-04-17 02:00:00,superseded_stronger_hour,,,被更强卖量信号覆盖(旧44.90x → 新51.40x，新信号UTC 2026-04-14 00:00)
AUCTIONUSDT,AUCTIONUSDT_202604120100,44.881314022897136,2026-04-12 01:00:00,2026-04-12 01:00,2026-04-12 02:00:00,4.661,0.0,4.661,2026-04-17 02:00:00,superseded_stronger_hour,,,被更强卖量信号覆盖(旧44.88x → 新67.53x，新信号UTC 2026-04-17 00:00)
GUNUSDT,GUNUSDT_202604120100,44.57512667070364,2026-04-12 01:00:00,2026-04-12 01:00,2026-04-12 02:00:00,0.01627,0.0,0.01627,2026-04-17 02:00:00,wait_window_expired,,,等待窗口已届满（earliest_entry+120h 截止）：窗口内仍未触发建仓。常见原因：反弹目标价未触及、资金或日内/小时额度不足、候选按倍数排序较后等。
SAHARAUSDT,SAHARAUSDT_202604120100,44.10616032079317,2026-04-12 01:00:00,2026-04-12 01:00,2026-04-12 02:00:00,0.02126,0.0,0.02126,2026-04-17 02:00:00,superseded_stronger_hour,,,被更强卖量信号覆盖(旧44.11x → 新172.85x，新信号UTC 2026-04-14 00:00)
MLNUSDT,MLNUSDT_202604120100,43.959992866913296,2026-04-12 01:00:00,2026-04-12 01:00,2026-04-12 02:00:00,3.275,0.0,3.275,2026-04-17 02:00:00,superseded_stronger_hour,,,被更强卖量信号覆盖(旧43.96x → 新48.67x，新信号UTC 2026-04-15 01:00)
OPNUSDT,OPNUSDT_202604120100,43.88284146609116,2026-04-12 01:00:00,2026-04-12 01:00,2026-04-12 02:00:00,0.167,0.0,0.167,2026-04-17 02:00:00,wait_window_expired,,,等待窗口已届满（earliest_entry+120h 截止）：窗口内仍未触发建仓。常见原因：反弹目标价未触及、资金或日内/小时额度不足、候选按倍数排序较后等。
ARUSDT,ARUSDT_202604120100,43.18167740683665,2026-04-12 01:00:00,2026-04-12 01:00,2026-04-12 02:00:00,1.681,0.0,1.681,2026-04-17 02:00:00,wait_window_expired,,,等待窗口已届满（earliest_entry+120h 截止）：窗口内仍未触发建仓。常见原因：反弹目标价未触及、资金或日内/小时额度不足、候选按倍数排序较后等。
SPELLUSDT,SPELLUSDT_202604120100,42.67741965406546,2026-04-12 01:00:00,2026-04-12 01:00,2026-04-12 02:00:00,0.0001579,0.0,0.0001579,2026-04-17 02:00:00,wait_window_expired,,,等待窗口已届满（earliest_entry+120h 截止）：窗口内仍未触发建仓。常见原因：反弹目标价未触及、资金或日内/小时额度不足、候选按倍数排序较后等。
SAGAUSDT,SAGAUSDT_202604120100,42.23008993815519,2026-04-12 01:00:00,2026-04-12 01:00,2026-04-12 02:00:00,0.02762,0.0,0.02762,2026-04-17 02:00:00,wait_window_expired,,,等待窗口已届满（earliest_entry+120h 截止）：窗口内仍未触发建仓。常见原因：反弹目标价未触及、资金或日内/小时额度不足、候选按倍数排序较后等。
SWARMSUSDT,SWARMSUSDT_202604120100,42.11823167734536,2026-04-12 01:00:00,2026-04-12 01:00,2026-04-12 02:00:00,0.017238,0.0,0.017238,2026-04-17 02:00:00,superseded_stronger_hour,,,被更强卖量信号覆盖(旧42.12x → 新232.66x，新信号UTC 2026-04-17 00:00)
VANRYUSDT,VANRYUSDT_202604120100,41.42288028943907,2026-04-12 01:00:00,2026-04-12 01:00,2026-04-12 02:00:00,0.005144,0.0,0.005144,2026-04-17 02:00:00,superseded_stronger_hour,,,被更强卖量信号覆盖(旧41.42x → 新47.63x，新信号UTC 2026-04-17 00:00)
ZKPUSDT,ZKPUSDT_202604120100,41.361754517125064,2026-04-12 01:00:00,2026-04-12 01:00,2026-04-12 02:00:00,0.06923,0.0,0.06923,2026-04-17 02:00:00,wait_window_expired,,,等待窗口已届满（earliest_entry+120h 截止）：窗口内仍未触发建仓。常见原因：反弹目标价未触及、资金或日内/小时额度不足、候选按倍数排序较后等。
ALTUSDT,ALTUSDT_202604120100,41.32330814528661,2026-04-12 01:00:00,2026-04-12 01:00,2026-04-12 02:00:00,0.00671,0.0,0.00671,2026-04-17 02:00:00,superseded_stronger_hour,,,被更强卖量信号覆盖(旧41.32x → 新63.62x，新信号UTC 2026-04-17 00:00)
USELESSUSDT,USELESSUSDT_202604120100,39.69099279639442,2026-04-12 01:00:00,2026-04-12 01:00,2026-04-12 02:00:00,0.0413,0.0,0.0413,2026-04-17 02:00:00,superseded_stronger_hour,,,被更强卖量信号覆盖(旧39.69x → 新67.52x，新信号UTC 2026-04-17 00:00)
NFPUSDT,NFPUSDT_202604120100,39.29803303722504,2026-04-12 01:00:00,2026-04-12 01:00,2026-04-12 02:00:00,0.01329,0.0,0.01329,2026-04-17 02:00:00,superseded_stronger_hour,,,被更强卖量信号覆盖(旧39.30x → 新52.80x，新信号UTC 2026-04-15 01:00)
1000LUNCUSDT,1000LUNCUSDT_202604120100,39.2761885148029,2026-04-12 01:00:00,2026-04-12 01:00,2026-04-12 02:00:00,0.04078,0.0,0.04078,2026-04-17 02:00:00,superseded_stronger_hour,,,被更强卖量信号覆盖(旧39.28x → 新42.24x，新信号UTC 2026-04-14 18:00)
TRUTHUSDT,TRUTHUSDT_202604120100,38.75757531291728,2026-04-12 01:00:00,2026-04-12 01:00,2026-04-12 02:00:00,0.009822,0.0,0.009822,2026-04-17 02:00:00,superseded_stronger_hour,,,被更强卖量信号覆盖(旧38.76x → 新70.27x，新信号UTC 2026-04-14 00:00)
AKEUSDT,AKEUSDT_202604120100,38.44740993892047,2026-04-12 01:00:00,2026-04-12 01:00,2026-04-12 02:00:00,0.0005617,0.0,0.0005617,2026-04-17 02:00:00,superseded_stronger_hour,,,被更强卖量信号覆盖(旧38.45x → 新91.76x，新信号UTC 2026-04-15 01:00)
TOWNSUSDT,TOWNSUSDT_202604120100,37.14902947989013,2026-04-12 01:00:00,2026-04-12 01:00,2026-04-12 02:00:00,0.003159,0.0,0.003159,2026-04-17 02:00:00,wait_window_expired,,,等待窗口已届满（earliest_entry+120h 截止）：窗口内仍未触发建仓。常见原因：反弹目标价未触及、资金或日内/小时额度不足、候选按倍数排序较后等。
GPSUSDT,GPSUSDT_202604120100,36.614503393908734,2026-04-12 01:00:00,2026-04-12 01:00,2026-04-12 02:00:00,0.00828,0.0,0.00828,2026-04-17 02:00:00,superseded_stronger_hour,,,被更强卖量信号覆盖(旧36.61x → 新46.14x，新信号UTC 2026-04-15 01:00)
OPUSDT,OPUSDT_202604120100,36.253670267982606,2026-04-12 01:00:00,2026-04-12 01:00,2026-04-12 02:00:00,0.1097,0.0,0.1097,2026-04-17 02:00:00,wait_window_expired,,,等待窗口已届满（earliest_entry+120h 截止）：窗口内仍未触发建仓。常见原因：反弹目标价未触及、资金或日内/小时额度不足、候选按倍数排序较后等。
KOMAUSDT,KOMAUSDT_202604120100,35.87171126588417,2026-04-12 01:00:00,2026-04-12 01:00,2026-04-12 02:00:00,0.007755,0.0,0.007755,2026-04-17 02:00:00,superseded_stronger_hour,,,被更强卖量信号覆盖(旧35.87x → 新37.60x，新信号UTC 2026-04-14 00:00)
VELVETUSDT,VELVETUSDT_202604120100,35.49519623285694,2026-04-12 01:00:00,2026-04-12 01:00,2026-04-12 02:00:00,0.07204,0.0,0.07204,2026-04-17 02:00:00,wait_window_expired,,,等待窗口已届满（earliest_entry+120h 截止）：窗口内仍未触发建仓。常见原因：反弹目标价未触及、资金或日内/小时额度不足、候选按倍数排序较后等。
1000000BOBUSDT,1000000BOBUSDT_202604120100,35.286816269284714,2026-04-12 01:00:00,2026-04-12 01:00,2026-04-12 02:00:00,0.01231,0.0,0.01231,2026-04-17 02:00:00,wait_window_expired,,,等待窗口已届满（earliest_entry+120h 截止）：窗口内仍未触发建仓。常见原因：反弹目标价未触及、资金或日内/小时额度不足、候选按倍数排序较后等。
AVNTUSDT,AVNTUSDT_202604120100,35.05220689886328,2026-04-12 01:00:00,2026-04-12 01:00,2026-04-12 02:00:00,0.1394,0.0,0.1394,2026-04-17 02:00:00,superseded_stronger_hour,,,被更强卖量信号覆盖(旧35.05x → 新59.99x，新信号UTC 2026-04-17 00:00)
TRXUSDT,TRXUSDT_202604120100,34.98851130729229,2026-04-12 01:00:00,2026-04-12 01:00,2026-04-12 02:00:00,0.31827,0.0,0.31827,2026-04-17 02:00:00,wait_window_expired,,,等待窗口已届满（earliest_entry+120h 截止）：窗口内仍未触发建仓。常见原因：反弹目标价未触及、资金或日内/小时额度不足、候选按倍数排序较后等。
MAGICUSDT,MAGICUSDT_202604120100,34.639654557258616,2026-04-12 01:00:00,2026-04-12 01:00,2026-04-12 02:00:00,0.06142,0.0,0.06142,2026-04-17 02:00:00,superseded_stronger_hour,,,被更强卖量信号覆盖(旧34.64x → 新35.50x，新信号UTC 2026-04-15 01:00)
STGUSDT,STGUSDT_202604120100,34.46010286788006,2026-04-12 01:00:00,2026-04-12 01:00,2026-04-12 02:00:00,0.2053,0.0,0.2053,2026-04-17 02:00:00,superseded_stronger_hour,,,被更强卖量信号覆盖(旧34.46x → 新45.25x，新信号UTC 2026-04-17 00:00)
MEUSDT,MEUSDT_202604120100,34.11895069876858,2026-04-12 01:00:00,2026-04-12 01:00,2026-04-12 02:00:00,0.103,0.0,0.103,2026-04-17 02:00:00,superseded_stronger_hour,,,被更强卖量信号覆盖(旧34.12x → 新36.40x，新信号UTC 2026-04-14 05:00)
ASRUSDT,ASRUSDT_202604120100,33.63528258738974,2026-04-12 01:00:00,2026-04-12 01:00,2026-04-12 02:00:00,1.242,0.0,1.242,2026-04-17 02:00:00,superseded_stronger_hour,,,被更强卖量信号覆盖(旧33.64x → 新39.50x，新信号UTC 2026-04-17 00:00)
BANANAUSDT,BANANAUSDT_202604120100,33.55359672162709,2026-04-12 01:00:00,2026-04-12 01:00,2026-04-12 02:00:00,3.448,0.0,3.448,2026-04-17 02:00:00,superseded_stronger_hour,,,被更强卖量信号覆盖(旧33.55x → 新34.59x，新信号UTC 2026-04-14 12:00)
SOMIUSDT,SOMIUSDT_202604120100,33.32921257413583,2026-04-12 01:00:00,2026-04-12 01:00,2026-04-12 02:00:00,0.1591,0.0,0.1591,2026-04-17 02:00:00,superseded_stronger_hour,,,被更强卖量信号覆盖(旧33.33x → 新58.70x，新信号UTC 2026-04-14 00:00)
COOKIEUSDT,COOKIEUSDT_202604120100,33.20314614043148,2026-04-12 01:00:00,2026-04-12 01:00,2026-04-12 02:00:00,0.01583,0.0,0.01583,2026-04-17 02:00:00,superseded_stronger_hour,,,被更强卖量信号覆盖(旧33.20x → 新47.26x，新信号UTC 2026-04-17 00:00)
CROSSUSDT,CROSSUSDT_202604120100,32.43324637631485,2026-04-12 01:00:00,2026-04-12 01:00,2026-04-12 02:00:00,0.08234,0.0,0.08234,2026-04-17 02:00:00,superseded_stronger_hour,,,被更强卖量信号覆盖(旧32.43x → 新38.26x，新信号UTC 2026-04-14 12:00)
EDENUSDT,EDENUSDT_202604120100,32.41128248865443,2026-04-12 01:00:00,2026-04-12 01:00,2026-04-12 02:00:00,0.03157,0.0,0.03157,2026-04-17 02:00:00,superseded_stronger_hour,,,被更强卖量信号覆盖(旧32.41x → 新89.57x，新信号UTC 2026-04-15 01:00)
TSLAUSDT,TSLAUSDT_202604120100,32.00123505361029,2026-04-12 01:00:00,2026-04-12 01:00,2026-04-12 02:00:00,349.57,0.0,349.57,2026-04-17 02:00:00,superseded_stronger_hour,,,被更强卖量信号覆盖(旧32.00x → 新53.03x，新信号UTC 2026-04-15 01:00)
CVCUSDT,CVCUSDT_202604120100,31.560230649636903,2026-04-12 01:00:00,2026-04-12 01:00,2026-04-12 02:00:00,0.02964,0.0,0.02964,2026-04-17 02:00:00,superseded_stronger_hour,,,被更强卖量信号覆盖(旧31.56x → 新39.56x，新信号UTC 2026-04-14 00:00)
STRKUSDT,STRKUSDT_202604120100,31.486787296829196,2026-04-12 01:00:00,2026-04-12 01:00,2026-04-12 02:00:00,0.03386,0.0,0.03386,2026-04-17 02:00:00,superseded_stronger_hour,,,被更强卖量信号覆盖(旧31.49x → 新32.51x，新信号UTC 2026-04-17 00:00)
STEEMUSDT,STEEMUSDT_202604120100,31.454047907030944,2026-04-12 01:00:00,2026-04-12 01:00,2026-04-12 02:00:00,0.05676,0.0,0.05676,2026-04-17 02:00:00,wait_window_expired,,,等待窗口已届满（earliest_entry+120h 截止）：窗口内仍未触发建仓。常见原因：反弹目标价未触及、资金或日内/小时额度不足、候选按倍数排序较后等。
ARKUSDT,ARKUSDT_202604120100,31.313491644241708,2026-04-12 01:00:00,2026-04-12 01:00,2026-04-12 02:00:00,0.1642,0.0,0.1642,2026-04-17 02:00:00,superseded_stronger_hour,,,被更强卖量信号覆盖(旧31.31x → 新46.35x，新信号UTC 2026-04-14 00:00)
SIGNUSDT,SIGNUSDT_202604120100,31.0575054440881,2026-04-12 01:00:00,2026-04-12 01:00,2026-04-12 02:00:00,0.03168,0.0,0.03168,2026-04-17 02:00:00,superseded_stronger_hour,,,被更强卖量信号覆盖(旧31.06x → 新64.07x，新信号UTC 2026-04-14 00:00)
KITEUSDT,KITEUSDT_202604120100,31.015487778959013,2026-04-12 01:00:00,2026-04-12 01:00,2026-04-12 02:00:00,0.13014,0.0,0.13014,2026-04-17 02:00:00,wait_window_expired,,,等待窗口已届满（earliest_entry+120h 截止）：窗口内仍未触发建仓。常见原因：反弹目标价未触及、资金或日内/小时额度不足、候选按倍数排序较后等。
PAYPUSDT,PAYPUSDT_202604120100,30.8388280789146,2026-04-12 01:00:00,2026-04-12 01:00,2026-04-12 02:00:00,20.43,0.0,20.43,2026-04-17 02:00:00,superseded_stronger_hour,,,被更强卖量信号覆盖(旧30.84x → 新114.40x，新信号UTC 2026-04-17 00:00)
IRUSDT,IRUSDT_202604120100,30.7995590503014,2026-04-12 01:00:00,2026-04-12 01:00,2026-04-12 02:00:00,0.03888,0.0,0.03888,2026-04-17 02:00:00,superseded_stronger_hour,,,被更强卖量信号覆盖(旧30.80x → 新39.84x，新信号UTC 2026-04-17 00:00)
JCTUSDT,JCTUSDT_202604120100,30.694878889968972,2026-04-12 01:00:00,2026-04-12 01:00,2026-04-12 02:00:00,0.003623,0.0,0.003623,2026-04-17 02:00:00,superseded_stronger_hour,,,被更强卖量信号覆盖(旧30.69x → 新33.59x，新信号UTC 2026-04-14 00:00)
STOUSDT,STOUSDT_202604120100,30.03356334065811,2026-04-12 01:00:00,2026-04-12 01:00,2026-04-12 02:00:00,0.12435,0.0,0.12435,2026-04-17 02:00:00,superseded_stronger_hour,,,被更强卖量信号覆盖(旧30.03x → 新51.51x，新信号UTC 2026-04-17 00:00)
INXUSDT,INXUSDT_202604130000,73.74521350247295,2026-04-13 00:00:00,2026-04-13 00:00,2026-04-13 01:00:00,0.018536,0.0,0.018536,2026-04-18 01:00:00,entered,2026-04-13 01:05:00,0.018520,触发目标价并建仓（理论0.018536，实际0.018520）
IMXUSDT,IMXUSDT_202604130000,71.80588515046718,2026-04-13 00:00:00,2026-04-13 00:00,2026-04-13 01:00:00,0.1401,0.0,0.1401,2026-04-18 01:00:00,wait_window_expired,,,等待窗口已届满（earliest_entry+120h 截止）：窗口内仍未触发建仓。常见原因：反弹目标价未触及、资金或日内/小时额度不足、候选按倍数排序较后等。
STABLEUSDT,STABLEUSDT_202604130200,134.73363896292102,2026-04-13 02:00:00,2026-04-13 02:00,2026-04-13 03:00:00,0.03081,0.0,0.03081,2026-04-18 03:00:00,entered,2026-04-13 03:05:00,0.028630,触发目标价并建仓（理论0.030810，实际0.028630）
TSTUSDT,TSTUSDT_202604130700,36.4393642700364,2026-04-13 07:00:00,2026-04-13 07:00,2026-04-13 08:00:00,0.00908,0.0,0.00908,2026-04-18 08:00:00,entered,2026-04-13 08:05:00,0.009251,触发目标价并建仓（理论0.009080，实际0.009251）
FIGHTUSDT,FIGHTUSDT_202604130700,36.32143841699864,2026-04-13 07:00:00,2026-04-13 07:00,2026-04-13 08:00:00,0.005056,0.0,0.005056,2026-04-18 08:00:00,superseded_stronger_hour,,,被更强卖量信号覆盖(旧36.32x → 新41.13x，新信号UTC 2026-04-17 05:00)
MITOUSDT,MITOUSDT_202604131000,128.91351990690137,2026-04-13 10:00:00,2026-04-13 10:00,2026-04-13 11:00:00,0.03623,0.0,0.03623,2026-04-18 11:00:00,entered,2026-04-13 11:05:00,0.036150,触发目标价并建仓（理论0.036230，实际0.036150）
TURTLEUSDT,TURTLEUSDT_202604131000,39.82517797896355,2026-04-13 10:00:00,2026-04-13 10:00,2026-04-13 11:00:00,0.04469,0.0,0.04469,2026-04-18 11:00:00,wait_window_expired,,,等待窗口已届满（earliest_entry+120h 截止）：窗口内仍未触发建仓。常见原因：反弹目标价未触及、资金或日内/小时额度不足、候选按倍数排序较后等。
LIGHTUSDT,LIGHTUSDT_202604131500,71.49470965036197,2026-04-13 15:00:00,2026-04-13 15:00,2026-04-13 16:00:00,0.1614,0.0,0.1614,2026-04-18 16:00:00,entered,2026-04-13 16:05:00,0.175700,触发目标价并建仓（理论0.161400，实际0.175700）
XPINUSDT,XPINUSDT_202604131500,34.840104356016525,2026-04-13 15:00:00,2026-04-13 15:00,2026-04-13 16:00:00,0.001488,0.0,0.001488,2026-04-18 16:00:00,superseded_stronger_hour,,,被更强卖量信号覆盖(旧34.84x → 新52.04x，新信号UTC 2026-04-14 00:00)
MUSDT,MUSDT_202604131500,31.22308538513282,2026-04-13 15:00:00,2026-04-13 15:00,2026-04-13 16:00:00,2.8308,0.0,2.8308,2026-04-18 16:00:00,superseded_stronger_hour,,,被更强卖量信号覆盖(旧31.22x → 新151.97x，新信号UTC 2026-04-17 00:00)
MUBARAKUSDT,MUBARAKUSDT_202604131500,30.503452988652082,2026-04-13 15:00:00,2026-04-13 15:00,2026-04-13 16:00:00,0.01278,0.0,0.01278,2026-04-18 16:00:00,superseded_stronger_hour,,,被更强卖量信号覆盖(旧30.50x → 新41.99x，新信号UTC 2026-04-14 00:00)
BROCCOLIF3BUSDT,BROCCOLIF3BUSDT_202604131600,54.20549126793022,2026-04-13 16:00:00,2026-04-13 16:00,2026-04-13 17:00:00,0.004335,0.0,0.004335,2026-04-18 17:00:00,superseded_stronger_hour,,,被更强卖量信号覆盖(旧54.21x → 新106.61x，新信号UTC 2026-04-14 00:00)
GUAUSDT,GUAUSDT_202604132000,33.98915058136803,2026-04-13 20:00:00,2026-04-13 20:00,2026-04-13 21:00:00,0.57354,0.0,0.57354,2026-04-18 21:00:00,superseded_stronger_hour,,,被更强卖量信号覆盖(旧33.99x → 新75.09x，新信号UTC 2026-04-14 00:00)
EVAAUSDT,EVAAUSDT_202604140000,222.8637452264353,2026-04-14 00:00:00,2026-04-14 00:00,2026-04-14 01:00:00,1.0697,0.0,1.0697,2026-04-19 01:00:00,entered,2026-04-14 01:05:00,0.885900,触发目标价并建仓（理论1.069700，实际0.885900）
SPORTFUNUSDT,SPORTFUNUSDT_202604140000,220.21407055910873,2026-04-14 00:00:00,2026-04-14 00:00,2026-04-14 01:00:00,0.03644,0.0,0.03644,2026-04-19 01:00:00,entered,2026-04-14 01:05:00,0.036980,触发目标价并建仓（理论0.036440，实际0.036980）
TREEUSDT,TREEUSDT_202604140000,208.08614325025462,2026-04-14 00:00:00,2026-04-14 00:00,2026-04-14 01:00:00,0.06394,0.0,0.06394,2026-04-19 01:00:00,wait_window_expired,,,等待窗口已届满（earliest_entry+120h 截止）：窗口内仍未触发建仓。常见原因：反弹目标价未触及、资金或日内/小时额度不足、候选按倍数排序较后等。
FLUIDUSDT,FLUIDUSDT_202604140000,202.38691322901843,2026-04-14 00:00:00,2026-04-14 00:00,2026-04-14 01:00:00,1.655,0.0,1.655,2026-04-19 01:00:00,wait_window_expired,,,等待窗口已届满（earliest_entry+120h 截止）：窗口内仍未触发建仓。常见原因：反弹目标价未触及、资金或日内/小时额度不足、候选按倍数排序较后等。
WETUSDT,WETUSDT_202604140000,197.56003299625618,2026-04-14 00:00:00,2026-04-14 00:00,2026-04-14 01:00:00,0.18423,0.0,0.18423,2026-04-19 01:00:00,wait_window_expired,,,等待窗口已届满（earliest_entry+120h 截止）：窗口内仍未触发建仓。常见原因：反弹目标价未触及、资金或日内/小时额度不足、候选按倍数排序较后等。
LDOUSDT,LDOUSDT_202604140000,192.2122420872096,2026-04-14 00:00:00,2026-04-14 00:00,2026-04-14 01:00:00,0.3532,0.0,0.3532,2026-04-19 01:00:00,wait_window_expired,,,等待窗口已届满（earliest_entry+120h 截止）：窗口内仍未触发建仓。常见原因：反弹目标价未触及、资金或日内/小时额度不足、候选按倍数排序较后等。
PNUTUSDT,PNUTUSDT_202604140000,185.99372905818848,2026-04-14 00:00:00,2026-04-14 00:00,2026-04-14 01:00:00,0.04618,0.0,0.04618,2026-04-19 01:00:00,wait_window_expired,,,等待窗口已届满（earliest_entry+120h 截止）：窗口内仍未触发建仓。常见原因：反弹目标价未触及、资金或日内/小时额度不足、候选按倍数排序较后等。
SAHARAUSDT,SAHARAUSDT_202604140000,172.84576870300558,2026-04-14 00:00:00,2026-04-14 00:00,2026-04-14 01:00:00,0.0224,0.0,0.0224,2026-04-19 01:00:00,wait_window_expired,,,等待窗口已届满（earliest_entry+120h 截止）：窗口内仍未触发建仓。常见原因：反弹目标价未触及、资金或日内/小时额度不足、候选按倍数排序较后等。
FLOCKUSDT,FLOCKUSDT_202604140000,171.93567782065438,2026-04-14 00:00:00,2026-04-14 00:00,2026-04-14 01:00:00,0.05612,0.0,0.05612,2026-04-19 01:00:00,wait_window_expired,,,等待窗口已届满（earliest_entry+120h 截止）：窗口内仍未触发建仓。常见原因：反弹目标价未触及、资金或日内/小时额度不足、候选按倍数排序较后等。
PUMPBTCUSDT,PUMPBTCUSDT_202604140000,166.27576388128355,2026-04-14 00:00:00,2026-04-14 00:00,2026-04-14 01:00:00,0.02242,0.0,0.02242,2026-04-19 01:00:00,wait_window_expired,,,等待窗口已届满（earliest_entry+120h 截止）：窗口内仍未触发建仓。常见原因：反弹目标价未触及、资金或日内/小时额度不足、候选按倍数排序较后等。
ICXUSDT,ICXUSDT_202604140000,136.32721985212416,2026-04-14 00:00:00,2026-04-14 00:00,2026-04-14 01:00:00,0.0368,0.0,0.0368,2026-04-19 01:00:00,wait_window_expired,,,等待窗口已届满（earliest_entry+120h 截止）：窗口内仍未触发建仓。常见原因：反弹目标价未触及、资金或日内/小时额度不足、候选按倍数排序较后等。
RSRUSDT,RSRUSDT_202604140000,132.34018702098305,2026-04-14 00:00:00,2026-04-14 00:00,2026-04-14 01:00:00,0.001564,0.0,0.001564,2026-04-19 01:00:00,wait_window_expired,,,等待窗口已届满（earliest_entry+120h 截止）：窗口内仍未触发建仓。常见原因：反弹目标价未触及、资金或日内/小时额度不足、候选按倍数排序较后等。
ORDIUSDT,ORDIUSDT_202604140000,113.60261483493262,2026-04-14 00:00:00,2026-04-14 00:00,2026-04-14 01:00:00,2.592,0.0,2.592,2026-04-19 01:00:00,wait_window_expired,,,等待窗口已届满（earliest_entry+120h 截止）：窗口内仍未触发建仓。常见原因：反弹目标价未触及、资金或日内/小时额度不足、候选按倍数排序较后等。
BROCCOLIF3BUSDT,BROCCOLIF3BUSDT_202604140000,106.60879283573466,2026-04-14 00:00:00,2026-04-14 00:00,2026-04-14 01:00:00,0.005465,0.0,0.005465,2026-04-19 01:00:00,wait_window_expired,,,等待窗口已届满（earliest_entry+120h 截止）：窗口内仍未触发建仓。常见原因：反弹目标价未触及、资金或日内/小时额度不足、候选按倍数排序较后等。
MELANIAUSDT,MELANIAUSDT_202604140000,105.21109981409927,2026-04-14 00:00:00,2026-04-14 00:00,2026-04-14 01:00:00,0.1028,0.0,0.1028,2026-04-19 01:00:00,wait_window_expired,,,等待窗口已届满（earliest_entry+120h 截止）：窗口内仍未触发建仓。常见原因：反弹目标价未触及、资金或日内/小时额度不足、候选按倍数排序较后等。
AXSUSDT,AXSUSDT_202604140000,104.69167457563829,2026-04-14 00:00:00,2026-04-14 00:00,2026-04-14 01:00:00,1.126,0.0,1.126,2026-04-19 01:00:00,wait_window_expired,,,等待窗口已届满（earliest_entry+120h 截止）：窗口内仍未触发建仓。常见原因：反弹目标价未触及、资金或日内/小时额度不足、候选按倍数排序较后等。
TOSHIUSDT,TOSHIUSDT_202604140000,104.45264663667209,2026-04-14 00:00:00,2026-04-14 00:00,2026-04-14 01:00:00,0.0001788,0.0,0.0001788,2026-04-19 01:00:00,wait_window_expired,,,等待窗口已届满（earliest_entry+120h 截止）：窗口内仍未触发建仓。常见原因：反弹目标价未触及、资金或日内/小时额度不足、候选按倍数排序较后等。
WCTUSDT,WCTUSDT_202604140000,96.24774420886965,2026-04-14 00:00:00,2026-04-14 00:00,2026-04-14 01:00:00,0.06018,0.0,0.06018,2026-04-19 01:00:00,wait_window_expired,,,等待窗口已届满（earliest_entry+120h 截止）：窗口内仍未触发建仓。常见原因：反弹目标价未触及、资金或日内/小时额度不足、候选按倍数排序较后等。
TSTUSDT,TSTUSDT_202604140000,93.87479402760869,2026-04-14 00:00:00,2026-04-14 00:00,2026-04-14 01:00:00,0.010542,0.0,0.010542,2026-04-19 01:00:00,wait_window_expired,,,等待窗口已届满（earliest_entry+120h 截止）：窗口内仍未触发建仓。常见原因：反弹目标价未触及、资金或日内/小时额度不足、候选按倍数排序较后等。
ALCHUSDT,ALCHUSDT_202604140000,91.5884738444183,2026-04-14 00:00:00,2026-04-14 00:00,2026-04-14 01:00:00,0.06394,0.0,0.06394,2026-04-19 01:00:00,wait_window_expired,,,等待窗口已届满（earliest_entry+120h 截止）：窗口内仍未触发建仓。常见原因：反弹目标价未触及、资金或日内/小时额度不足、候选按倍数排序较后等。
IDOLUSDT,IDOLUSDT_202604140000,90.49619004930526,2026-04-14 00:00:00,2026-04-14 00:00,2026-04-14 01:00:00,0.02392,0.0,0.02392,2026-04-19 01:00:00,wait_window_expired,,,等待窗口已届满（earliest_entry+120h 截止）：窗口内仍未触发建仓。常见原因：反弹目标价未触及、资金或日内/小时额度不足、候选按倍数排序较后等。
ZRXUSDT,ZRXUSDT_202604140000,85.56433182440875,2026-04-14 00:00:00,2026-04-14 00:00,2026-04-14 01:00:00,0.1069,0.0,0.1069,2026-04-19 01:00:00,wait_window_expired,,,等待窗口已届满（earliest_entry+120h 截止）：窗口内仍未触发建仓。常见原因：反弹目标价未触及、资金或日内/小时额度不足、候选按倍数排序较后等。
FOLKSUSDT,FOLKSUSDT_202604140000,84.3948889199944,2026-04-14 00:00:00,2026-04-14 00:00,2026-04-14 01:00:00,1.294,0.0,1.294,2026-04-19 01:00:00,wait_window_expired,,,等待窗口已届满（earliest_entry+120h 截止）：窗口内仍未触发建仓。常见原因：反弹目标价未触及、资金或日内/小时额度不足、候选按倍数排序较后等。
CYBERUSDT,CYBERUSDT_202604140000,84.14482838262654,2026-04-14 00:00:00,2026-04-14 00:00,2026-04-14 01:00:00,0.5124,0.0,0.5124,2026-04-19 01:00:00,wait_window_expired,,,等待窗口已届满（earliest_entry+120h 截止）：窗口内仍未触发建仓。常见原因：反弹目标价未触及、资金或日内/小时额度不足、候选按倍数排序较后等。
ACTUSDT,ACTUSDT_202604140000,80.78610174899787,2026-04-14 00:00:00,2026-04-14 00:00,2026-04-14 01:00:00,0.01399,0.0,0.01399,2026-04-19 01:00:00,wait_window_expired,,,等待窗口已届满（earliest_entry+120h 截止）：窗口内仍未触发建仓。常见原因：反弹目标价未触及、资金或日内/小时额度不足、候选按倍数排序较后等。
XVSUSDT,XVSUSDT_202604140000,79.34275024814845,2026-04-14 00:00:00,2026-04-14 00:00,2026-04-14 01:00:00,2.702,0.0,2.702,2026-04-19 01:00:00,superseded_stronger_hour,,,被更强卖量信号覆盖(旧79.34x → 新117.91x，新信号UTC 2026-04-17 00:00)
GUAUSDT,GUAUSDT_202604140000,75.09418166596902,2026-04-14 00:00:00,2026-04-14 00:00,2026-04-14 01:00:00,0.58274,0.0,0.58274,2026-04-19 01:00:00,wait_window_expired,,,等待窗口已届满（earliest_entry+120h 截止）：窗口内仍未触发建仓。常见原因：反弹目标价未触及、资金或日内/小时额度不足、候选按倍数排序较后等。
ATHUSDT,ATHUSDT_202604140000,72.43692659084257,2026-04-14 00:00:00,2026-04-14 00:00,2026-04-14 01:00:00,0.006431,0.0,0.006431,2026-04-19 01:00:00,wait_window_expired,,,等待窗口已届满（earliest_entry+120h 截止）：窗口内仍未触发建仓。常见原因：反弹目标价未触及、资金或日内/小时额度不足、候选按倍数排序较后等。
MOODENGUSDT,MOODENGUSDT_202604140000,72.07209256355893,2026-04-14 00:00:00,2026-04-14 00:00,2026-04-14 01:00:00,0.05226,0.0,0.05226,2026-04-19 01:00:00,wait_window_expired,,,等待窗口已届满（earliest_entry+120h 截止）：窗口内仍未触发建仓。常见原因：反弹目标价未触及、资金或日内/小时额度不足、候选按倍数排序较后等。
TRUTHUSDT,TRUTHUSDT_202604140000,70.27192663512541,2026-04-14 00:00:00,2026-04-14 00:00,2026-04-14 01:00:00,0.009791,0.0,0.009791,2026-04-19 01:00:00,wait_window_expired,,,等待窗口已届满（earliest_entry+120h 截止）：窗口内仍未触发建仓。常见原因：反弹目标价未触及、资金或日内/小时额度不足、候选按倍数排序较后等。
1000XECUSDT,1000XECUSDT_202604140000,70.15250228979194,2026-04-14 00:00:00,2026-04-14 00:00,2026-04-14 01:00:00,0.00704,0.0,0.00704,2026-04-19 01:00:00,wait_window_expired,,,等待窗口已届满（earliest_entry+120h 截止）：窗口内仍未触发建仓。常见原因：反弹目标价未触及、资金或日内/小时额度不足、候选按倍数排序较后等。
BREVUSDT,BREVUSDT_202604140000,67.31294206704042,2026-04-14 00:00:00,2026-04-14 00:00,2026-04-14 01:00:00,0.126,0.0,0.126,2026-04-19 01:00:00,superseded_stronger_hour,,,被更强卖量信号覆盖(旧67.31x → 新95.36x，新信号UTC 2026-04-17 00:00)
HMSTRUSDT,HMSTRUSDT_202604140000,66.57043171172172,2026-04-14 00:00:00,2026-04-14 00:00,2026-04-14 01:00:00,0.0001464,0.0,0.0001464,2026-04-19 01:00:00,wait_window_expired,,,等待窗口已届满（earliest_entry+120h 截止）：窗口内仍未触发建仓。常见原因：反弹目标价未触及、资金或日内/小时额度不足、候选按倍数排序较后等。
TRUSTUSDT,TRUSTUSDT_202604140000,66.26545874983535,2026-04-14 00:00:00,2026-04-14 00:00,2026-04-14 01:00:00,0.06819,0.0,0.06819,2026-04-19 01:00:00,wait_window_expired,,,等待窗口已届满（earliest_entry+120h 截止）：窗口内仍未触发建仓。常见原因：反弹目标价未触及、资金或日内/小时额度不足、候选按倍数排序较后等。
ATOMUSDT,ATOMUSDT_202604140000,65.10504967713709,2026-04-14 00:00:00,2026-04-14 00:00,2026-04-14 01:00:00,1.76,0.0,1.76,2026-04-19 01:00:00,wait_window_expired,,,等待窗口已届满（earliest_entry+120h 截止）：窗口内仍未触发建仓。常见原因：反弹目标价未触及、资金或日内/小时额度不足、候选按倍数排序较后等。
SIGNUSDT,SIGNUSDT_202604140000,64.07139203675426,2026-04-14 00:00:00,2026-04-14 00:00,2026-04-14 01:00:00,0.03056,0.0,0.03056,2026-04-19 01:00:00,superseded_stronger_hour,,,被更强卖量信号覆盖(旧64.07x → 新205.70x，新信号UTC 2026-04-17 00:00)
DOGSUSDT,DOGSUSDT_202604140000,63.82152933666765,2026-04-14 00:00:00,2026-04-14 00:00,2026-04-14 01:00:00,2.83e-05,0.0,2.83e-05,2026-04-19 01:00:00,superseded_stronger_hour,,,被更强卖量信号覆盖(旧63.82x → 新200.88x，新信号UTC 2026-04-17 00:00)
TUTUSDT,TUTUSDT_202604140000,63.40717038287772,2026-04-14 00:00:00,2026-04-14 00:00,2026-04-14 01:00:00,0.01053,0.0,0.01053,2026-04-19 01:00:00,superseded_stronger_hour,,,被更强卖量信号覆盖(旧63.41x → 新87.93x，新信号UTC 2026-04-17 00:00)
RLCUSDT,RLCUSDT_202604140000,63.06657634923365,2026-04-14 00:00:00,2026-04-14 00:00,2026-04-14 01:00:00,0.4161,0.0,0.4161,2026-04-19 01:00:00,wait_window_expired,,,等待窗口已届满（earliest_entry+120h 截止）：窗口内仍未触发建仓。常见原因：反弹目标价未触及、资金或日内/小时额度不足、候选按倍数排序较后等。
HOMEUSDT,HOMEUSDT_202604140000,62.976499157215095,2026-04-14 00:00:00,2026-04-14 00:00,2026-04-14 01:00:00,0.019762,0.0,0.019762,2026-04-19 01:00:00,superseded_stronger_hour,,,被更强卖量信号覆盖(旧62.98x → 新110.65x，新信号UTC 2026-04-17 00:00)
BLUAIUSDT,BLUAIUSDT_202604140000,61.61518054615424,2026-04-14 00:00:00,2026-04-14 00:00,2026-04-14 01:00:00,0.009093,0.0,0.009093,2026-04-19 01:00:00,wait_window_expired,,,等待窗口已届满（earliest_entry+120h 截止）：窗口内仍未触发建仓。常见原因：反弹目标价未触及、资金或日内/小时额度不足、候选按倍数排序较后等。
SKLUSDT,SKLUSDT_202604140000,61.53918417712469,2026-04-14 00:00:00,2026-04-14 00:00,2026-04-14 01:00:00,0.00646,0.0,0.00646,2026-04-19 01:00:00,superseded_stronger_hour,,,被更强卖量信号覆盖(旧61.54x → 新289.05x，新信号UTC 2026-04-18 00:00)
USUSDT,USUSDT_202604140000,61.23639364985589,2026-04-14 00:00:00,2026-04-14 00:00,2026-04-14 01:00:00,0.004703,0.0,0.004703,2026-04-19 01:00:00,wait_window_expired,,,等待窗口已届满（earliest_entry+120h 截止）：窗口内仍未触发建仓。常见原因：反弹目标价未触及、资金或日内/小时额度不足、候选按倍数排序较后等。
SKYUSDT,SKYUSDT_202604140000,60.9574038456598,2026-04-14 00:00:00,2026-04-14 00:00,2026-04-14 01:00:00,0.0755,0.0,0.0755,2026-04-19 01:00:00,wait_window_expired,,,等待窗口已届满（earliest_entry+120h 截止）：窗口内仍未触发建仓。常见原因：反弹目标价未触及、资金或日内/小时额度不足、候选按倍数排序较后等。
PROMUSDT,PROMUSDT_202604140000,60.69086985682208,2026-04-14 00:00:00,2026-04-14 00:00,2026-04-14 01:00:00,1.363,0.0,1.363,2026-04-19 01:00:00,wait_window_expired,,,等待窗口已届满（earliest_entry+120h 截止）：窗口内仍未触发建仓。常见原因：反弹目标价未触及、资金或日内/小时额度不足、候选按倍数排序较后等。
BOBUSDT,BOBUSDT_202604140000,58.838900438442806,2026-04-14 00:00:00,2026-04-14 00:00,2026-04-14 01:00:00,0.008279,0.0,0.008279,2026-04-19 01:00:00,wait_window_expired,,,等待窗口已届满（earliest_entry+120h 截止）：窗口内仍未触发建仓。常见原因：反弹目标价未触及、资金或日内/小时额度不足、候选按倍数排序较后等。
SOMIUSDT,SOMIUSDT_202604140000,58.704575384095904,2026-04-14 00:00:00,2026-04-14 00:00,2026-04-14 01:00:00,0.1677,0.0,0.1677,2026-04-19 01:00:00,wait_window_expired,,,等待窗口已届满（earliest_entry+120h 截止）：窗口内仍未触发建仓。常见原因：反弹目标价未触及、资金或日内/小时额度不足、候选按倍数排序较后等。
ALGOUSDT,ALGOUSDT_202604140000,58.346216966132246,2026-04-14 00:00:00,2026-04-14 00:00,2026-04-14 01:00:00,0.1099,0.0,0.1099,2026-04-19 01:00:00,wait_window_expired,,,等待窗口已届满（earliest_entry+120h 截止）：窗口内仍未触发建仓。常见原因：反弹目标价未触及、资金或日内/小时额度不足、候选按倍数排序较后等。
SPKUSDT,SPKUSDT_202604140000,57.9438000494373,2026-04-14 00:00:00,2026-04-14 00:00,2026-04-14 01:00:00,0.02141,0.0,0.02141,2026-04-19 01:00:00,superseded_stronger_hour,,,被更强卖量信号覆盖(旧57.94x → 新71.93x，新信号UTC 2026-04-16 07:00)
SXTUSDT,SXTUSDT_202604140000,56.15907156395339,2026-04-14 00:00:00,2026-04-14 00:00,2026-04-14 01:00:00,0.01685,0.0,0.01685,2026-04-19 01:00:00,wait_window_expired,,,等待窗口已届满（earliest_entry+120h 截止）：窗口内仍未触发建仓。常见原因：反弹目标价未触及、资金或日内/小时额度不足、候选按倍数排序较后等。
XTZUSDT,XTZUSDT_202604140000,55.66644716805637,2026-04-14 00:00:00,2026-04-14 00:00,2026-04-14 01:00:00,0.355,0.0,0.355,2026-04-19 01:00:00,wait_window_expired,,,等待窗口已届满（earliest_entry+120h 截止）：窗口内仍未触发建仓。常见原因：反弹目标价未触及、资金或日内/小时额度不足、候选按倍数排序较后等。
IOUSDT,IOUSDT_202604140000,55.582450298962954,2026-04-14 00:00:00,2026-04-14 00:00,2026-04-14 01:00:00,0.1059,0.0,0.1059,2026-04-19 01:00:00,superseded_stronger_hour,,,被更强卖量信号覆盖(旧55.58x → 新57.73x，新信号UTC 2026-04-17 00:00)
COAIUSDT,COAIUSDT_202604140000,54.325877268798614,2026-04-14 00:00:00,2026-04-14 00:00,2026-04-14 01:00:00,0.3113,0.0,0.3113,2026-04-19 01:00:00,wait_window_expired,,,等待窗口已届满（earliest_entry+120h 截止）：窗口内仍未触发建仓。常见原因：反弹目标价未触及、资金或日内/小时额度不足、候选按倍数排序较后等。
XPINUSDT,XPINUSDT_202604140000,52.04353453586282,2026-04-14 00:00:00,2026-04-14 00:00,2026-04-14 01:00:00,0.001572,0.0,0.001572,2026-04-19 01:00:00,superseded_stronger_hour,,,被更强卖量信号覆盖(旧52.04x → 新54.65x，新信号UTC 2026-04-17 00:00)
WIFUSDT,WIFUSDT_202604140000,51.39731245822736,2026-04-14 00:00:00,2026-04-14 00:00,2026-04-14 01:00:00,0.2005,0.0,0.2005,2026-04-19 01:00:00,wait_window_expired,,,等待窗口已届满（earliest_entry+120h 截止）：窗口内仍未触发建仓。常见原因：反弹目标价未触及、资金或日内/小时额度不足、候选按倍数排序较后等。
GMXUSDT,GMXUSDT_202604140000,51.17409737624285,2026-04-14 00:00:00,2026-04-14 00:00,2026-04-14 01:00:00,6.126,0.0,6.126,2026-04-19 01:00:00,wait_window_expired,,,等待窗口已届满（earliest_entry+120h 截止）：窗口内仍未触发建仓。常见原因：反弹目标价未触及、资金或日内/小时额度不足、候选按倍数排序较后等。
LINKUSDT,LINKUSDT_202604140000,51.041944094245544,2026-04-14 00:00:00,2026-04-14 00:00,2026-04-14 01:00:00,9.287,0.0,9.287,2026-04-19 01:00:00,superseded_stronger_hour,,,被更强卖量信号覆盖(旧51.04x → 新54.78x，新信号UTC 2026-04-17 00:00)
KASUSDT,KASUSDT_202604140000,50.56698000004888,2026-04-14 00:00:00,2026-04-14 00:00,2026-04-14 01:00:00,0.03289,0.0,0.03289,2026-04-19 01:00:00,wait_window_expired,,,等待窗口已届满（earliest_entry+120h 截止）：窗口内仍未触发建仓。常见原因：反弹目标价未触及、资金或日内/小时额度不足、候选按倍数排序较后等。
MIRAUSDT,MIRAUSDT_202604140000,48.667300648069876,2026-04-14 00:00:00,2026-04-14 00:00,2026-04-14 01:00:00,0.08267,0.0,0.08267,2026-04-19 01:00:00,wait_window_expired,,,等待窗口已届满（earliest_entry+120h 截止）：窗口内仍未触发建仓。常见原因：反弹目标价未触及、资金或日内/小时额度不足、候选按倍数排序较后等。
NXPCUSDT,NXPCUSDT_202604140000,47.46712672992537,2026-04-14 00:00:00,2026-04-14 00:00,2026-04-14 01:00:00,0.2832,0.0,0.2832,2026-04-19 01:00:00,superseded_stronger_hour,,,被更强卖量信号覆盖(旧47.47x → 新58.16x，新信号UTC 2026-04-18 00:00)
ARKUSDT,ARKUSDT_202604140000,46.35134319348023,2026-04-14 00:00:00,2026-04-14 00:00,2026-04-14 01:00:00,0.1702,0.0,0.1702,2026-04-19 01:00:00,wait_window_expired,,,等待窗口已届满（earliest_entry+120h 截止）：窗口内仍未触发建仓。常见原因：反弹目标价未触及、资金或日内/小时额度不足、候选按倍数排序较后等。
RUNEUSDT,RUNEUSDT_202604140000,46.104976689196725,2026-04-14 00:00:00,2026-04-14 00:00,2026-04-14 01:00:00,0.4048,0.0,0.4048,2026-04-19 01:00:00,superseded_stronger_hour,,,被更强卖量信号覆盖(旧46.10x → 新47.38x，新信号UTC 2026-04-17 00:00)
SFPUSDT,SFPUSDT_202604140000,45.04349503327225,2026-04-14 00:00:00,2026-04-14 00:00,2026-04-14 01:00:00,0.2911,0.0,0.2911,2026-04-19 01:00:00,wait_window_expired,,,等待窗口已届满（earliest_entry+120h 截止）：窗口内仍未触发建仓。常见原因：反弹目标价未触及、资金或日内/小时额度不足、候选按倍数排序较后等。
EULUSDT,EULUSDT_202604140000,44.50900572462088,2026-04-14 00:00:00,2026-04-14 00:00,2026-04-14 01:00:00,1.1018,0.0,1.1018,2026-04-19 01:00:00,superseded_stronger_hour,,,被更强卖量信号覆盖(旧44.51x → 新125.14x，新信号UTC 2026-04-18 00:00)
MUBARAKUSDT,MUBARAKUSDT_202604140000,41.9899867719748,2026-04-14 00:00:00,2026-04-14 00:00,2026-04-14 01:00:00,0.01301,0.0,0.01301,2026-04-19 01:00:00,superseded_stronger_hour,,,被更强卖量信号覆盖(旧41.99x → 新54.66x，新信号UTC 2026-04-17 00:00)
1000BONKUSDT,1000BONKUSDT_202604140000,41.32150772990273,2026-04-14 00:00:00,2026-04-14 00:00,2026-04-14 01:00:00,0.006019,0.0,0.006019,2026-04-19 01:00:00,wait_window_expired,,,等待窗口已届满（earliest_entry+120h 截止）：窗口内仍未触发建仓。常见原因：反弹目标价未触及、资金或日内/小时额度不足、候选按倍数排序较后等。
VTHOUSDT,VTHOUSDT_202604140000,41.23109215601811,2026-04-14 00:00:00,2026-04-14 00:00,2026-04-14 01:00:00,0.0005666,0.0,0.0005666,2026-04-19 01:00:00,wait_window_expired,,,等待窗口已届满（earliest_entry+120h 截止）：窗口内仍未触发建仓。常见原因：反弹目标价未触及、资金或日内/小时额度不足、候选按倍数排序较后等。
ETHWUSDT,ETHWUSDT_202604140000,40.134045077105576,2026-04-14 00:00:00,2026-04-14 00:00,2026-04-14 01:00:00,0.2583,0.0,0.2583,2026-04-19 01:00:00,wait_window_expired,,,等待窗口已届满（earliest_entry+120h 截止）：窗口内仍未触发建仓。常见原因：反弹目标价未触及、资金或日内/小时额度不足、候选按倍数排序较后等。
CVCUSDT,CVCUSDT_202604140000,39.558402944924254,2026-04-14 00:00:00,2026-04-14 00:00,2026-04-14 01:00:00,0.03017,0.0,0.03017,2026-04-19 01:00:00,wait_window_expired,,,等待窗口已届满（earliest_entry+120h 截止）：窗口内仍未触发建仓。常见原因：反弹目标价未触及、资金或日内/小时额度不足、候选按倍数排序较后等。
EIGENUSDT,EIGENUSDT_202604140000,39.36381867216975,2026-04-14 00:00:00,2026-04-14 00:00,2026-04-14 01:00:00,0.1645,0.0,0.1645,2026-04-19 01:00:00,superseded_stronger_hour,,,被更强卖量信号覆盖(旧39.36x → 新106.92x，新信号UTC 2026-04-17 00:00)
ONEUSDT,ONEUSDT_202604140000,38.35016725628317,2026-04-14 00:00:00,2026-04-14 00:00,2026-04-14 01:00:00,0.00212,0.0,0.00212,2026-04-19 01:00:00,wait_window_expired,,,等待窗口已届满（earliest_entry+120h 截止）：窗口内仍未触发建仓。常见原因：反弹目标价未触及、资金或日内/小时额度不足、候选按倍数排序较后等。
KOMAUSDT,KOMAUSDT_202604140000,37.59553844900571,2026-04-14 00:00:00,2026-04-14 00:00,2026-04-14 01:00:00,0.009142,0.0,0.009142,2026-04-19 01:00:00,superseded_stronger_hour,,,被更强卖量信号覆盖(旧37.60x → 新45.89x，新信号UTC 2026-04-15 01:00)
BCHUSDT,BCHUSDT_202604140000,37.20242115261123,2026-04-14 00:00:00,2026-04-14 00:00,2026-04-14 01:00:00,435.62,0.0,435.62,2026-04-19 01:00:00,superseded_stronger_hour,,,被更强卖量信号覆盖(旧37.20x → 新76.97x，新信号UTC 2026-04-17 00:00)
DOGEUSDT,DOGEUSDT_202604140000,36.367397759678376,2026-04-14 00:00:00,2026-04-14 00:00,2026-04-14 01:00:00,0.0935,0.0,0.0935,2026-04-19 01:00:00,wait_window_expired,,,等待窗口已届满（earliest_entry+120h 截止）：窗口内仍未触发建仓。常见原因：反弹目标价未触及、资金或日内/小时额度不足、候选按倍数排序较后等。
RVNUSDT,RVNUSDT_202604140000,36.354924640554046,2026-04-14 00:00:00,2026-04-14 00:00,2026-04-14 01:00:00,0.00575,0.0,0.00575,2026-04-19 01:00:00,superseded_stronger_hour,,,被更强卖量信号覆盖(旧36.35x → 新58.87x，新信号UTC 2026-04-17 00:00)
NEWTUSDT,NEWTUSDT_202604140000,36.34099852037553,2026-04-14 00:00:00,2026-04-14 00:00,2026-04-14 01:00:00,0.07035,0.0,0.07035,2026-04-19 01:00:00,wait_window_expired,,,等待窗口已届满（earliest_entry+120h 截止）：窗口内仍未触发建仓。常见原因：反弹目标价未触及、资金或日内/小时额度不足、候选按倍数排序较后等。
DEXEUSDT,DEXEUSDT_202604140000,35.29008096325513,2026-04-14 00:00:00,2026-04-14 00:00,2026-04-14 01:00:00,9.789,0.0,9.789,2026-04-19 01:00:00,superseded_stronger_hour,,,被更强卖量信号覆盖(旧35.29x → 新197.71x，新信号UTC 2026-04-15 01:00)
JCTUSDT,JCTUSDT_202604140000,33.58898107831453,2026-04-14 00:00:00,2026-04-14 00:00,2026-04-14 01:00:00,0.003506,0.0,0.003506,2026-04-19 01:00:00,wait_window_expired,,,等待窗口已届满（earliest_entry+120h 截止）：窗口内仍未触发建仓。常见原因：反弹目标价未触及、资金或日内/小时额度不足、候选按倍数排序较后等。
HUSDT,HUSDT_202604140000,33.53425153572583,2026-04-14 00:00:00,2026-04-14 00:00,2026-04-14 01:00:00,0.09818,0.0,0.09818,2026-04-19 01:00:00,wait_window_expired,,,等待窗口已届满（earliest_entry+120h 截止）：窗口内仍未触发建仓。常见原因：反弹目标价未触及、资金或日内/小时额度不足、候选按倍数排序较后等。
ETHUSDT,ETHUSDT_202604140000,33.239214484566695,2026-04-14 00:00:00,2026-04-14 00:00,2026-04-14 01:00:00,2364.34,0.0,2364.34,2026-04-19 01:00:00,wait_window_expired,,,等待窗口已届满（earliest_entry+120h 截止）：窗口内仍未触发建仓。常见原因：反弹目标价未触及、资金或日内/小时额度不足、候选按倍数排序较后等。
AVAAIUSDT,AVAAIUSDT_202604140000,32.42439469384382,2026-04-14 00:00:00,2026-04-14 00:00,2026-04-14 01:00:00,0.007927,0.0,0.007927,2026-04-19 01:00:00,superseded_stronger_hour,,,被更强卖量信号覆盖(旧32.42x → 新232.68x，新信号UTC 2026-04-18 00:00)
AERGOUSDT,AERGOUSDT_202604140000,32.32421818601831,2026-04-14 00:00:00,2026-04-14 00:00,2026-04-14 01:00:00,0.05487,0.0,0.05487,2026-04-19 01:00:00,superseded_stronger_hour,,,被更强卖量信号覆盖(旧32.32x → 新55.21x，新信号UTC 2026-04-17 00:00)
RIVERUSDT,RIVERUSDT_202604140000,32.04398702946567,2026-04-14 00:00:00,2026-04-14 00:00,2026-04-14 01:00:00,8.129,0.0,8.129,2026-04-19 01:00:00,wait_window_expired,,,等待窗口已届满（earliest_entry+120h 截止）：窗口内仍未触发建仓。常见原因：反弹目标价未触及、资金或日内/小时额度不足、候选按倍数排序较后等。
AEVOUSDT,AEVOUSDT_202604140000,31.578106930113595,2026-04-14 00:00:00,2026-04-14 00:00,2026-04-14 01:00:00,0.02298,0.0,0.02298,2026-04-19 01:00:00,superseded_stronger_hour,,,被更强卖量信号覆盖(旧31.58x → 新62.75x，新信号UTC 2026-04-17 00:00)
METISUSDT,METISUSDT_202604140500,109.81164245005624,2026-04-14 05:00:00,2026-04-14 05:00,2026-04-14 06:00:00,3.141,0.0,3.141,2026-04-19 06:00:00,entered,2026-04-14 06:05:00,3.166000,触发目标价并建仓（理论3.141000，实际3.166000）
ANIMEUSDT,ANIMEUSDT_202604140500,89.6235542897435,2026-04-14 05:00:00,2026-04-14 05:00,2026-04-14 06:00:00,0.004618,0.0,0.004618,2026-04-19 06:00:00,wait_window_expired,,,等待窗口已届满（earliest_entry+120h 截止）：窗口内仍未触发建仓。常见原因：反弹目标价未触及、资金或日内/小时额度不足、候选按倍数排序较后等。
FHEUSDT,FHEUSDT_202604140500,70.49089760178136,2026-04-14 05:00:00,2026-04-14 05:00,2026-04-14 06:00:00,0.01847,0.0,0.01847,2026-04-19 06:00:00,wait_window_expired,,,等待窗口已届满（earliest_entry+120h 截止）：窗口内仍未触发建仓。常见原因：反弹目标价未触及、资金或日内/小时额度不足、候选按倍数排序较后等。
INITUSDT,INITUSDT_202604140500,69.78633960844947,2026-04-14 05:00:00,2026-04-14 05:00,2026-04-14 06:00:00,0.08005,0.0,0.08005,2026-04-19 06:00:00,wait_window_expired,,,等待窗口已届满（earliest_entry+120h 截止）：窗口内仍未触发建仓。常见原因：反弹目标价未触及、资金或日内/小时额度不足、候选按倍数排序较后等。
TAUSDT,TAUSDT_202604140500,63.55080991529517,2026-04-14 05:00:00,2026-04-14 05:00,2026-04-14 06:00:00,0.04253,0.0,0.04253,2026-04-19 06:00:00,wait_window_expired,,,等待窗口已届满（earliest_entry+120h 截止）：窗口内仍未触发建仓。常见原因：反弹目标价未触及、资金或日内/小时额度不足、候选按倍数排序较后等。
SAPIENUSDT,SAPIENUSDT_202604140500,53.1495796040141,2026-04-14 05:00:00,2026-04-14 05:00,2026-04-14 06:00:00,0.07322,0.0,0.07322,2026-04-19 06:00:00,superseded_stronger_hour,,,被更强卖量信号覆盖(旧53.15x → 新76.88x，新信号UTC 2026-04-17 00:00)
NOTUSDT,NOTUSDT_202604140500,49.40451758743194,2026-04-14 05:00:00,2026-04-14 05:00,2026-04-14 06:00:00,0.0003693,0.0,0.0003693,2026-04-19 06:00:00,wait_window_expired,,,等待窗口已届满（earliest_entry+120h 截止）：窗口内仍未触发建仓。常见原因：反弹目标价未触及、资金或日内/小时额度不足、候选按倍数排序较后等。
ZECUSDT,ZECUSDT_202604140500,47.25348379005509,2026-04-14 05:00:00,2026-04-14 05:00,2026-04-14 06:00:00,363.65,0.0,363.65,2026-04-19 06:00:00,wait_window_expired,,,等待窗口已届满（earliest_entry+120h 截止）：窗口内仍未触发建仓。常见原因：反弹目标价未触及、资金或日内/小时额度不足、候选按倍数排序较后等。
EDUUSDT,EDUUSDT_202604140500,46.15973152320195,2026-04-14 05:00:00,2026-04-14 05:00,2026-04-14 06:00:00,0.0481,0.0,0.0481,2026-04-19 06:00:00,wait_window_expired,,,等待窗口已届满（earliest_entry+120h 截止）：窗口内仍未触发建仓。常见原因：反弹目标价未触及、资金或日内/小时额度不足、候选按倍数排序较后等。
COMPUSDT,COMPUSDT_202604140500,41.29163119191659,2026-04-14 05:00:00,2026-04-14 05:00,2026-04-14 06:00:00,20.86,0.0,20.86,2026-04-19 06:00:00,superseded_stronger_hour,,,被更强卖量信号覆盖(旧41.29x → 新69.71x，新信号UTC 2026-04-18 00:00)
BANANAS31USDT,BANANAS31USDT_202604140500,37.86566582589266,2026-04-14 05:00:00,2026-04-14 05:00,2026-04-14 06:00:00,0.010723,0.0,0.010723,2026-04-19 06:00:00,wait_window_expired,,,等待窗口已届满（earliest_entry+120h 截止）：窗口内仍未触发建仓。常见原因：反弹目标价未触及、资金或日内/小时额度不足、候选按倍数排序较后等。
DRIFTUSDT,DRIFTUSDT_202604140500,36.434944294675496,2026-04-14 05:00:00,2026-04-14 05:00,2026-04-14 06:00:00,0.04614,0.0,0.04614,2026-04-19 06:00:00,superseded_stronger_hour,,,被更强卖量信号覆盖(旧36.43x → 新41.85x，新信号UTC 2026-04-15 01:00)
MEUSDT,MEUSDT_202604140500,36.40167606044526,2026-04-14 05:00:00,2026-04-14 05:00,2026-04-14 06:00:00,0.1023,0.0,0.1023,2026-04-19 06:00:00,superseded_stronger_hour,,,被更强卖量信号覆盖(旧36.40x → 新97.18x，新信号UTC 2026-04-17 00:00)
ZENUSDT,ZENUSDT_202604140500,34.81180729186103,2026-04-14 05:00:00,2026-04-14 05:00,2026-04-14 06:00:00,5.882,0.0,5.882,2026-04-19 06:00:00,wait_window_expired,,,等待窗口已届满（earliest_entry+120h 截止）：窗口内仍未触发建仓。常见原因：反弹目标价未触及、资金或日内/小时额度不足、候选按倍数排序较后等。
XMRUSDT,XMRUSDT_202604140500,33.626918650825814,2026-04-14 05:00:00,2026-04-14 05:00,2026-04-14 06:00:00,345.02,0.0,345.02,2026-04-19 06:00:00,superseded_stronger_hour,,,被更强卖量信号覆盖(旧33.63x → 新52.61x，新信号UTC 2026-04-15 01:00)
QTUMUSDT,QTUMUSDT_202604140500,33.317398722245066,2026-04-14 05:00:00,2026-04-14 05:00,2026-04-14 06:00:00,0.903,0.0,0.903,2026-04-19 06:00:00,wait_window_expired,,,等待窗口已届满（earliest_entry+120h 截止）：窗口内仍未触发建仓。常见原因：反弹目标价未触及、资金或日内/小时额度不足、候选按倍数排序较后等。
ENJUSDT,ENJUSDT_202604140500,30.57816488393603,2026-04-14 05:00:00,2026-04-14 05:00,2026-04-14 06:00:00,0.04562,0.0,0.04562,2026-04-19 06:00:00,superseded_stronger_hour,,,被更强卖量信号覆盖(旧30.58x → 新31.46x，新信号UTC 2026-04-15 01:00)
CROSSUSDT,CROSSUSDT_202604141200,38.262059628516774,2026-04-14 12:00:00,2026-04-14 12:00,2026-04-14 13:00:00,0.07563,0.0,0.07563,2026-04-19 13:00:00,entered,2026-04-14 13:05:00,0.075820,触发目标价并建仓（理论0.075630，实际0.075820）
AZTECUSDT,AZTECUSDT_202604141200,37.77101311132969,2026-04-14 12:00:00,2026-04-14 12:00,2026-04-14 13:00:00,0.02149,0.0,0.02149,2026-04-19 13:00:00,superseded_stronger_hour,,,被更强卖量信号覆盖(旧37.77x → 新40.24x，新信号UTC 2026-04-15 01:00)
BANANAUSDT,BANANAUSDT_202604141200,34.59454503781803,2026-04-14 12:00:00,2026-04-14 12:00,2026-04-14 13:00:00,3.583,0.0,3.583,2026-04-19 13:00:00,superseded_stronger_hour,,,被更强卖量信号覆盖(旧34.59x → 新46.13x，新信号UTC 2026-04-18 00:00)
ILVUSDT,ILVUSDT_202604141200,30.990737196662327,2026-04-14 12:00:00,2026-04-14 12:00,2026-04-14 13:00:00,4.151,0.0,4.151,2026-04-19 13:00:00,superseded_stronger_hour,,,被更强卖量信号覆盖(旧30.99x → 新122.52x，新信号UTC 2026-04-17 00:00)
1000LUNCUSDT,1000LUNCUSDT_202604141800,42.2388324652054,2026-04-14 18:00:00,2026-04-14 18:00,2026-04-14 19:00:00,0.04063,0.0,0.04063,2026-04-19 19:00:00,entered,2026-04-14 19:05:00,0.040600,触发目标价并建仓（理论0.040630，实际0.040600）
ZETAUSDT,ZETAUSDT_202604141800,38.43600668747382,2026-04-14 18:00:00,2026-04-14 18:00,2026-04-14 19:00:00,0.04954,0.0,0.04954,2026-04-19 19:00:00,wait_window_expired,,,等待窗口已届满（earliest_entry+120h 截止）：窗口内仍未触发建仓。常见原因：反弹目标价未触及、资金或日内/小时额度不足、候选按倍数排序较后等。
ALICEUSDT,ALICEUSDT_202604150100,207.4648108035418,2026-04-15 01:00:00,2026-04-15 01:00,2026-04-15 02:00:00,0.111,0.0,0.111,2026-04-20 02:00:00,entered,2026-04-15 02:05:00,0.110000,触发目标价并建仓（理论0.111000，实际0.110000）
DEXEUSDT,DEXEUSDT_202604150100,197.71254849003932,2026-04-15 01:00:00,2026-04-15 01:00,2026-04-15 02:00:00,11.649,0.0,11.649,2026-04-20 02:00:00,wait_window_expired,,,等待窗口已届满（earliest_entry+120h 截止）：窗口内仍未触发建仓。常见原因：反弹目标价未触及、资金或日内/小时额度不足、候选按倍数排序较后等。
ICNTUSDT,ICNTUSDT_202604150100,163.11752150572408,2026-04-15 01:00:00,2026-04-15 01:00,2026-04-15 02:00:00,0.2855,0.0,0.2855,2026-04-20 02:00:00,wait_window_expired,,,等待窗口已届满（earliest_entry+120h 截止）：窗口内仍未触发建仓。常见原因：反弹目标价未触及、资金或日内/小时额度不足、候选按倍数排序较后等。
DOLOUSDT,DOLOUSDT_202604150100,123.13173814202597,2026-04-15 01:00:00,2026-04-15 01:00,2026-04-15 02:00:00,0.03214,0.0,0.03214,2026-04-20 02:00:00,wait_window_expired,,,等待窗口已届满（earliest_entry+120h 截止）：窗口内仍未触发建仓。常见原因：反弹目标价未触及、资金或日内/小时额度不足、候选按倍数排序较后等。
FIOUSDT,FIOUSDT_202604150100,114.90342105767677,2026-04-15 01:00:00,2026-04-15 01:00,2026-04-15 02:00:00,0.003136,0.0,0.003136,2026-04-20 02:00:00,wait_window_expired,,,等待窗口已届满（earliest_entry+120h 截止）：窗口内仍未触发建仓。常见原因：反弹目标价未触及、资金或日内/小时额度不足、候选按倍数排序较后等。
XPDUSDT,XPDUSDT_202604150100,101.41955617198333,2026-04-15 01:00:00,2026-04-15 01:00,2026-04-15 02:00:00,1606.73,0.0,1606.73,2026-04-20 02:00:00,wait_window_expired,,,等待窗口已届满（earliest_entry+120h 截止）：窗口内仍未触发建仓。常见原因：反弹目标价未触及、资金或日内/小时额度不足、候选按倍数排序较后等。
SIRENUSDT,SIRENUSDT_202604150100,99.13783888122435,2026-04-15 01:00:00,2026-04-15 01:00,2026-04-15 02:00:00,0.69902,0.0,0.69902,2026-04-20 02:00:00,superseded_stronger_hour,,,被更强卖量信号覆盖(旧99.14x → 新242.68x，新信号UTC 2026-04-17 00:00)
AKEUSDT,AKEUSDT_202604150100,91.75770918123301,2026-04-15 01:00:00,2026-04-15 01:00,2026-04-15 02:00:00,0.0006979,0.0,0.0006979,2026-04-20 02:00:00,superseded_stronger_hour,,,被更强卖量信号覆盖(旧91.76x → 新94.76x，新信号UTC 2026-04-17 00:00)
MEWUSDT,MEWUSDT_202604150100,91.46479010745647,2026-04-15 01:00:00,2026-04-15 01:00,2026-04-15 02:00:00,0.0005639,0.0,0.0005639,2026-04-20 02:00:00,wait_window_expired,,,等待窗口已届满（earliest_entry+120h 截止）：窗口内仍未触发建仓。常见原因：反弹目标价未触及、资金或日内/小时额度不足、候选按倍数排序较后等。
XPTUSDT,XPTUSDT_202604150100,90.40313234142522,2026-04-15 01:00:00,2026-04-15 01:00,2026-04-15 02:00:00,2147.28,0.0,2147.28,2026-04-20 02:00:00,wait_window_expired,,,等待窗口已届满（earliest_entry+120h 截止）：窗口内仍未触发建仓。常见原因：反弹目标价未触及、资金或日内/小时额度不足、候选按倍数排序较后等。
EDENUSDT,EDENUSDT_202604150100,89.56739341541599,2026-04-15 01:00:00,2026-04-15 01:00,2026-04-15 02:00:00,0.03513,0.0,0.03513,2026-04-20 02:00:00,wait_window_expired,,,等待窗口已届满（earliest_entry+120h 截止）：窗口内仍未触发建仓。常见原因：反弹目标价未触及、资金或日内/小时额度不足、候选按倍数排序较后等。
NMRUSDT,NMRUSDT_202604150100,85.59455441671228,2026-04-15 01:00:00,2026-04-15 01:00,2026-04-15 02:00:00,8.439,0.0,8.439,2026-04-20 02:00:00,wait_window_expired,,,等待窗口已届满（earliest_entry+120h 截止）：窗口内仍未触发建仓。常见原因：反弹目标价未触及、资金或日内/小时额度不足、候选按倍数排序较后等。
XAUUSDT,XAUUSDT_202604150100,81.58036302640069,2026-04-15 01:00:00,2026-04-15 01:00,2026-04-15 02:00:00,4845.4,0.0,4845.4,2026-04-20 02:00:00,wait_window_expired,,,等待窗口已届满（earliest_entry+120h 截止）：窗口内仍未触发建仓。常见原因：反弹目标价未触及、资金或日内/小时额度不足、候选按倍数排序较后等。
ACUUSDT,ACUUSDT_202604150100,71.83081310242181,2026-04-15 01:00:00,2026-04-15 01:00,2026-04-15 02:00:00,0.09806,0.0,0.09806,2026-04-20 02:00:00,wait_window_expired,,,等待窗口已届满（earliest_entry+120h 截止）：窗口内仍未触发建仓。常见原因：反弹目标价未触及、资金或日内/小时额度不足、候选按倍数排序较后等。
4USDT,4USDT_202604150100,68.29978671842808,2026-04-15 01:00:00,2026-04-15 01:00,2026-04-15 02:00:00,0.010473,0.0,0.010473,2026-04-20 02:00:00,wait_window_expired,,,等待窗口已届满（earliest_entry+120h 截止）：窗口内仍未触发建仓。常见原因：反弹目标价未触及、资金或日内/小时额度不足、候选按倍数排序较后等。
AVAUSDT,AVAUSDT_202604150100,59.464932898019434,2026-04-15 01:00:00,2026-04-15 01:00,2026-04-15 02:00:00,0.2133,0.0,0.2133,2026-04-20 02:00:00,wait_window_expired,,,等待窗口已届满（earliest_entry+120h 截止）：窗口内仍未触发建仓。常见原因：反弹目标价未触及、资金或日内/小时额度不足、候选按倍数排序较后等。
SUPERUSDT,SUPERUSDT_202604150100,58.23541844688977,2026-04-15 01:00:00,2026-04-15 01:00,2026-04-15 02:00:00,0.1182,0.0,0.1182,2026-04-20 02:00:00,wait_window_expired,,,等待窗口已届满（earliest_entry+120h 截止）：窗口内仍未触发建仓。常见原因：反弹目标价未触及、资金或日内/小时额度不足、候选按倍数排序较后等。
SAFEUSDT,SAFEUSDT_202604150100,54.59461838551565,2026-04-15 01:00:00,2026-04-15 01:00,2026-04-15 02:00:00,0.1456,0.0,0.1456,2026-04-20 02:00:00,wait_window_expired,,,等待窗口已届满（earliest_entry+120h 截止）：窗口内仍未触发建仓。常见原因：反弹目标价未触及、资金或日内/小时额度不足、候选按倍数排序较后等。
TSLAUSDT,TSLAUSDT_202604150100,53.02789199381924,2026-04-15 01:00:00,2026-04-15 01:00,2026-04-15 02:00:00,368.35,0.0,368.35,2026-04-20 02:00:00,wait_window_expired,,,等待窗口已届满（earliest_entry+120h 截止）：窗口内仍未触发建仓。常见原因：反弹目标价未触及、资金或日内/小时额度不足、候选按倍数排序较后等。
NFPUSDT,NFPUSDT_202604150100,52.80391193586952,2026-04-15 01:00:00,2026-04-15 01:00,2026-04-15 02:00:00,0.01325,0.0,0.01325,2026-04-20 02:00:00,superseded_stronger_hour,,,被更强卖量信号覆盖(旧52.80x → 新65.07x，新信号UTC 2026-04-17 00:00)
XMRUSDT,XMRUSDT_202604150100,52.60761028731851,2026-04-15 01:00:00,2026-04-15 01:00,2026-04-15 02:00:00,342.4,0.0,342.4,2026-04-20 02:00:00,wait_window_expired,,,等待窗口已届满（earliest_entry+120h 截止）：窗口内仍未触发建仓。常见原因：反弹目标价未触及、资金或日内/小时额度不足、候选按倍数排序较后等。
JELLYJELLYUSDT,JELLYJELLYUSDT_202604150100,49.99681543134688,2026-04-15 01:00:00,2026-04-15 01:00,2026-04-15 02:00:00,0.04431,0.0,0.04431,2026-04-20 02:00:00,superseded_stronger_hour,,,被更强卖量信号覆盖(旧50.00x → 新130.02x，新信号UTC 2026-04-17 00:00)
BASEDUSDT,BASEDUSDT_202604150100,49.492256019266705,2026-04-15 01:00:00,2026-04-15 01:00,2026-04-15 02:00:00,0.07838,0.0,0.07838,2026-04-20 02:00:00,superseded_stronger_hour,,,被更强卖量信号覆盖(旧49.49x → 新193.66x，新信号UTC 2026-04-17 00:00)
MLNUSDT,MLNUSDT_202604150100,48.674855795594155,2026-04-15 01:00:00,2026-04-15 01:00,2026-04-15 02:00:00,3.095,0.0,3.095,2026-04-20 02:00:00,wait_window_expired,,,等待窗口已届满（earliest_entry+120h 截止）：窗口内仍未触发建仓。常见原因：反弹目标价未触及、资金或日内/小时额度不足、候选按倍数排序较后等。
SOONUSDT,SOONUSDT_202604150100,48.20456276907994,2026-04-15 01:00:00,2026-04-15 01:00,2026-04-15 02:00:00,0.1315,0.0,0.1315,2026-04-20 02:00:00,superseded_stronger_hour,,,被更强卖量信号覆盖(旧48.20x → 新183.66x，新信号UTC 2026-04-18 00:00)
GPSUSDT,GPSUSDT_202604150100,46.14163139423588,2026-04-15 01:00:00,2026-04-15 01:00,2026-04-15 02:00:00,0.008942,0.0,0.008942,2026-04-20 02:00:00,superseded_stronger_hour,,,被更强卖量信号覆盖(旧46.14x → 新55.14x，新信号UTC 2026-04-18 00:00)
KOMAUSDT,KOMAUSDT_202604150100,45.89004346976357,2026-04-15 01:00:00,2026-04-15 01:00,2026-04-15 02:00:00,0.008711,0.0,0.008711,2026-04-20 02:00:00,wait_window_expired,,,等待窗口已届满（earliest_entry+120h 截止）：窗口内仍未触发建仓。常见原因：反弹目标价未触及、资金或日内/小时额度不足、候选按倍数排序较后等。
DUSDT,DUSDT_202604150100,44.079163927256246,2026-04-15 01:00:00,2026-04-15 01:00,2026-04-15 02:00:00,0.010947,0.0,0.010947,2026-04-20 02:00:00,wait_window_expired,,,等待窗口已届满（earliest_entry+120h 截止）：窗口内仍未触发建仓。常见原因：反弹目标价未触及、资金或日内/小时额度不足、候选按倍数排序较后等。
DRIFTUSDT,DRIFTUSDT_202604150100,41.846841341046485,2026-04-15 01:00:00,2026-04-15 01:00,2026-04-15 02:00:00,0.04591,0.0,0.04591,2026-04-20 02:00:00,wait_window_expired,,,等待窗口已届满（earliest_entry+120h 截止）：窗口内仍未触发建仓。常见原因：反弹目标价未触及、资金或日内/小时额度不足、候选按倍数排序较后等。
AZTECUSDT,AZTECUSDT_202604150100,40.23962027586998,2026-04-15 01:00:00,2026-04-15 01:00,2026-04-15 02:00:00,0.02124,0.0,0.02124,2026-04-20 02:00:00,superseded_stronger_hour,,,被更强卖量信号覆盖(旧40.24x → 新62.15x，新信号UTC 2026-04-17 00:00)
SHELLUSDT,SHELLUSDT_202604150100,39.578595570518196,2026-04-15 01:00:00,2026-04-15 01:00,2026-04-15 02:00:00,0.02892,0.0,0.02892,2026-04-20 02:00:00,wait_window_expired,,,等待窗口已届满（earliest_entry+120h 截止）：窗口内仍未触发建仓。常见原因：反弹目标价未触及、资金或日内/小时额度不足、候选按倍数排序较后等。
DAMUSDT,DAMUSDT_202604150100,38.516702495317766,2026-04-15 01:00:00,2026-04-15 01:00,2026-04-15 02:00:00,0.05211,0.0,0.05211,2026-04-20 02:00:00,wait_window_expired,,,等待窗口已届满（earliest_entry+120h 截止）：窗口内仍未触发建仓。常见原因：反弹目标价未触及、资金或日内/小时额度不足、候选按倍数排序较后等。
BIGTIMEUSDT,BIGTIMEUSDT_202604150100,38.25647593175261,2026-04-15 01:00:00,2026-04-15 01:00,2026-04-15 02:00:00,0.01298,0.0,0.01298,2026-04-20 02:00:00,wait_window_expired,,,等待窗口已届满（earliest_entry+120h 截止）：窗口内仍未触发建仓。常见原因：反弹目标价未触及、资金或日内/小时额度不足、候选按倍数排序较后等。
KMNOUSDT,KMNOUSDT_202604150100,37.261134775941386,2026-04-15 01:00:00,2026-04-15 01:00,2026-04-15 02:00:00,0.02016,0.0,0.02016,2026-04-20 02:00:00,superseded_stronger_hour,,,被更强卖量信号覆盖(旧37.26x → 新37.80x，新信号UTC 2026-04-17 00:00)
B3USDT,B3USDT_202604150100,36.659949573851094,2026-04-15 01:00:00,2026-04-15 01:00,2026-04-15 02:00:00,0.0003068,0.0,0.0003068,2026-04-20 02:00:00,superseded_stronger_hour,,,被更强卖量信号覆盖(旧36.66x → 新42.22x，新信号UTC 2026-04-17 00:00)
ALLOUSDT,ALLOUSDT_202604150100,36.43410597910253,2026-04-15 01:00:00,2026-04-15 01:00,2026-04-15 02:00:00,0.11043,0.0,0.11043,2026-04-20 02:00:00,superseded_stronger_hour,,,被更强卖量信号覆盖(旧36.43x → 新55.99x，新信号UTC 2026-04-17 00:00)
CYSUSDT,CYSUSDT_202604150100,36.25045597843529,2026-04-15 01:00:00,2026-04-15 01:00,2026-04-15 02:00:00,0.3293,0.0,0.3293,2026-04-20 02:00:00,wait_window_expired,,,等待窗口已届满（earliest_entry+120h 截止）：窗口内仍未触发建仓。常见原因：反弹目标价未触及、资金或日内/小时额度不足、候选按倍数排序较后等。
MAGICUSDT,MAGICUSDT_202604150100,35.499253568504265,2026-04-15 01:00:00,2026-04-15 01:00,2026-04-15 02:00:00,0.06142,0.0,0.06142,2026-04-20 02:00:00,superseded_stronger_hour,,,被更强卖量信号覆盖(旧35.50x → 新114.24x，新信号UTC 2026-04-18 00:00)
BEATUSDT,BEATUSDT_202604150100,35.38553204317834,2026-04-15 01:00:00,2026-04-15 01:00,2026-04-15 02:00:00,0.3592,0.0,0.3592,2026-04-20 02:00:00,wait_window_expired,,,等待窗口已届满（earliest_entry+120h 截止）：窗口内仍未触发建仓。常见原因：反弹目标价未触及、资金或日内/小时额度不足、候选按倍数排序较后等。
HFTUSDT,HFTUSDT_202604150100,34.57627620836389,2026-04-15 01:00:00,2026-04-15 01:00,2026-04-15 02:00:00,0.01333,0.0,0.01333,2026-04-20 02:00:00,superseded_stronger_hour,,,被更强卖量信号覆盖(旧34.58x → 新41.17x，新信号UTC 2026-04-17 00:00)
UAIUSDT,UAIUSDT_202604150100,34.22544768165583,2026-04-15 01:00:00,2026-04-15 01:00,2026-04-15 02:00:00,0.262,0.0,0.262,2026-04-20 02:00:00,superseded_stronger_hour,,,被更强卖量信号覆盖(旧34.23x → 新44.15x，新信号UTC 2026-04-18 16:00)
ARBUSDT,ARBUSDT_202604150100,33.442683802333114,2026-04-15 01:00:00,2026-04-15 01:00,2026-04-15 02:00:00,0.1118,0.0,0.1118,2026-04-20 02:00:00,wait_window_expired,,,等待窗口已届满（earliest_entry+120h 截止）：窗口内仍未触发建仓。常见原因：反弹目标价未触及、资金或日内/小时额度不足、候选按倍数排序较后等。
SPORTFUNUSDT,SPORTFUNUSDT_202604150100,33.26533320270695,2026-04-15 01:00:00,2026-04-15 01:00,2026-04-15 02:00:00,0.03812,0.0,0.03812,2026-04-20 02:00:00,wait_window_expired,,,等待窗口已届满（earliest_entry+120h 截止）：窗口内仍未触发建仓。常见原因：反弹目标价未触及、资金或日内/小时额度不足、候选按倍数排序较后等。
CTKUSDT,CTKUSDT_202604150100,33.09723475834906,2026-04-15 01:00:00,2026-04-15 01:00,2026-04-15 02:00:00,0.1745,0.0,0.1745,2026-04-20 02:00:00,superseded_stronger_hour,,,被更强卖量信号覆盖(旧33.10x → 新43.76x，新信号UTC 2026-04-17 00:00)
ENJUSDT,ENJUSDT_202604150100,31.462539396739807,2026-04-15 01:00:00,2026-04-15 01:00,2026-04-15 02:00:00,0.05931,0.0,0.05931,2026-04-20 02:00:00,wait_window_expired,,,等待窗口已届满（earliest_entry+120h 截止）：窗口内仍未触发建仓。常见原因：反弹目标价未触及、资金或日内/小时额度不足、候选按倍数排序较后等。
INUSDT,INUSDT_202604150100,30.96087906497632,2026-04-15 01:00:00,2026-04-15 01:00,2026-04-15 02:00:00,0.07812,0.0,0.07812,2026-04-20 02:00:00,wait_window_expired,,,等待窗口已届满（earliest_entry+120h 截止）：窗口内仍未触发建仓。常见原因：反弹目标价未触及、资金或日内/小时额度不足、候选按倍数排序较后等。
AGTUSDT,AGTUSDT_202604160700,201.2767164023932,2026-04-16 07:00:00,2026-04-16 07:00,2026-04-16 08:00:00,0.012536,0.0,0.012536,2026-04-21 08:00:00,entered,2026-04-16 08:05:00,0.012534,触发目标价并建仓（理论0.012536，实际0.012534）
DENTUSDT,DENTUSDT_202604160700,180.6631479943707,2026-04-16 07:00:00,2026-04-16 07:00,2026-04-16 08:00:00,0.0001637,0.0,0.0001637,2026-04-21 08:00:00,wait_window_expired,,,等待窗口已届满（earliest_entry+120h 截止）：窗口内仍未触发建仓。常见原因：反弹目标价未触及、资金或日内/小时额度不足、候选按倍数排序较后等。
SPKUSDT,SPKUSDT_202604160700,71.93015421529066,2026-04-16 07:00:00,2026-04-16 07:00,2026-04-16 08:00:00,0.02219,0.0,0.02219,2026-04-21 08:00:00,superseded_stronger_hour,,,被更强卖量信号覆盖(旧71.93x → 新84.27x，新信号UTC 2026-04-17 05:00)
ZROUSDT,ZROUSDT_202604160700,42.4680635435405,2026-04-16 07:00:00,2026-04-16 07:00,2026-04-16 08:00:00,1.9571,0.0,1.9571,2026-04-21 08:00:00,wait_window_expired,,,等待窗口已届满（earliest_entry+120h 截止）：窗口内仍未触发建仓。常见原因：反弹目标价未触及、资金或日内/小时额度不足、候选按倍数排序较后等。
SOLVUSDT,SOLVUSDT_202604160700,42.402957342697164,2026-04-16 07:00:00,2026-04-16 07:00,2026-04-16 08:00:00,0.004241,0.0,0.004241,2026-04-21 08:00:00,wait_window_expired,,,等待窗口已届满（earliest_entry+120h 截止）：窗口内仍未触发建仓。常见原因：反弹目标价未触及、资金或日内/小时额度不足、候选按倍数排序较后等。
SKYAIUSDT,SKYAIUSDT_202604160700,36.63570486333238,2026-04-16 07:00:00,2026-04-16 07:00,2026-04-16 08:00:00,0.12015,0.0,0.12015,2026-04-21 08:00:00,superseded_stronger_hour,,,被更强卖量信号覆盖(旧36.64x → 新86.87x，新信号UTC 2026-04-17 00:00)
TLMUSDT,TLMUSDT_202604160700,35.674308642464574,2026-04-16 07:00:00,2026-04-16 07:00,2026-04-16 08:00:00,0.001703,0.0,0.001703,2026-04-21 08:00:00,superseded_stronger_hour,,,被更强卖量信号覆盖(旧35.67x → 新64.34x，新信号UTC 2026-04-17 00:00)
MAGMAUSDT,MAGMAUSDT_202604160700,34.48218683273039,2026-04-16 07:00:00,2026-04-16 07:00,2026-04-16 08:00:00,0.1906,0.0,0.1906,2026-04-21 08:00:00,superseded_stronger_hour,,,被更强卖量信号覆盖(旧34.48x → 新43.02x，新信号UTC 2026-04-17 00:00)
PARTIUSDT,PARTIUSDT_202604160700,31.69873136146074,2026-04-16 07:00:00,2026-04-16 07:00,2026-04-16 08:00:00,0.04344,0.0,0.04344,2026-04-21 08:00:00,superseded_stronger_hour,,,被更强卖量信号覆盖(旧31.70x → 新40.78x，新信号UTC 2026-04-17 00:00)
RPLUSDT,RPLUSDT_202604160700,30.03615155845661,2026-04-16 07:00:00,2026-04-16 07:00,2026-04-16 08:00:00,1.895,0.0,1.895,2026-04-21 08:00:00,superseded_stronger_hour,,,被更强卖量信号覆盖(旧30.04x → 新48.83x，新信号UTC 2026-04-20 08:00)
ATUSDT,ATUSDT_202604161000,72.28092931464238,2026-04-16 10:00:00,2026-04-16 10:00,2026-04-16 11:00:00,0.16624,0.0,0.16624,2026-04-21 11:00:00,entered,2026-04-16 11:05:00,0.165820,触发目标价并建仓（理论0.166240，实际0.165820）
FFUSDT,FFUSDT_202604161000,53.95781849415574,2026-04-16 10:00:00,2026-04-16 10:00,2026-04-16 11:00:00,0.07438,0.0,0.07438,2026-04-21 11:00:00,wait_window_expired,,,等待窗口已届满（earliest_entry+120h 截止）：窗口内仍未触发建仓。常见原因：反弹目标价未触及、资金或日内/小时额度不足、候选按倍数排序较后等。
BTCUSDT,BTCUSDT_202604161000,37.46948247784017,2026-04-16 10:00:00,2026-04-16 10:00,2026-04-16 11:00:00,74267.8,0.0,74267.8,2026-04-21 11:00:00,wait_window_expired,,,等待窗口已届满（earliest_entry+120h 截止）：窗口内仍未触发建仓。常见原因：反弹目标价未触及、资金或日内/小时额度不足、候选按倍数排序较后等。
SQDUSDT,SQDUSDT_202604170000,264.77278271475865,2026-04-17 00:00:00,2026-04-17 00:00,2026-04-17 01:00:00,0.03375,0.0,0.03375,2026-04-22 01:00:00,entered,2026-04-17 01:05:00,0.034210,触发目标价并建仓（理论0.033750，实际0.034210）
GLMUSDT,GLMUSDT_202604170000,259.95765235227947,2026-04-17 00:00:00,2026-04-17 00:00,2026-04-17 01:00:00,0.13902,0.0,0.13902,2026-04-22 01:00:00,backtest_end_pending,,,回测区间在信号 deadline 之前结束，或仍在轮候队列中，未标记为等待窗口超时；若需观察完整窗口请延长 end_date。策略按卖量倍数排序轮候，非「触价限价」成交逻辑。
MOVRUSDT,MOVRUSDT_202604170000,246.91380094584153,2026-04-17 00:00:00,2026-04-17 00:00,2026-04-17 01:00:00,1.458,0.0,1.458,2026-04-22 01:00:00,backtest_end_pending,,,回测区间在信号 deadline 之前结束，或仍在轮候队列中，未标记为等待窗口超时；若需观察完整窗口请延长 end_date。策略按卖量倍数排序轮候，非「触价限价」成交逻辑。
KAVAUSDT,KAVAUSDT_202604170000,246.65404487509656,2026-04-17 00:00:00,2026-04-17 00:00,2026-04-17 01:00:00,0.0567,0.0,0.0567,2026-04-22 01:00:00,backtest_end_pending,,,回测区间在信号 deadline 之前结束，或仍在轮候队列中，未标记为等待窗口超时；若需观察完整窗口请延长 end_date。策略按卖量倍数排序轮候，非「触价限价」成交逻辑。
SIRENUSDT,SIRENUSDT_202604170000,242.67616846045365,2026-04-17 00:00:00,2026-04-17 00:00,2026-04-17 01:00:00,2.0103,0.0,2.0103,2026-04-22 01:00:00,backtest_end_pending,,,回测区间在信号 deadline 之前结束，或仍在轮候队列中，未标记为等待窗口超时；若需观察完整窗口请延长 end_date。策略按卖量倍数排序轮候，非「触价限价」成交逻辑。
SWARMSUSDT,SWARMSUSDT_202604170000,232.6648063973009,2026-04-17 00:00:00,2026-04-17 00:00,2026-04-17 01:00:00,0.018524,0.0,0.018524,2026-04-22 01:00:00,backtest_end_pending,,,回测区间在信号 deadline 之前结束，或仍在轮候队列中，未标记为等待窗口超时；若需观察完整窗口请延长 end_date。策略按卖量倍数排序轮候，非「触价限价」成交逻辑。
LUMIAUSDT,LUMIAUSDT_202604170000,209.06679591342174,2026-04-17 00:00:00,2026-04-17 00:00,2026-04-17 01:00:00,0.10026,0.0,0.10026,2026-04-22 01:00:00,backtest_end_pending,,,回测区间在信号 deadline 之前结束，或仍在轮候队列中，未标记为等待窗口超时；若需观察完整窗口请延长 end_date。策略按卖量倍数排序轮候，非「触价限价」成交逻辑。
SIGNUSDT,SIGNUSDT_202604170000,205.6987728915229,2026-04-17 00:00:00,2026-04-17 00:00,2026-04-17 01:00:00,0.01977,0.0,0.01977,2026-04-22 01:00:00,backtest_end_pending,,,回测区间在信号 deadline 之前结束，或仍在轮候队列中，未标记为等待窗口超时；若需观察完整窗口请延长 end_date。策略按卖量倍数排序轮候，非「触价限价」成交逻辑。
DOGSUSDT,DOGSUSDT_202604170000,200.8817319056314,2026-04-17 00:00:00,2026-04-17 00:00,2026-04-17 01:00:00,3.68e-05,0.0,3.68e-05,2026-04-22 01:00:00,backtest_end_pending,,,回测区间在信号 deadline 之前结束，或仍在轮候队列中，未标记为等待窗口超时；若需观察完整窗口请延长 end_date。策略按卖量倍数排序轮候，非「触价限价」成交逻辑。
MEGAUSDT,MEGAUSDT_202604170000,199.66902119071645,2026-04-17 00:00:00,2026-04-17 00:00,2026-04-17 01:00:00,0.13492,0.0,0.13492,2026-04-22 01:00:00,backtest_end_pending,,,回测区间在信号 deadline 之前结束，或仍在轮候队列中，未标记为等待窗口超时；若需观察完整窗口请延长 end_date。策略按卖量倍数排序轮候，非「触价限价」成交逻辑。
BASEDUSDT,BASEDUSDT_202604170000,193.66459593452922,2026-04-17 00:00:00,2026-04-17 00:00,2026-04-17 01:00:00,0.20517,0.0,0.20517,2026-04-22 01:00:00,backtest_end_pending,,,回测区间在信号 deadline 之前结束，或仍在轮候队列中，未标记为等待窗口超时；若需观察完整窗口请延长 end_date。策略按卖量倍数排序轮候，非「触价限价」成交逻辑。
EPICUSDT,EPICUSDT_202604170000,191.3687951106561,2026-04-17 00:00:00,2026-04-17 00:00,2026-04-17 01:00:00,0.3064,0.0,0.3064,2026-04-22 01:00:00,backtest_end_pending,,,回测区间在信号 deadline 之前结束，或仍在轮候队列中，未标记为等待窗口超时；若需观察完整窗口请延长 end_date。策略按卖量倍数排序轮候，非「触价限价」成交逻辑。
FRAXUSDT,FRAXUSDT_202604170000,180.97310221159594,2026-04-17 00:00:00,2026-04-17 00:00,2026-04-17 01:00:00,0.4384,0.0,0.4384,2026-04-22 01:00:00,backtest_end_pending,,,回测区间在信号 deadline 之前结束，或仍在轮候队列中，未标记为等待窗口超时；若需观察完整窗口请延长 end_date。策略按卖量倍数排序轮候，非「触价限价」成交逻辑。
SCRUSDT,SCRUSDT_202604170000,161.71990587439586,2026-04-17 00:00:00,2026-04-17 00:00,2026-04-17 01:00:00,0.04565,0.0,0.04565,2026-04-22 01:00:00,backtest_end_pending,,,回测区间在信号 deadline 之前结束，或仍在轮候队列中，未标记为等待窗口超时；若需观察完整窗口请延长 end_date。策略按卖量倍数排序轮候，非「触价限价」成交逻辑。
CFGUSDT,CFGUSDT_202604170000,153.35006673054326,2026-04-17 00:00:00,2026-04-17 00:00,2026-04-17 01:00:00,0.2361,0.0,0.2361,2026-04-22 01:00:00,backtest_end_pending,,,回测区间在信号 deadline 之前结束，或仍在轮候队列中，未标记为等待窗口超时；若需观察完整窗口请延长 end_date。策略按卖量倍数排序轮候，非「触价限价」成交逻辑。
MUSDT,MUSDT_202604170000,151.97126342944847,2026-04-17 00:00:00,2026-04-17 00:00,2026-04-17 01:00:00,3.8599,0.0,3.8599,2026-04-22 01:00:00,backtest_end_pending,,,回测区间在信号 deadline 之前结束，或仍在轮候队列中，未标记为等待窗口超时；若需观察完整窗口请延长 end_date。策略按卖量倍数排序轮候，非「触价限价」成交逻辑。
AAPLUSDT,AAPLUSDT_202604170000,143.32634570971754,2026-04-17 00:00:00,2026-04-17 00:00,2026-04-17 01:00:00,264.01,0.0,264.01,2026-04-22 01:00:00,backtest_end_pending,,,回测区间在信号 deadline 之前结束，或仍在轮候队列中，未标记为等待窗口超时；若需观察完整窗口请延长 end_date。策略按卖量倍数排序轮候，非「触价限价」成交逻辑。
SSVUSDT,SSVUSDT_202604170000,140.90312760482726,2026-04-17 00:00:00,2026-04-17 00:00,2026-04-17 01:00:00,2.611,0.0,2.611,2026-04-22 01:00:00,backtest_end_pending,,,回测区间在信号 deadline 之前结束，或仍在轮候队列中，未标记为等待窗口超时；若需观察完整窗口请延长 end_date。策略按卖量倍数排序轮候，非「触价限价」成交逻辑。
ZILUSDT,ZILUSDT_202604170000,134.16570044279624,2026-04-17 00:00:00,2026-04-17 00:00,2026-04-17 01:00:00,0.0041,0.0,0.0041,2026-04-22 01:00:00,backtest_end_pending,,,回测区间在信号 deadline 之前结束，或仍在轮候队列中，未标记为等待窗口超时；若需观察完整窗口请延长 end_date。策略按卖量倍数排序轮候，非「触价限价」成交逻辑。
JELLYJELLYUSDT,JELLYJELLYUSDT_202604170000,130.01591840673714,2026-04-17 00:00:00,2026-04-17 00:00,2026-04-17 01:00:00,0.05045,0.0,0.05045,2026-04-22 01:00:00,backtest_end_pending,,,回测区间在信号 deadline 之前结束，或仍在轮候队列中，未标记为等待窗口超时；若需观察完整窗口请延长 end_date。策略按卖量倍数排序轮候，非「触价限价」成交逻辑。
CATIUSDT,CATIUSDT_202604170000,127.12991648526537,2026-04-17 00:00:00,2026-04-17 00:00,2026-04-17 01:00:00,0.05066,0.0,0.05066,2026-04-22 01:00:00,backtest_end_pending,,,回测区间在信号 deadline 之前结束，或仍在轮候队列中，未标记为等待窗口超时；若需观察完整窗口请延长 end_date。策略按卖量倍数排序轮候，非「触价限价」成交逻辑。
TONUSDT,TONUSDT_202604170000,124.75470703143394,2026-04-17 00:00:00,2026-04-17 00:00,2026-04-17 01:00:00,1.4515,0.0,1.4515,2026-04-22 01:00:00,backtest_end_pending,,,回测区间在信号 deadline 之前结束，或仍在轮候队列中，未标记为等待窗口超时；若需观察完整窗口请延长 end_date。策略按卖量倍数排序轮候，非「触价限价」成交逻辑。
ILVUSDT,ILVUSDT_202604170000,122.52396847792419,2026-04-17 00:00:00,2026-04-17 00:00,2026-04-17 01:00:00,4.621,0.0,4.621,2026-04-22 01:00:00,backtest_end_pending,,,回测区间在信号 deadline 之前结束，或仍在轮候队列中，未标记为等待窗口超时；若需观察完整窗口请延长 end_date。策略按卖量倍数排序轮候，非「触价限价」成交逻辑。
ATAUSDT,ATAUSDT_202604170000,119.52778099048044,2026-04-17 00:00:00,2026-04-17 00:00,2026-04-17 01:00:00,0.01002,0.0,0.01002,2026-04-22 01:00:00,backtest_end_pending,,,回测区间在信号 deadline 之前结束，或仍在轮候队列中，未标记为等待窗口超时；若需观察完整窗口请延长 end_date。策略按卖量倍数排序轮候，非「触价限价」成交逻辑。
XVSUSDT,XVSUSDT_202604170000,117.90666992426094,2026-04-17 00:00:00,2026-04-17 00:00,2026-04-17 01:00:00,2.704,0.0,2.704,2026-04-22 01:00:00,backtest_end_pending,,,回测区间在信号 deadline 之前结束，或仍在轮候队列中，未标记为等待窗口超时；若需观察完整窗口请延长 end_date。策略按卖量倍数排序轮候，非「触价限价」成交逻辑。
BTCDOMUSDT,BTCDOMUSDT_202604170000,115.38599105812219,2026-04-17 00:00:00,2026-04-17 00:00,2026-04-17 01:00:00,5177.1,0.0,5177.1,2026-04-22 01:00:00,backtest_end_pending,,,回测区间在信号 deadline 之前结束，或仍在轮候队列中，未标记为等待窗口超时；若需观察完整窗口请延长 end_date。策略按卖量倍数排序轮候，非「触价限价」成交逻辑。
PAYPUSDT,PAYPUSDT_202604170000,114.39619796188823,2026-04-17 00:00:00,2026-04-17 00:00,2026-04-17 01:00:00,21.1,0.0,21.1,2026-04-22 01:00:00,backtest_end_pending,,,回测区间在信号 deadline 之前结束，或仍在轮候队列中，未标记为等待窗口超时；若需观察完整窗口请延长 end_date。策略按卖量倍数排序轮候，非「触价限价」成交逻辑。
HOMEUSDT,HOMEUSDT_202604170000,110.64591764996484,2026-04-17 00:00:00,2026-04-17 00:00,2026-04-17 01:00:00,0.018627,0.0,0.018627,2026-04-22 01:00:00,backtest_end_pending,,,回测区间在信号 deadline 之前结束，或仍在轮候队列中，未标记为等待窗口超时；若需观察完整窗口请延长 end_date。策略按卖量倍数排序轮候，非「触价限价」成交逻辑。
EIGENUSDT,EIGENUSDT_202604170000,106.92388352452869,2026-04-17 00:00:00,2026-04-17 00:00,2026-04-17 01:00:00,0.2008,0.0,0.2008,2026-04-22 01:00:00,backtest_end_pending,,,回测区间在信号 deadline 之前结束，或仍在轮候队列中，未标记为等待窗口超时；若需观察完整窗口请延长 end_date。策略按卖量倍数排序轮候，非「触价限价」成交逻辑。
BSBUSDT,BSBUSDT_202604170000,106.70662809762007,2026-04-17 00:00:00,2026-04-17 00:00,2026-04-17 01:00:00,0.25873,0.0,0.25873,2026-04-22 01:00:00,backtest_end_pending,,,回测区间在信号 deadline 之前结束，或仍在轮候队列中，未标记为等待窗口超时；若需观察完整窗口请延长 end_date。策略按卖量倍数排序轮候，非「触价限价」成交逻辑。
SCRTUSDT,SCRTUSDT_202604170000,106.52426565948443,2026-04-17 00:00:00,2026-04-17 00:00,2026-04-17 01:00:00,0.0965,0.0,0.0965,2026-04-22 01:00:00,backtest_end_pending,,,回测区间在信号 deadline 之前结束，或仍在轮候队列中，未标记为等待窗口超时；若需观察完整窗口请延长 end_date。策略按卖量倍数排序轮候，非「触价限价」成交逻辑。
BSVUSDT,BSVUSDT_202604170000,103.60293854147999,2026-04-17 00:00:00,2026-04-17 00:00,2026-04-17 01:00:00,15.96,0.0,15.96,2026-04-22 01:00:00,backtest_end_pending,,,回测区间在信号 deadline 之前结束，或仍在轮候队列中，未标记为等待窗口超时；若需观察完整窗口请延长 end_date。策略按卖量倍数排序轮候，非「触价限价」成交逻辑。
DYDXUSDT,DYDXUSDT_202604170000,100.70189230180681,2026-04-17 00:00:00,2026-04-17 00:00,2026-04-17 01:00:00,0.1327,0.0,0.1327,2026-04-22 01:00:00,backtest_end_pending,,,回测区间在信号 deadline 之前结束，或仍在轮候队列中，未标记为等待窗口超时；若需观察完整窗口请延长 end_date。策略按卖量倍数排序轮候，非「触价限价」成交逻辑。
TSMUSDT,TSMUSDT_202604170000,100.68233510235027,2026-04-17 00:00:00,2026-04-17 00:00,2026-04-17 01:00:00,365.84,0.0,365.84,2026-04-22 01:00:00,backtest_end_pending,,,回测区间在信号 deadline 之前结束，或仍在轮候队列中，未标记为等待窗口超时；若需观察完整窗口请延长 end_date。策略按卖量倍数排序轮候，非「触价限价」成交逻辑。
PIPPINUSDT,PIPPINUSDT_202604170000,97.2555431587911,2026-04-17 00:00:00,2026-04-17 00:00,2026-04-17 01:00:00,0.04285,0.0,0.04285,2026-04-22 01:00:00,backtest_end_pending,,,回测区间在信号 deadline 之前结束，或仍在轮候队列中，未标记为等待窗口超时；若需观察完整窗口请延长 end_date。策略按卖量倍数排序轮候，非「触价限价」成交逻辑。
MEUSDT,MEUSDT_202604170000,97.17732600526959,2026-04-17 00:00:00,2026-04-17 00:00,2026-04-17 01:00:00,0.1093,0.0,0.1093,2026-04-22 01:00:00,backtest_end_pending,,,回测区间在信号 deadline 之前结束，或仍在轮候队列中，未标记为等待窗口超时；若需观察完整窗口请延长 end_date。策略按卖量倍数排序轮候，非「触价限价」成交逻辑。
2ZUSDT,2ZUSDT_202604170000,95.51246859286776,2026-04-17 00:00:00,2026-04-17 00:00,2026-04-17 01:00:00,0.09154,0.0,0.09154,2026-04-22 01:00:00,backtest_end_pending,,,回测区间在信号 deadline 之前结束，或仍在轮候队列中，未标记为等待窗口超时；若需观察完整窗口请延长 end_date。策略按卖量倍数排序轮候，非「触价限价」成交逻辑。
BREVUSDT,BREVUSDT_202604170000,95.3636233765427,2026-04-17 00:00:00,2026-04-17 00:00,2026-04-17 01:00:00,0.133,0.0,0.133,2026-04-22 01:00:00,backtest_end_pending,,,回测区间在信号 deadline 之前结束，或仍在轮候队列中，未标记为等待窗口超时；若需观察完整窗口请延长 end_date。策略按卖量倍数排序轮候，非「触价限价」成交逻辑。
LUNA2USDT,LUNA2USDT_202604170000,94.8516967135977,2026-04-17 00:00:00,2026-04-17 00:00,2026-04-17 01:00:00,0.06172,0.0,0.06172,2026-04-22 01:00:00,backtest_end_pending,,,回测区间在信号 deadline 之前结束，或仍在轮候队列中，未标记为等待窗口超时；若需观察完整窗口请延长 end_date。策略按卖量倍数排序轮候，非「触价限价」成交逻辑。
AKEUSDT,AKEUSDT_202604170000,94.75871608465475,2026-04-17 00:00:00,2026-04-17 00:00,2026-04-17 01:00:00,0.0005531,0.0,0.0005531,2026-04-22 01:00:00,backtest_end_pending,,,回测区间在信号 deadline 之前结束，或仍在轮候队列中，未标记为等待窗口超时；若需观察完整窗口请延长 end_date。策略按卖量倍数排序轮候，非「触价限价」成交逻辑。
WALUSDT,WALUSDT_202604170000,90.46559907024277,2026-04-17 00:00:00,2026-04-17 00:00,2026-04-17 01:00:00,0.07657,0.0,0.07657,2026-04-22 01:00:00,backtest_end_pending,,,回测区间在信号 deadline 之前结束，或仍在轮候队列中，未标记为等待窗口超时；若需观察完整窗口请延长 end_date。策略按卖量倍数排序轮候，非「触价限价」成交逻辑。
TAOUSDT,TAOUSDT_202604170000,89.24616124627852,2026-04-17 00:00:00,2026-04-17 00:00,2026-04-17 01:00:00,255.33,0.0,255.33,2026-04-22 01:00:00,backtest_end_pending,,,回测区间在信号 deadline 之前结束，或仍在轮候队列中，未标记为等待窗口超时；若需观察完整窗口请延长 end_date。策略按卖量倍数排序轮候，非「触价限价」成交逻辑。
TUTUSDT,TUTUSDT_202604170000,87.9266541424583,2026-04-17 00:00:00,2026-04-17 00:00,2026-04-17 01:00:00,0.01219,0.0,0.01219,2026-04-22 01:00:00,backtest_end_pending,,,回测区间在信号 deadline 之前结束，或仍在轮候队列中，未标记为等待窗口超时；若需观察完整窗口请延长 end_date。策略按卖量倍数排序轮候，非「触价限价」成交逻辑。
MANTRAUSDT,MANTRAUSDT_202604170000,87.40769474229917,2026-04-17 00:00:00,2026-04-17 00:00,2026-04-17 01:00:00,0.01118,0.0,0.01118,2026-04-22 01:00:00,backtest_end_pending,,,回测区间在信号 deadline 之前结束，或仍在轮候队列中，未标记为等待窗口超时；若需观察完整窗口请延长 end_date。策略按卖量倍数排序轮候，非「触价限价」成交逻辑。
STABLEUSDT,STABLEUSDT_202604170000,86.88505094118092,2026-04-17 00:00:00,2026-04-17 00:00,2026-04-17 01:00:00,0.02649,0.0,0.02649,2026-04-22 01:00:00,backtest_end_pending,,,回测区间在信号 deadline 之前结束，或仍在轮候队列中，未标记为等待窗口超时；若需观察完整窗口请延长 end_date。策略按卖量倍数排序轮候，非「触价限价」成交逻辑。
SKYAIUSDT,SKYAIUSDT_202604170000,86.87134955606629,2026-04-17 00:00:00,2026-04-17 00:00,2026-04-17 01:00:00,0.16321,0.0,0.16321,2026-04-22 01:00:00,backtest_end_pending,,,回测区间在信号 deadline 之前结束，或仍在轮候队列中，未标记为等待窗口超时；若需观察完整窗口请延长 end_date。策略按卖量倍数排序轮候，非「触价限价」成交逻辑。
STBLUSDT,STBLUSDT_202604170000,84.56238936809868,2026-04-17 00:00:00,2026-04-17 00:00,2026-04-17 01:00:00,0.04303,0.0,0.04303,2026-04-22 01:00:00,backtest_end_pending,,,回测区间在信号 deadline 之前结束，或仍在轮候队列中，未标记为等待窗口超时；若需观察完整窗口请延长 end_date。策略按卖量倍数排序轮候，非「触价限价」成交逻辑。
1000FLOKIUSDT,1000FLOKIUSDT_202604170000,80.75552705962774,2026-04-17 00:00:00,2026-04-17 00:00,2026-04-17 01:00:00,0.03174,0.0,0.03174,2026-04-22 01:00:00,backtest_end_pending,,,回测区间在信号 deadline 之前结束，或仍在轮候队列中，未标记为等待窗口超时；若需观察完整窗口请延长 end_date。策略按卖量倍数排序轮候，非「触价限价」成交逻辑。
IOTXUSDT,IOTXUSDT_202604170000,80.45285739708491,2026-04-17 00:00:00,2026-04-17 00:00,2026-04-17 01:00:00,0.00481,0.0,0.00481,2026-04-22 01:00:00,backtest_end_pending,,,回测区间在信号 deadline 之前结束，或仍在轮候队列中，未标记为等待窗口超时；若需观察完整窗口请延长 end_date。策略按卖量倍数排序轮候，非「触价限价」成交逻辑。
GWEIUSDT,GWEIUSDT_202604170000,77.85632727208937,2026-04-17 00:00:00,2026-04-17 00:00,2026-04-17 01:00:00,0.07144,0.0,0.07144,2026-04-22 01:00:00,superseded_stronger_hour,,,被更强卖量信号覆盖(旧77.86x → 新82.45x，新信号UTC 2026-04-18 00:00)
REZUSDT,REZUSDT_202604170000,77.55796341734518,2026-04-17 00:00:00,2026-04-17 00:00,2026-04-17 01:00:00,0.004277,0.0,0.004277,2026-04-22 01:00:00,superseded_stronger_hour,,,被更强卖量信号覆盖(旧77.56x → 新90.79x，新信号UTC 2026-04-20 07:00)
BCHUSDT,BCHUSDT_202604170000,76.96613669627286,2026-04-17 00:00:00,2026-04-17 00:00,2026-04-17 01:00:00,457.76,0.0,457.76,2026-04-22 01:00:00,backtest_end_pending,,,回测区间在信号 deadline 之前结束，或仍在轮候队列中，未标记为等待窗口超时；若需观察完整窗口请延长 end_date。策略按卖量倍数排序轮候，非「触价限价」成交逻辑。
SAPIENUSDT,SAPIENUSDT_202604170000,76.8789499625769,2026-04-17 00:00:00,2026-04-17 00:00,2026-04-17 01:00:00,0.08036,0.0,0.08036,2026-04-22 01:00:00,superseded_stronger_hour,,,被更强卖量信号覆盖(旧76.88x → 新89.99x，新信号UTC 2026-04-18 00:00)
ROBOUSDT,ROBOUSDT_202604170000,76.84176733546101,2026-04-17 00:00:00,2026-04-17 00:00,2026-04-17 01:00:00,0.02103,0.0,0.02103,2026-04-22 01:00:00,backtest_end_pending,,,回测区间在信号 deadline 之前结束，或仍在轮候队列中，未标记为等待窗口超时；若需观察完整窗口请延长 end_date。策略按卖量倍数排序轮候，非「触价限价」成交逻辑。
NILUSDT,NILUSDT_202604170000,73.25780865441827,2026-04-17 00:00:00,2026-04-17 00:00,2026-04-17 01:00:00,0.03892,0.0,0.03892,2026-04-22 01:00:00,backtest_end_pending,,,回测区间在信号 deadline 之前结束，或仍在轮候队列中，未标记为等待窗口超时；若需观察完整窗口请延长 end_date。策略按卖量倍数排序轮候，非「触价限价」成交逻辑。
CFXUSDT,CFXUSDT_202604170000,73.24128286480801,2026-04-17 00:00:00,2026-04-17 00:00,2026-04-17 01:00:00,0.06737,0.0,0.06737,2026-04-22 01:00:00,backtest_end_pending,,,回测区间在信号 deadline 之前结束，或仍在轮候队列中，未标记为等待窗口超时；若需观察完整窗口请延长 end_date。策略按卖量倍数排序轮候，非「触价限价」成交逻辑。
DEGENUSDT,DEGENUSDT_202604170000,68.67448304570706,2026-04-17 00:00:00,2026-04-17 00:00,2026-04-17 01:00:00,0.0007799,0.0,0.0007799,2026-04-22 01:00:00,backtest_end_pending,,,回测区间在信号 deadline 之前结束，或仍在轮候队列中，未标记为等待窗口超时；若需观察完整窗口请延长 end_date。策略按卖量倍数排序轮候，非「触价限价」成交逻辑。
YGGUSDT,YGGUSDT_202604170000,68.47446440658727,2026-04-17 00:00:00,2026-04-17 00:00,2026-04-17 01:00:00,0.04276,0.0,0.04276,2026-04-22 01:00:00,backtest_end_pending,,,回测区间在信号 deadline 之前结束，或仍在轮候队列中，未标记为等待窗口超时；若需观察完整窗口请延长 end_date。策略按卖量倍数排序轮候，非「触价限价」成交逻辑。
GRIFFAINUSDT,GRIFFAINUSDT_202604170000,68.03978522885143,2026-04-17 00:00:00,2026-04-17 00:00,2026-04-17 01:00:00,0.016866,0.0,0.016866,2026-04-22 01:00:00,superseded_stronger_hour,,,被更强卖量信号覆盖(旧68.04x → 新158.69x，新信号UTC 2026-04-18 00:00)
RECALLUSDT,RECALLUSDT_202604170000,68.00472277699288,2026-04-17 00:00:00,2026-04-17 00:00,2026-04-17 01:00:00,0.05061,0.0,0.05061,2026-04-22 01:00:00,backtest_end_pending,,,回测区间在信号 deadline 之前结束，或仍在轮候队列中，未标记为等待窗口超时；若需观察完整窗口请延长 end_date。策略按卖量倍数排序轮候，非「触价限价」成交逻辑。
AUCTIONUSDT,AUCTIONUSDT_202604170000,67.53383500713348,2026-04-17 00:00:00,2026-04-17 00:00,2026-04-17 01:00:00,4.923,0.0,4.923,2026-04-22 01:00:00,backtest_end_pending,,,回测区间在信号 deadline 之前结束，或仍在轮候队列中，未标记为等待窗口超时；若需观察完整窗口请延长 end_date。策略按卖量倍数排序轮候，非「触价限价」成交逻辑。
USELESSUSDT,USELESSUSDT_202604170000,67.51610171269556,2026-04-17 00:00:00,2026-04-17 00:00,2026-04-17 01:00:00,0.04834,0.0,0.04834,2026-04-22 01:00:00,backtest_end_pending,,,回测区间在信号 deadline 之前结束，或仍在轮候队列中，未标记为等待窗口超时；若需观察完整窗口请延长 end_date。策略按卖量倍数排序轮候，非「触价限价」成交逻辑。
TAGUSDT,TAGUSDT_202604170000,66.82330373333662,2026-04-17 00:00:00,2026-04-17 00:00,2026-04-17 01:00:00,0.0007181,0.0,0.0007181,2026-04-22 01:00:00,backtest_end_pending,,,回测区间在信号 deadline 之前结束，或仍在轮候队列中，未标记为等待窗口超时；若需观察完整窗口请延长 end_date。策略按卖量倍数排序轮候，非「触价限价」成交逻辑。
CLOUSDT,CLOUSDT_202604170000,66.61109856766029,2026-04-17 00:00:00,2026-04-17 00:00,2026-04-17 01:00:00,0.0954,0.0,0.0954,2026-04-22 01:00:00,backtest_end_pending,,,回测区间在信号 deadline 之前结束，或仍在轮候队列中，未标记为等待窗口超时；若需观察完整窗口请延长 end_date。策略按卖量倍数排序轮候，非「触价限价」成交逻辑。
NFPUSDT,NFPUSDT_202604170000,65.07343367010294,2026-04-17 00:00:00,2026-04-17 00:00,2026-04-17 01:00:00,0.01438,0.0,0.01438,2026-04-22 01:00:00,backtest_end_pending,,,回测区间在信号 deadline 之前结束，或仍在轮候队列中，未标记为等待窗口超时；若需观察完整窗口请延长 end_date。策略按卖量倍数排序轮候，非「触价限价」成交逻辑。
MTLUSDT,MTLUSDT_202604170000,64.68623698143223,2026-04-17 00:00:00,2026-04-17 00:00,2026-04-17 01:00:00,0.3007,0.0,0.3007,2026-04-22 01:00:00,backtest_end_pending,,,回测区间在信号 deadline 之前结束，或仍在轮候队列中，未标记为等待窗口超时；若需观察完整窗口请延长 end_date。策略按卖量倍数排序轮候，非「触价限价」成交逻辑。
TLMUSDT,TLMUSDT_202604170000,64.33563707449831,2026-04-17 00:00:00,2026-04-17 00:00,2026-04-17 01:00:00,0.001762,0.0,0.001762,2026-04-22 01:00:00,superseded_stronger_hour,,,被更强卖量信号覆盖(旧64.34x → 新155.91x，新信号UTC 2026-04-18 00:00)
TACUSDT,TACUSDT_202604170000,64.07144786474788,2026-04-17 00:00:00,2026-04-17 00:00,2026-04-17 01:00:00,0.005534,0.0,0.005534,2026-04-22 01:00:00,backtest_end_pending,,,回测区间在信号 deadline 之前结束，或仍在轮候队列中，未标记为等待窗口超时；若需观察完整窗口请延长 end_date。策略按卖量倍数排序轮候，非「触价限价」成交逻辑。
LPTUSDT,LPTUSDT_202604170000,63.62060441692131,2026-04-17 00:00:00,2026-04-17 00:00,2026-04-17 01:00:00,2.21,0.0,2.21,2026-04-22 01:00:00,backtest_end_pending,,,回测区间在信号 deadline 之前结束，或仍在轮候队列中，未标记为等待窗口超时；若需观察完整窗口请延长 end_date。策略按卖量倍数排序轮候，非「触价限价」成交逻辑。
ALTUSDT,ALTUSDT_202604170000,63.61520809461416,2026-04-17 00:00:00,2026-04-17 00:00,2026-04-17 01:00:00,0.007482,0.0,0.007482,2026-04-22 01:00:00,backtest_end_pending,,,回测区间在信号 deadline 之前结束，或仍在轮候队列中，未标记为等待窗口超时；若需观察完整窗口请延长 end_date。策略按卖量倍数排序轮候，非「触价限价」成交逻辑。
AEVOUSDT,AEVOUSDT_202604170000,62.75457998134289,2026-04-17 00:00:00,2026-04-17 00:00,2026-04-17 01:00:00,0.02626,0.0,0.02626,2026-04-22 01:00:00,backtest_end_pending,,,回测区间在信号 deadline 之前结束，或仍在轮候队列中，未标记为等待窗口超时；若需观察完整窗口请延长 end_date。策略按卖量倍数排序轮候，非「触价限价」成交逻辑。
USTCUSDT,USTCUSDT_202604170000,62.31488757901698,2026-04-17 00:00:00,2026-04-17 00:00,2026-04-17 01:00:00,0.005435,0.0,0.005435,2026-04-22 01:00:00,backtest_end_pending,,,回测区间在信号 deadline 之前结束，或仍在轮候队列中，未标记为等待窗口超时；若需观察完整窗口请延长 end_date。策略按卖量倍数排序轮候，非「触价限价」成交逻辑。
AZTECUSDT,AZTECUSDT_202604170000,62.15187097808021,2026-04-17 00:00:00,2026-04-17 00:00,2026-04-17 01:00:00,0.0231,0.0,0.0231,2026-04-22 01:00:00,backtest_end_pending,,,回测区间在信号 deadline 之前结束，或仍在轮候队列中，未标记为等待窗口超时；若需观察完整窗口请延长 end_date。策略按卖量倍数排序轮候，非「触价限价」成交逻辑。
AKTUSDT,AKTUSDT_202604170000,60.85087904028118,2026-04-17 00:00:00,2026-04-17 00:00,2026-04-17 01:00:00,0.504,0.0,0.504,2026-04-22 01:00:00,backtest_end_pending,,,回测区间在信号 deadline 之前结束，或仍在轮候队列中，未标记为等待窗口超时；若需观察完整窗口请延长 end_date。策略按卖量倍数排序轮候，非「触价限价」成交逻辑。
AVNTUSDT,AVNTUSDT_202604170000,59.991063614169235,2026-04-17 00:00:00,2026-04-17 00:00,2026-04-17 01:00:00,0.143,0.0,0.143,2026-04-22 01:00:00,backtest_end_pending,,,回测区间在信号 deadline 之前结束，或仍在轮候队列中，未标记为等待窗口超时；若需观察完整窗口请延长 end_date。策略按卖量倍数排序轮候，非「触价限价」成交逻辑。
RVNUSDT,RVNUSDT_202604170000,58.87028915216835,2026-04-17 00:00:00,2026-04-17 00:00,2026-04-17 01:00:00,0.00602,0.0,0.00602,2026-04-22 01:00:00,backtest_end_pending,,,回测区间在信号 deadline 之前结束，或仍在轮候队列中，未标记为等待窗口超时；若需观察完整窗口请延长 end_date。策略按卖量倍数排序轮候，非「触价限价」成交逻辑。
PHAUSDT,PHAUSDT_202604170000,58.04166512013306,2026-04-17 00:00:00,2026-04-17 00:00,2026-04-17 01:00:00,0.03839,0.0,0.03839,2026-04-22 01:00:00,backtest_end_pending,,,回测区间在信号 deadline 之前结束，或仍在轮候队列中，未标记为等待窗口超时；若需观察完整窗口请延长 end_date。策略按卖量倍数排序轮候，非「触价限价」成交逻辑。
STORJUSDT,STORJUSDT_202604170000,58.01804809347452,2026-04-17 00:00:00,2026-04-17 00:00,2026-04-17 01:00:00,0.1043,0.0,0.1043,2026-04-22 01:00:00,backtest_end_pending,,,回测区间在信号 deadline 之前结束，或仍在轮候队列中，未标记为等待窗口超时；若需观察完整窗口请延长 end_date。策略按卖量倍数排序轮候，非「触价限价」成交逻辑。
IOUSDT,IOUSDT_202604170000,57.7326594516343,2026-04-17 00:00:00,2026-04-17 00:00,2026-04-17 01:00:00,0.1163,0.0,0.1163,2026-04-22 01:00:00,backtest_end_pending,,,回测区间在信号 deadline 之前结束，或仍在轮候队列中，未标记为等待窗口超时；若需观察完整窗口请延长 end_date。策略按卖量倍数排序轮候，非「触价限价」成交逻辑。
HIGHUSDT,HIGHUSDT_202604170000,56.698372894014234,2026-04-17 00:00:00,2026-04-17 00:00,2026-04-17 01:00:00,0.111,0.0,0.111,2026-04-22 01:00:00,backtest_end_pending,,,回测区间在信号 deadline 之前结束，或仍在轮候队列中，未标记为等待窗口超时；若需观察完整窗口请延长 end_date。策略按卖量倍数排序轮候，非「触价限价」成交逻辑。
ALLOUSDT,ALLOUSDT_202604170000,55.985310319500556,2026-04-17 00:00:00,2026-04-17 00:00,2026-04-17 01:00:00,0.11121,0.0,0.11121,2026-04-22 01:00:00,backtest_end_pending,,,回测区间在信号 deadline 之前结束，或仍在轮候队列中，未标记为等待窗口超时；若需观察完整窗口请延长 end_date。策略按卖量倍数排序轮候，非「触价限价」成交逻辑。
AERGOUSDT,AERGOUSDT_202604170000,55.214507161785335,2026-04-17 00:00:00,2026-04-17 00:00,2026-04-17 01:00:00,0.05535,0.0,0.05535,2026-04-22 01:00:00,backtest_end_pending,,,回测区间在信号 deadline 之前结束，或仍在轮候队列中，未标记为等待窗口超时；若需观察完整窗口请延长 end_date。策略按卖量倍数排序轮候，非「触价限价」成交逻辑。
LINKUSDT,LINKUSDT_202604170000,54.78440742802329,2026-04-17 00:00:00,2026-04-17 00:00,2026-04-17 01:00:00,9.523,0.0,9.523,2026-04-22 01:00:00,backtest_end_pending,,,回测区间在信号 deadline 之前结束，或仍在轮候队列中，未标记为等待窗口超时；若需观察完整窗口请延长 end_date。策略按卖量倍数排序轮候，非「触价限价」成交逻辑。
MUBARAKUSDT,MUBARAKUSDT_202604170000,54.66084317142797,2026-04-17 00:00:00,2026-04-17 00:00,2026-04-17 01:00:00,0.01498,0.0,0.01498,2026-04-22 01:00:00,backtest_end_pending,,,回测区间在信号 deadline 之前结束，或仍在轮候队列中，未标记为等待窗口超时；若需观察完整窗口请延长 end_date。策略按卖量倍数排序轮候，非「触价限价」成交逻辑。
XPINUSDT,XPINUSDT_202604170000,54.65209394877978,2026-04-17 00:00:00,2026-04-17 00:00,2026-04-17 01:00:00,0.001523,0.0,0.001523,2026-04-22 01:00:00,backtest_end_pending,,,回测区间在信号 deadline 之前结束，或仍在轮候队列中，未标记为等待窗口超时；若需观察完整窗口请延长 end_date。策略按卖量倍数排序轮候，非「触价限价」成交逻辑。
ZKUSDT,ZKUSDT_202604170000,54.415918890050115,2026-04-17 00:00:00,2026-04-17 00:00,2026-04-17 01:00:00,0.01647,0.0,0.01647,2026-04-22 01:00:00,backtest_end_pending,,,回测区间在信号 deadline 之前结束，或仍在轮候队列中，未标记为等待窗口超时；若需观察完整窗口请延长 end_date。策略按卖量倍数排序轮候，非「触价限价」成交逻辑。
PEOPLEUSDT,PEOPLEUSDT_202604170000,51.81368364886686,2026-04-17 00:00:00,2026-04-17 00:00,2026-04-17 01:00:00,0.0088,0.0,0.0088,2026-04-22 01:00:00,backtest_end_pending,,,回测区间在信号 deadline 之前结束，或仍在轮候队列中，未标记为等待窗口超时；若需观察完整窗口请延长 end_date。策略按卖量倍数排序轮候，非「触价限价」成交逻辑。
STOUSDT,STOUSDT_202604170000,51.50705994947934,2026-04-17 00:00:00,2026-04-17 00:00,2026-04-17 01:00:00,0.12464,0.0,0.12464,2026-04-22 01:00:00,backtest_end_pending,,,回测区间在信号 deadline 之前结束，或仍在轮候队列中，未标记为等待窗口超时；若需观察完整窗口请延长 end_date。策略按卖量倍数排序轮候，非「触价限价」成交逻辑。
HANAUSDT,HANAUSDT_202604170000,51.46229688035653,2026-04-17 00:00:00,2026-04-17 00:00,2026-04-17 01:00:00,0.04555,0.0,0.04555,2026-04-22 01:00:00,backtest_end_pending,,,回测区间在信号 deadline 之前结束，或仍在轮候队列中，未标记为等待窗口超时；若需观察完整窗口请延长 end_date。策略按卖量倍数排序轮候，非「触价限价」成交逻辑。
UMAUSDT,UMAUSDT_202604170000,50.64140699454183,2026-04-17 00:00:00,2026-04-17 00:00,2026-04-17 01:00:00,0.4562,0.0,0.4562,2026-04-22 01:00:00,backtest_end_pending,,,回测区间在信号 deadline 之前结束，或仍在轮候队列中，未标记为等待窗口超时；若需观察完整窗口请延长 end_date。策略按卖量倍数排序轮候，非「触价限价」成交逻辑。
GASUSDT,GASUSDT_202604170000,49.8619044068302,2026-04-17 00:00:00,2026-04-17 00:00,2026-04-17 01:00:00,1.754,0.0,1.754,2026-04-22 01:00:00,backtest_end_pending,,,回测区间在信号 deadline 之前结束，或仍在轮候队列中，未标记为等待窗口超时；若需观察完整窗口请延长 end_date。策略按卖量倍数排序轮候，非「触价限价」成交逻辑。
TNSRUSDT,TNSRUSDT_202604170000,49.1935324726964,2026-04-17 00:00:00,2026-04-17 00:00,2026-04-17 01:00:00,0.04168,0.0,0.04168,2026-04-22 01:00:00,backtest_end_pending,,,回测区间在信号 deadline 之前结束，或仍在轮候队列中，未标记为等待窗口超时；若需观察完整窗口请延长 end_date。策略按卖量倍数排序轮候，非「触价限价」成交逻辑。
VETUSDT,VETUSDT_202604170000,48.82886236944971,2026-04-17 00:00:00,2026-04-17 00:00,2026-04-17 01:00:00,0.007377,0.0,0.007377,2026-04-22 01:00:00,superseded_stronger_hour,,,被更强卖量信号覆盖(旧48.83x → 新50.48x，新信号UTC 2026-04-18 00:00)
VANRYUSDT,VANRYUSDT_202604170000,47.63086628705925,2026-04-17 00:00:00,2026-04-17 00:00,2026-04-17 01:00:00,0.005462,0.0,0.005462,2026-04-22 01:00:00,superseded_stronger_hour,,,被更强卖量信号覆盖(旧47.63x → 新47.89x，新信号UTC 2026-04-18 00:00)
DIAUSDT,DIAUSDT_202604170000,47.479453332711415,2026-04-17 00:00:00,2026-04-17 00:00,2026-04-17 01:00:00,0.1862,0.0,0.1862,2026-04-22 01:00:00,superseded_stronger_hour,,,被更强卖量信号覆盖(旧47.48x → 新51.03x，新信号UTC 2026-04-18 00:00)
RUNEUSDT,RUNEUSDT_202604170000,47.379317243632926,2026-04-17 00:00:00,2026-04-17 00:00,2026-04-17 01:00:00,0.4183,0.0,0.4183,2026-04-22 01:00:00,backtest_end_pending,,,回测区间在信号 deadline 之前结束，或仍在轮候队列中，未标记为等待窗口超时；若需观察完整窗口请延长 end_date。策略按卖量倍数排序轮候，非「触价限价」成交逻辑。
COOKIEUSDT,COOKIEUSDT_202604170000,47.25903088048726,2026-04-17 00:00:00,2026-04-17 00:00,2026-04-17 01:00:00,0.01775,0.0,0.01775,2026-04-22 01:00:00,backtest_end_pending,,,回测区间在信号 deadline 之前结束，或仍在轮候队列中，未标记为等待窗口超时；若需观察完整窗口请延长 end_date。策略按卖量倍数排序轮候，非「触价限价」成交逻辑。
ALPINEUSDT,ALPINEUSDT_202604170000,45.575350473985246,2026-04-17 00:00:00,2026-04-17 00:00,2026-04-17 01:00:00,0.4328,0.0,0.4328,2026-04-22 01:00:00,backtest_end_pending,,,回测区间在信号 deadline 之前结束，或仍在轮候队列中，未标记为等待窗口超时；若需观察完整窗口请延长 end_date。策略按卖量倍数排序轮候，非「触价限价」成交逻辑。
STGUSDT,STGUSDT_202604170000,45.250549112326695,2026-04-17 00:00:00,2026-04-17 00:00,2026-04-17 01:00:00,0.2341,0.0,0.2341,2026-04-22 01:00:00,backtest_end_pending,,,回测区间在信号 deadline 之前结束，或仍在轮候队列中，未标记为等待窗口超时；若需观察完整窗口请延长 end_date。策略按卖量倍数排序轮候，非「触价限价」成交逻辑。
WAXPUSDT,WAXPUSDT_202604170000,44.84365419609219,2026-04-17 00:00:00,2026-04-17 00:00,2026-04-17 01:00:00,0.006952,0.0,0.006952,2026-04-22 01:00:00,backtest_end_pending,,,回测区间在信号 deadline 之前结束，或仍在轮候队列中，未标记为等待窗口超时；若需观察完整窗口请延长 end_date。策略按卖量倍数排序轮候，非「触价限价」成交逻辑。
VICUSDT,VICUSDT_202604170000,44.33986722213909,2026-04-17 00:00:00,2026-04-17 00:00,2026-04-17 01:00:00,0.05289,0.0,0.05289,2026-04-22 01:00:00,backtest_end_pending,,,回测区间在信号 deadline 之前结束，或仍在轮候队列中，未标记为等待窗口超时；若需观察完整窗口请延长 end_date。策略按卖量倍数排序轮候，非「触价限价」成交逻辑。
COWUSDT,COWUSDT_202604170000,44.00088486799448,2026-04-17 00:00:00,2026-04-17 00:00,2026-04-17 01:00:00,0.1944,0.0,0.1944,2026-04-22 01:00:00,backtest_end_pending,,,回测区间在信号 deadline 之前结束，或仍在轮候队列中，未标记为等待窗口超时；若需观察完整窗口请延长 end_date。策略按卖量倍数排序轮候，非「触价限价」成交逻辑。
CTKUSDT,CTKUSDT_202604170000,43.76196291773065,2026-04-17 00:00:00,2026-04-17 00:00,2026-04-17 01:00:00,0.1812,0.0,0.1812,2026-04-22 01:00:00,backtest_end_pending,,,回测区间在信号 deadline 之前结束，或仍在轮候队列中，未标记为等待窗口超时；若需观察完整窗口请延长 end_date。策略按卖量倍数排序轮候，非「触价限价」成交逻辑。
LAYERUSDT,LAYERUSDT_202604170000,43.63531123088712,2026-04-17 00:00:00,2026-04-17 00:00,2026-04-17 01:00:00,0.08882,0.0,0.08882,2026-04-22 01:00:00,backtest_end_pending,,,回测区间在信号 deadline 之前结束，或仍在轮候队列中，未标记为等待窗口超时；若需观察完整窗口请延长 end_date。策略按卖量倍数排序轮候，非「触价限价」成交逻辑。
PYTHUSDT,PYTHUSDT_202604170000,43.23166089202201,2026-04-17 00:00:00,2026-04-17 00:00,2026-04-17 01:00:00,0.04874,0.0,0.04874,2026-04-22 01:00:00,backtest_end_pending,,,回测区间在信号 deadline 之前结束，或仍在轮候队列中，未标记为等待窗口超时；若需观察完整窗口请延长 end_date。策略按卖量倍数排序轮候，非「触价限价」成交逻辑。
MAGMAUSDT,MAGMAUSDT_202604170000,43.022267752197116,2026-04-17 00:00:00,2026-04-17 00:00,2026-04-17 01:00:00,0.22253,0.0,0.22253,2026-04-22 01:00:00,backtest_end_pending,,,回测区间在信号 deadline 之前结束，或仍在轮候队列中，未标记为等待窗口超时；若需观察完整窗口请延长 end_date。策略按卖量倍数排序轮候，非「触价限价」成交逻辑。
CKBUSDT,CKBUSDT_202604170000,42.69715597626411,2026-04-17 00:00:00,2026-04-17 00:00,2026-04-17 01:00:00,0.001581,0.0,0.001581,2026-04-22 01:00:00,backtest_end_pending,,,回测区间在信号 deadline 之前结束，或仍在轮候队列中，未标记为等待窗口超时；若需观察完整窗口请延长 end_date。策略按卖量倍数排序轮候，非「触价限价」成交逻辑。
B3USDT,B3USDT_202604170000,42.21825770831687,2026-04-17 00:00:00,2026-04-17 00:00,2026-04-17 01:00:00,0.0003221,0.0,0.0003221,2026-04-22 01:00:00,backtest_end_pending,,,回测区间在信号 deadline 之前结束，或仍在轮候队列中，未标记为等待窗口超时；若需观察完整窗口请延长 end_date。策略按卖量倍数排序轮候，非「触价限价」成交逻辑。
METUSDT,METUSDT_202604170000,42.10890920998375,2026-04-17 00:00:00,2026-04-17 00:00,2026-04-17 01:00:00,0.1508,0.0,0.1508,2026-04-22 01:00:00,backtest_end_pending,,,回测区间在信号 deadline 之前结束，或仍在轮候队列中，未标记为等待窗口超时；若需观察完整窗口请延长 end_date。策略按卖量倍数排序轮候，非「触价限价」成交逻辑。
BERAUSDT,BERAUSDT_202604170000,41.798349814817,2026-04-17 00:00:00,2026-04-17 00:00,2026-04-17 01:00:00,0.424,0.0,0.424,2026-04-22 01:00:00,backtest_end_pending,,,回测区间在信号 deadline 之前结束，或仍在轮候队列中，未标记为等待窗口超时；若需观察完整窗口请延长 end_date。策略按卖量倍数排序轮候，非「触价限价」成交逻辑。
SYSUSDT,SYSUSDT_202604170000,41.57768303503798,2026-04-17 00:00:00,2026-04-17 00:00,2026-04-17 01:00:00,0.01076,0.0,0.01076,2026-04-22 01:00:00,backtest_end_pending,,,回测区间在信号 deadline 之前结束，或仍在轮候队列中，未标记为等待窗口超时；若需观察完整窗口请延长 end_date。策略按卖量倍数排序轮候，非「触价限价」成交逻辑。
HFTUSDT,HFTUSDT_202604170000,41.16610978771845,2026-04-17 00:00:00,2026-04-17 00:00,2026-04-17 01:00:00,0.01458,0.0,0.01458,2026-04-22 01:00:00,backtest_end_pending,,,回测区间在信号 deadline 之前结束，或仍在轮候队列中，未标记为等待窗口超时；若需观察完整窗口请延长 end_date。策略按卖量倍数排序轮候，非「触价限价」成交逻辑。
PARTIUSDT,PARTIUSDT_202604170000,40.7787233805805,2026-04-17 00:00:00,2026-04-17 00:00,2026-04-17 01:00:00,0.04316,0.0,0.04316,2026-04-22 01:00:00,backtest_end_pending,,,回测区间在信号 deadline 之前结束，或仍在轮候队列中，未标记为等待窗口超时；若需观察完整窗口请延长 end_date。策略按卖量倍数排序轮候，非「触价限价」成交逻辑。
C98USDT,C98USDT_202604170000,40.71206271957886,2026-04-17 00:00:00,2026-04-17 00:00,2026-04-17 01:00:00,0.0217,0.0,0.0217,2026-04-22 01:00:00,backtest_end_pending,,,回测区间在信号 deadline 之前结束，或仍在轮候队列中，未标记为等待窗口超时；若需观察完整窗口请延长 end_date。策略按卖量倍数排序轮候，非「触价限价」成交逻辑。
PHBUSDT,PHBUSDT_202604170000,40.6767513222618,2026-04-17 00:00:00,2026-04-17 00:00,2026-04-17 01:00:00,0.1066,0.0,0.1066,2026-04-22 01:00:00,backtest_end_pending,,,回测区间在信号 deadline 之前结束，或仍在轮候队列中，未标记为等待窗口超时；若需观察完整窗口请延长 end_date。策略按卖量倍数排序轮候，非「触价限价」成交逻辑。
ROSEUSDT,ROSEUSDT_202604170000,40.59521346690661,2026-04-17 00:00:00,2026-04-17 00:00,2026-04-17 01:00:00,0.01185,0.0,0.01185,2026-04-22 01:00:00,backtest_end_pending,,,回测区间在信号 deadline 之前结束，或仍在轮候队列中，未标记为等待窗口超时；若需观察完整窗口请延长 end_date。策略按卖量倍数排序轮候，非「触价限价」成交逻辑。
FIDAUSDT,FIDAUSDT_202604170000,40.33711207123739,2026-04-17 00:00:00,2026-04-17 00:00,2026-04-17 01:00:00,0.01758,0.0,0.01758,2026-04-22 01:00:00,backtest_end_pending,,,回测区间在信号 deadline 之前结束，或仍在轮候队列中，未标记为等待窗口超时；若需观察完整窗口请延长 end_date。策略按卖量倍数排序轮候，非「触价限价」成交逻辑。
APEUSDT,APEUSDT_202604170000,40.1019565818584,2026-04-17 00:00:00,2026-04-17 00:00,2026-04-17 01:00:00,0.1014,0.0,0.1014,2026-04-22 01:00:00,backtest_end_pending,,,回测区间在信号 deadline 之前结束，或仍在轮候队列中，未标记为等待窗口超时；若需观察完整窗口请延长 end_date。策略按卖量倍数排序轮候，非「触价限价」成交逻辑。
THETAUSDT,THETAUSDT_202604170000,39.861176196710296,2026-04-17 00:00:00,2026-04-17 00:00,2026-04-17 01:00:00,0.1978,0.0,0.1978,2026-04-22 01:00:00,backtest_end_pending,,,回测区间在信号 deadline 之前结束，或仍在轮候队列中，未标记为等待窗口超时；若需观察完整窗口请延长 end_date。策略按卖量倍数排序轮候，非「触价限价」成交逻辑。
IRUSDT,IRUSDT_202604170000,39.84364111361168,2026-04-17 00:00:00,2026-04-17 00:00,2026-04-17 01:00:00,0.04827,0.0,0.04827,2026-04-22 01:00:00,backtest_end_pending,,,回测区间在信号 deadline 之前结束，或仍在轮候队列中，未标记为等待窗口超时；若需观察完整窗口请延长 end_date。策略按卖量倍数排序轮候，非「触价限价」成交逻辑。
FLUXUSDT,FLUXUSDT_202604170000,39.65915674424924,2026-04-17 00:00:00,2026-04-17 00:00,2026-04-17 01:00:00,0.06421,0.0,0.06421,2026-04-22 01:00:00,backtest_end_pending,,,回测区间在信号 deadline 之前结束，或仍在轮候队列中，未标记为等待窗口超时；若需观察完整窗口请延长 end_date。策略按卖量倍数排序轮候，非「触价限价」成交逻辑。
ASRUSDT,ASRUSDT_202604170000,39.49575197752769,2026-04-17 00:00:00,2026-04-17 00:00,2026-04-17 01:00:00,1.317,0.0,1.317,2026-04-22 01:00:00,backtest_end_pending,,,回测区间在信号 deadline 之前结束，或仍在轮候队列中，未标记为等待窗口超时；若需观察完整窗口请延长 end_date。策略按卖量倍数排序轮候，非「触价限价」成交逻辑。
GUSDT,GUSDT_202604170000,39.24852388817128,2026-04-17 00:00:00,2026-04-17 00:00,2026-04-17 01:00:00,0.004003,0.0,0.004003,2026-04-22 01:00:00,backtest_end_pending,,,回测区间在信号 deadline 之前结束，或仍在轮候队列中，未标记为等待窗口超时；若需观察完整窗口请延长 end_date。策略按卖量倍数排序轮候，非「触价限价」成交逻辑。
BRETTUSDT,BRETTUSDT_202604170000,39.20880425302456,2026-04-17 00:00:00,2026-04-17 00:00,2026-04-17 01:00:00,0.007941,0.0,0.007941,2026-04-22 01:00:00,backtest_end_pending,,,回测区间在信号 deadline 之前结束，或仍在轮候队列中，未标记为等待窗口超时；若需观察完整窗口请延长 end_date。策略按卖量倍数排序轮候，非「触价限价」成交逻辑。
INXUSDT,INXUSDT_202604170000,39.09812156701966,2026-04-17 00:00:00,2026-04-17 00:00,2026-04-17 01:00:00,0.012426,0.0,0.012426,2026-04-22 01:00:00,backtest_end_pending,,,回测区间在信号 deadline 之前结束，或仍在轮候队列中，未标记为等待窗口超时；若需观察完整窗口请延长 end_date。策略按卖量倍数排序轮候，非「触价限价」成交逻辑。
POWERUSDT,POWERUSDT_202604170000,38.96585062052444,2026-04-17 00:00:00,2026-04-17 00:00,2026-04-17 01:00:00,0.09921,0.0,0.09921,2026-04-22 01:00:00,superseded_stronger_hour,,,被更强卖量信号覆盖(旧38.97x → 新39.25x，新信号UTC 2026-04-18 00:00)
GALAUSDT,GALAUSDT_202604170000,38.63451986868178,2026-04-17 00:00:00,2026-04-17 00:00,2026-04-17 01:00:00,0.00341,0.0,0.00341,2026-04-22 01:00:00,backtest_end_pending,,,回测区间在信号 deadline 之前结束，或仍在轮候队列中，未标记为等待窗口超时；若需观察完整窗口请延长 end_date。策略按卖量倍数排序轮候，非「触价限价」成交逻辑。
ZEREBROUSDT,ZEREBROUSDT_202604170000,38.37091912921065,2026-04-17 00:00:00,2026-04-17 00:00,2026-04-17 01:00:00,0.01284,0.0,0.01284,2026-04-22 01:00:00,backtest_end_pending,,,回测区间在信号 deadline 之前结束，或仍在轮候队列中，未标记为等待窗口超时；若需观察完整窗口请延长 end_date。策略按卖量倍数排序轮候，非「触价限价」成交逻辑。
CLUSDT,CLUSDT_202604170000,37.8412530391492,2026-04-17 00:00:00,2026-04-17 00:00,2026-04-17 01:00:00,89.79,0.0,89.79,2026-04-22 01:00:00,backtest_end_pending,,,回测区间在信号 deadline 之前结束，或仍在轮候队列中，未标记为等待窗口超时；若需观察完整窗口请延长 end_date。策略按卖量倍数排序轮候，非「触价限价」成交逻辑。
KMNOUSDT,KMNOUSDT_202604170000,37.8009652460812,2026-04-17 00:00:00,2026-04-17 00:00,2026-04-17 01:00:00,0.02263,0.0,0.02263,2026-04-22 01:00:00,superseded_stronger_hour,,,被更强卖量信号覆盖(旧37.80x → 新61.29x，新信号UTC 2026-04-19 10:00)
FORMUSDT,FORMUSDT_202604170000,37.5007296370744,2026-04-17 00:00:00,2026-04-17 00:00,2026-04-17 01:00:00,0.2832,0.0,0.2832,2026-04-22 01:00:00,backtest_end_pending,,,回测区间在信号 deadline 之前结束，或仍在轮候队列中，未标记为等待窗口超时；若需观察完整窗口请延长 end_date。策略按卖量倍数排序轮候，非「触价限价」成交逻辑。
TUSDT,TUSDT_202604170000,37.020299233497724,2026-04-17 00:00:00,2026-04-17 00:00,2026-04-17 01:00:00,0.006405,0.0,0.006405,2026-04-22 01:00:00,backtest_end_pending,,,回测区间在信号 deadline 之前结束，或仍在轮候队列中，未标记为等待窗口超时；若需观察完整窗口请延长 end_date。策略按卖量倍数排序轮候，非「触价限价」成交逻辑。
1000LUNCUSDT,1000LUNCUSDT_202604170000,35.23026306832879,2026-04-17 00:00:00,2026-04-17 00:00,2026-04-17 01:00:00,0.04615,0.0,0.04615,2026-04-22 01:00:00,backtest_end_pending,,,回测区间在信号 deadline 之前结束，或仍在轮候队列中，未标记为等待窗口超时；若需观察完整窗口请延长 end_date。策略按卖量倍数排序轮候，非「触价限价」成交逻辑。
POWRUSDT,POWRUSDT_202604170000,34.074800842214934,2026-04-17 00:00:00,2026-04-17 00:00,2026-04-17 01:00:00,0.06891,0.0,0.06891,2026-04-22 01:00:00,backtest_end_pending,,,回测区间在信号 deadline 之前结束，或仍在轮候队列中，未标记为等待窗口超时；若需观察完整窗口请延长 end_date。策略按卖量倍数排序轮候，非「触价限价」成交逻辑。
DOODUSDT,DOODUSDT_202604170000,33.769307105286266,2026-04-17 00:00:00,2026-04-17 00:00,2026-04-17 01:00:00,0.003258,0.0,0.003258,2026-04-22 01:00:00,backtest_end_pending,,,回测区间在信号 deadline 之前结束，或仍在轮候队列中，未标记为等待窗口超时；若需观察完整窗口请延长 end_date。策略按卖量倍数排序轮候，非「触价限价」成交逻辑。
MITOUSDT,MITOUSDT_202604170000,32.579622813126214,2026-04-17 00:00:00,2026-04-17 00:00,2026-04-17 01:00:00,0.03687,0.0,0.03687,2026-04-22 01:00:00,backtest_end_pending,,,回测区间在信号 deadline 之前结束，或仍在轮候队列中，未标记为等待窗口超时；若需观察完整窗口请延长 end_date。策略按卖量倍数排序轮候，非「触价限价」成交逻辑。
STRKUSDT,STRKUSDT_202604170000,32.51396441712168,2026-04-17 00:00:00,2026-04-17 00:00,2026-04-17 01:00:00,0.03653,0.0,0.03653,2026-04-22 01:00:00,backtest_end_pending,,,回测区间在信号 deadline 之前结束，或仍在轮候队列中，未标记为等待窗口超时；若需观察完整窗口请延长 end_date。策略按卖量倍数排序轮候，非「触价限价」成交逻辑。
SOPHUSDT,SOPHUSDT_202604170000,32.36658150723259,2026-04-17 00:00:00,2026-04-17 00:00,2026-04-17 01:00:00,0.009089,0.0,0.009089,2026-04-22 01:00:00,backtest_end_pending,,,回测区间在信号 deadline 之前结束，或仍在轮候队列中，未标记为等待窗口超时；若需观察完整窗口请延长 end_date。策略按卖量倍数排序轮候，非「触价限价」成交逻辑。
JTOUSDT,JTOUSDT_202604170000,31.893893630991464,2026-04-17 00:00:00,2026-04-17 00:00,2026-04-17 01:00:00,0.3387,0.0,0.3387,2026-04-22 01:00:00,superseded_stronger_hour,,,被更强卖量信号覆盖(旧31.89x → 新60.74x，新信号UTC 2026-04-20 12:00)
TAKEUSDT,TAKEUSDT_202604170000,31.739240798299406,2026-04-17 00:00:00,2026-04-17 00:00,2026-04-17 01:00:00,0.03527,0.0,0.03527,2026-04-22 01:00:00,backtest_end_pending,,,回测区间在信号 deadline 之前结束，或仍在轮候队列中，未标记为等待窗口超时；若需观察完整窗口请延长 end_date。策略按卖量倍数排序轮候，非「触价限价」成交逻辑。
MAVUSDT,MAVUSDT_202604170000,31.70665551945647,2026-04-17 00:00:00,2026-04-17 00:00,2026-04-17 01:00:00,0.01606,0.0,0.01606,2026-04-22 01:00:00,backtest_end_pending,,,回测区间在信号 deadline 之前结束，或仍在轮候队列中，未标记为等待窗口超时；若需观察完整窗口请延长 end_date。策略按卖量倍数排序轮候，非「触价限价」成交逻辑。
BZUSDT,BZUSDT_202604170000,30.675481454067164,2026-04-17 00:00:00,2026-04-17 00:00,2026-04-17 01:00:00,92.57,0.0,92.57,2026-04-22 01:00:00,backtest_end_pending,,,回测区间在信号 deadline 之前结束，或仍在轮候队列中，未标记为等待窗口超时；若需观察完整窗口请延长 end_date。策略按卖量倍数排序轮候，非「触价限价」成交逻辑。
TAIKOUSDT,TAIKOUSDT_202604170000,30.369384236906523,2026-04-17 00:00:00,2026-04-17 00:00,2026-04-17 01:00:00,0.1226,0.0,0.1226,2026-04-22 01:00:00,superseded_stronger_hour,,,被更强卖量信号覆盖(旧30.37x → 新105.27x，新信号UTC 2026-04-18 00:00)
AIOUSDT,AIOUSDT_202604170000,30.156385111635455,2026-04-17 00:00:00,2026-04-17 00:00,2026-04-17 01:00:00,0.08256,0.0,0.08256,2026-04-22 01:00:00,backtest_end_pending,,,回测区间在信号 deadline 之前结束，或仍在轮候队列中，未标记为等待窗口超时；若需观察完整窗口请延长 end_date。策略按卖量倍数排序轮候，非「触价限价」成交逻辑。
LITUSDT,LITUSDT_202604170500,123.22284310595668,2026-04-17 05:00:00,2026-04-17 05:00,2026-04-17 06:00:00,1.002,0.0,1.002,2026-04-22 06:00:00,entered,2026-04-17 06:05:00,1.000800,触发目标价并建仓（理论1.002000，实际1.000800）
ANKRUSDT,ANKRUSDT_202604170500,99.55787170413957,2026-04-17 05:00:00,2026-04-17 05:00,2026-04-17 06:00:00,0.005139,0.0,0.005139,2026-04-22 06:00:00,backtest_end_pending,,,回测区间在信号 deadline 之前结束，或仍在轮候队列中，未标记为等待窗口超时；若需观察完整窗口请延长 end_date。策略按卖量倍数排序轮候，非「触价限价」成交逻辑。
SPKUSDT,SPKUSDT_202604170500,84.2650217533071,2026-04-17 05:00:00,2026-04-17 05:00,2026-04-17 06:00:00,0.02289,0.0,0.02289,2026-04-22 06:00:00,backtest_end_pending,,,回测区间在信号 deadline 之前结束，或仍在轮候队列中，未标记为等待窗口超时；若需观察完整窗口请延长 end_date。策略按卖量倍数排序轮候，非「触价限价」成交逻辑。
SUNUSDT,SUNUSDT_202604170500,73.2884263868639,2026-04-17 05:00:00,2026-04-17 05:00,2026-04-17 06:00:00,0.018384,0.0,0.018384,2026-04-22 06:00:00,backtest_end_pending,,,回测区间在信号 deadline 之前结束，或仍在轮候队列中，未标记为等待窗口超时；若需观察完整窗口请延长 end_date。策略按卖量倍数排序轮候，非「触价限价」成交逻辑。
0GUSDT,0GUSDT_202604170500,70.70293661377677,2026-04-17 05:00:00,2026-04-17 05:00,2026-04-17 06:00:00,0.6238,0.0,0.6238,2026-04-22 06:00:00,backtest_end_pending,,,回测区间在信号 deadline 之前结束，或仍在轮候队列中，未标记为等待窗口超时；若需观察完整窗口请延长 end_date。策略按卖量倍数排序轮候，非「触价限价」成交逻辑。
ZBTUSDT,ZBTUSDT_202604170500,67.05174856829545,2026-04-17 05:00:00,2026-04-17 05:00,2026-04-17 06:00:00,0.11913,0.0,0.11913,2026-04-22 06:00:00,backtest_end_pending,,,回测区间在信号 deadline 之前结束，或仍在轮候队列中，未标记为等待窗口超时；若需观察完整窗口请延长 end_date。策略按卖量倍数排序轮候，非「触价限价」成交逻辑。
AIOTUSDT,AIOTUSDT_202604170500,61.716711666698416,2026-04-17 05:00:00,2026-04-17 05:00,2026-04-17 06:00:00,0.06804,0.0,0.06804,2026-04-22 06:00:00,backtest_end_pending,,,回测区间在信号 deadline 之前结束，或仍在轮候队列中，未标记为等待窗口超时；若需观察完整窗口请延长 end_date。策略按卖量倍数排序轮候，非「触价限价」成交逻辑。
AEROUSDT,AEROUSDT_202604170500,57.04752988144854,2026-04-17 05:00:00,2026-04-17 05:00,2026-04-17 06:00:00,0.4103,0.0,0.4103,2026-04-22 06:00:00,backtest_end_pending,,,回测区间在信号 deadline 之前结束，或仍在轮候队列中，未标记为等待窗口超时；若需观察完整窗口请延长 end_date。策略按卖量倍数排序轮候，非「触价限价」成交逻辑。
RAREUSDT,RAREUSDT_202604170500,50.25962673822049,2026-04-17 05:00:00,2026-04-17 05:00,2026-04-17 06:00:00,0.01562,0.0,0.01562,2026-04-22 06:00:00,backtest_end_pending,,,回测区间在信号 deadline 之前结束，或仍在轮候队列中，未标记为等待窗口超时；若需观察完整窗口请延长 end_date。策略按卖量倍数排序轮候，非「触价限价」成交逻辑。
DODOXUSDT,DODOXUSDT_202604170500,49.278846657506755,2026-04-17 05:00:00,2026-04-17 05:00,2026-04-17 06:00:00,0.017568,0.0,0.017568,2026-04-22 06:00:00,superseded_stronger_hour,,,被更强卖量信号覆盖(旧49.28x → 新54.85x，新信号UTC 2026-04-18 00:00)
MANTAUSDT,MANTAUSDT_202604170500,49.1945606161215,2026-04-17 05:00:00,2026-04-17 05:00,2026-04-17 06:00:00,0.06817,0.0,0.06817,2026-04-22 06:00:00,backtest_end_pending,,,回测区间在信号 deadline 之前结束，或仍在轮候队列中，未标记为等待窗口超时；若需观察完整窗口请延长 end_date。策略按卖量倍数排序轮候，非「触价限价」成交逻辑。
TRIAUSDT,TRIAUSDT_202604170500,44.841527514654686,2026-04-17 05:00:00,2026-04-17 05:00,2026-04-17 06:00:00,0.02858,0.0,0.02858,2026-04-22 06:00:00,backtest_end_pending,,,回测区间在信号 deadline 之前结束，或仍在轮候队列中，未标记为等待窗口超时；若需观察完整窗口请延长 end_date。策略按卖量倍数排序轮候，非「触价限价」成交逻辑。
FIGHTUSDT,FIGHTUSDT_202604170500,41.125405192184296,2026-04-17 05:00:00,2026-04-17 05:00,2026-04-17 06:00:00,0.004294,0.0,0.004294,2026-04-22 06:00:00,backtest_end_pending,,,回测区间在信号 deadline 之前结束，或仍在轮候队列中，未标记为等待窗口超时；若需观察完整窗口请延长 end_date。策略按卖量倍数排序轮候，非「触价限价」成交逻辑。
WOOUSDT,WOOUSDT_202604170500,34.456704171444294,2026-04-17 05:00:00,2026-04-17 05:00,2026-04-17 06:00:00,0.01854,0.0,0.01854,2026-04-22 06:00:00,backtest_end_pending,,,回测区间在信号 deadline 之前结束，或仍在轮候队列中，未标记为等待窗口超时；若需观察完整窗口请延长 end_date。策略按卖量倍数排序轮候，非「触价限价」成交逻辑。
MOVEUSDT,MOVEUSDT_202604170500,33.07785038734235,2026-04-17 05:00:00,2026-04-17 05:00,2026-04-17 06:00:00,0.01836,0.0,0.01836,2026-04-22 06:00:00,backtest_end_pending,,,回测区间在信号 deadline 之前结束，或仍在轮候队列中，未标记为等待窗口超时；若需观察完整窗口请延长 end_date。策略按卖量倍数排序轮候，非「触价限价」成交逻辑。
INJUSDT,INJUSDT_202604170500,30.84450855723556,2026-04-17 05:00:00,2026-04-17 05:00,2026-04-17 06:00:00,3.363,0.0,3.363,2026-04-22 06:00:00,backtest_end_pending,,,回测区间在信号 deadline 之前结束，或仍在轮候队列中，未标记为等待窗口超时；若需观察完整窗口请延长 end_date。策略按卖量倍数排序轮候，非「触价限价」成交逻辑。
TOWNSUSDT,TOWNSUSDT_202604170500,30.405664206512725,2026-04-17 05:00:00,2026-04-17 05:00,2026-04-17 06:00:00,0.003344,0.0,0.003344,2026-04-22 06:00:00,backtest_end_pending,,,回测区间在信号 deadline 之前结束，或仍在轮候队列中，未标记为等待窗口超时；若需观察完整窗口请延长 end_date。策略按卖量倍数排序轮候，非「触价限价」成交逻辑。
OGUSDT,OGUSDT_202604170500,30.252785819410978,2026-04-17 05:00:00,2026-04-17 05:00,2026-04-17 06:00:00,3.069,0.0,3.069,2026-04-22 06:00:00,backtest_end_pending,,,回测区间在信号 deadline 之前结束，或仍在轮候队列中，未标记为等待窗口超时；若需观察完整窗口请延长 end_date。策略按卖量倍数排序轮候，非「触价限价」成交逻辑。
COLLECTUSDT,COLLECTUSDT_202604170800,77.43924865847723,2026-04-17 08:00:00,2026-04-17 08:00,2026-04-17 09:00:00,0.03458,0.0,0.03458,2026-04-22 09:00:00,entered,2026-04-17 09:05:00,0.035660,触发目标价并建仓（理论0.034580，实际0.035660）
LABUSDT,LABUSDT_202604170800,52.083731701554875,2026-04-17 08:00:00,2026-04-17 08:00,2026-04-17 09:00:00,0.55785,0.0,0.55785,2026-04-22 09:00:00,backtest_end_pending,,,回测区间在信号 deadline 之前结束，或仍在轮候队列中，未标记为等待窗口超时；若需观察完整窗口请延长 end_date。策略按卖量倍数排序轮候，非「触价限价」成交逻辑。
TRXUSDT,TRXUSDT_202604170800,47.53797826583013,2026-04-17 08:00:00,2026-04-17 08:00,2026-04-17 09:00:00,0.32443,0.0,0.32443,2026-04-22 09:00:00,backtest_end_pending,,,回测区间在信号 deadline 之前结束，或仍在轮候队列中，未标记为等待窗口超时；若需观察完整窗口请延长 end_date。策略按卖量倍数排序轮候，非「触价限价」成交逻辑。
XNYUSDT,XNYUSDT_202604170800,44.86041331929156,2026-04-17 08:00:00,2026-04-17 08:00,2026-04-17 09:00:00,0.005567,0.0,0.005567,2026-04-22 09:00:00,backtest_end_pending,,,回测区间在信号 deadline 之前结束，或仍在轮候队列中，未标记为等待窗口超时；若需观察完整窗口请延长 end_date。策略按卖量倍数排序轮候，非「触价限价」成交逻辑。
SKLUSDT,SKLUSDT_202604180000,289.0525095625103,2026-04-18 00:00:00,2026-04-18 00:00,2026-04-18 01:00:00,0.0078,0.0,0.0078,2026-04-23 01:00:00,entered,2026-04-18 01:05:00,0.007850,触发目标价并建仓（理论0.007800，实际0.007850）
ACEUSDT,ACEUSDT_202604180000,288.80091600529573,2026-04-18 00:00:00,2026-04-18 00:00,2026-04-18 01:00:00,0.135,0.0,0.135,2026-04-23 01:00:00,backtest_end_pending,,,回测区间在信号 deadline 之前结束，或仍在轮候队列中，未标记为等待窗口超时；若需观察完整窗口请延长 end_date。策略按卖量倍数排序轮候，非「触价限价」成交逻辑。
AGTUSDT,AGTUSDT_202604180000,238.98023994275835,2026-04-18 00:00:00,2026-04-18 00:00,2026-04-18 01:00:00,0.013745,0.0,0.013745,2026-04-23 01:00:00,backtest_end_pending,,,回测区间在信号 deadline 之前结束，或仍在轮候队列中，未标记为等待窗口超时；若需观察完整窗口请延长 end_date。策略按卖量倍数排序轮候，非「触价限价」成交逻辑。
AVAAIUSDT,AVAAIUSDT_202604180000,232.67961554441035,2026-04-18 00:00:00,2026-04-18 00:00,2026-04-18 01:00:00,0.009528,0.0,0.009528,2026-04-23 01:00:00,backtest_end_pending,,,回测区间在信号 deadline 之前结束，或仍在轮候队列中，未标记为等待窗口超时；若需观察完整窗口请延长 end_date。策略按卖量倍数排序轮候，非「触价限价」成交逻辑。
CARVUSDT,CARVUSDT_202604180000,200.01796812189738,2026-04-18 00:00:00,2026-04-18 00:00,2026-04-18 01:00:00,0.06542,0.0,0.06542,2026-04-23 01:00:00,backtest_end_pending,,,回测区间在信号 deadline 之前结束，或仍在轮候队列中，未标记为等待窗口超时；若需观察完整窗口请延长 end_date。策略按卖量倍数排序轮候，非「触价限价」成交逻辑。
SOONUSDT,SOONUSDT_202604180000,183.6586557231418,2026-04-18 00:00:00,2026-04-18 00:00,2026-04-18 01:00:00,0.208,0.0,0.208,2026-04-23 01:00:00,backtest_end_pending,,,回测区间在信号 deadline 之前结束，或仍在轮候队列中，未标记为等待窗口超时；若需观察完整窗口请延长 end_date。策略按卖量倍数排序轮候，非「触价限价」成交逻辑。
PORTALUSDT,PORTALUSDT_202604180000,179.04410104215805,2026-04-18 00:00:00,2026-04-18 00:00,2026-04-18 01:00:00,0.00972,0.0,0.00972,2026-04-23 01:00:00,backtest_end_pending,,,回测区间在信号 deadline 之前结束，或仍在轮候队列中，未标记为等待窗口超时；若需观察完整窗口请延长 end_date。策略按卖量倍数排序轮候，非「触价限价」成交逻辑。
LIGHTUSDT,LIGHTUSDT_202604180000,177.33807354545928,2026-04-18 00:00:00,2026-04-18 00:00,2026-04-18 01:00:00,0.2503,0.0,0.2503,2026-04-23 01:00:00,backtest_end_pending,,,回测区间在信号 deadline 之前结束，或仍在轮候队列中，未标记为等待窗口超时；若需观察完整窗口请延长 end_date。策略按卖量倍数排序轮候，非「触价限价」成交逻辑。
CLANKERUSDT,CLANKERUSDT_202604180000,172.24140537321637,2026-04-18 00:00:00,2026-04-18 00:00,2026-04-18 01:00:00,26.77,0.0,26.77,2026-04-23 01:00:00,backtest_end_pending,,,回测区间在信号 deadline 之前结束，或仍在轮候队列中，未标记为等待窗口超时；若需观察完整窗口请延长 end_date。策略按卖量倍数排序轮候，非「触价限价」成交逻辑。
ARPAUSDT,ARPAUSDT_202604180000,161.50241698733748,2026-04-18 00:00:00,2026-04-18 00:00,2026-04-18 01:00:00,0.01019,0.0,0.01019,2026-04-23 01:00:00,backtest_end_pending,,,回测区间在信号 deadline 之前结束，或仍在轮候队列中，未标记为等待窗口超时；若需观察完整窗口请延长 end_date。策略按卖量倍数排序轮候，非「触价限价」成交逻辑。
GRIFFAINUSDT,GRIFFAINUSDT_202604180000,158.6878517231869,2026-04-18 00:00:00,2026-04-18 00:00,2026-04-18 01:00:00,0.017256,0.0,0.017256,2026-04-23 01:00:00,backtest_end_pending,,,回测区间在信号 deadline 之前结束，或仍在轮候队列中，未标记为等待窗口超时；若需观察完整窗口请延长 end_date。策略按卖量倍数排序轮候，非「触价限价」成交逻辑。
TLMUSDT,TLMUSDT_202604180000,155.90597997953566,2026-04-18 00:00:00,2026-04-18 00:00,2026-04-18 01:00:00,0.001859,0.0,0.001859,2026-04-23 01:00:00,backtest_end_pending,,,回测区间在信号 deadline 之前结束，或仍在轮候队列中，未标记为等待窗口超时；若需观察完整窗口请延长 end_date。策略按卖量倍数排序轮候，非「触价限价」成交逻辑。
BELUSDT,BELUSDT_202604180000,149.22369645240886,2026-04-18 00:00:00,2026-04-18 00:00,2026-04-18 01:00:00,0.1276,0.0,0.1276,2026-04-23 01:00:00,backtest_end_pending,,,回测区间在信号 deadline 之前结束，或仍在轮候队列中，未标记为等待窗口超时；若需观察完整窗口请延长 end_date。策略按卖量倍数排序轮候，非「触价限价」成交逻辑。
EULUSDT,EULUSDT_202604180000,125.13566456787147,2026-04-18 00:00:00,2026-04-18 00:00,2026-04-18 01:00:00,1.5054,0.0,1.5054,2026-04-23 01:00:00,backtest_end_pending,,,回测区间在信号 deadline 之前结束，或仍在轮候队列中，未标记为等待窗口超时；若需观察完整窗口请延长 end_date。策略按卖量倍数排序轮候，非「触价限价」成交逻辑。
MAGICUSDT,MAGICUSDT_202604180000,114.24223359335188,2026-04-18 00:00:00,2026-04-18 00:00,2026-04-18 01:00:00,0.06943,0.0,0.06943,2026-04-23 01:00:00,backtest_end_pending,,,回测区间在信号 deadline 之前结束，或仍在轮候队列中，未标记为等待窗口超时；若需观察完整窗口请延长 end_date。策略按卖量倍数排序轮候，非「触价限价」成交逻辑。
PROVEUSDT,PROVEUSDT_202604180000,108.23130552725891,2026-04-18 00:00:00,2026-04-18 00:00,2026-04-18 01:00:00,0.247,0.0,0.247,2026-04-23 01:00:00,backtest_end_pending,,,回测区间在信号 deadline 之前结束，或仍在轮候队列中，未标记为等待窗口超时；若需观察完整窗口请延长 end_date。策略按卖量倍数排序轮候，非「触价限价」成交逻辑。
TAIKOUSDT,TAIKOUSDT_202604180000,105.27126025764453,2026-04-18 00:00:00,2026-04-18 00:00,2026-04-18 01:00:00,0.1241,0.0,0.1241,2026-04-23 01:00:00,backtest_end_pending,,,回测区间在信号 deadline 之前结束，或仍在轮候队列中，未标记为等待窗口超时；若需观察完整窗口请延长 end_date。策略按卖量倍数排序轮候，非「触价限价」成交逻辑。
VANAUSDT,VANAUSDT_202604180000,103.86745857885832,2026-04-18 00:00:00,2026-04-18 00:00,2026-04-18 01:00:00,1.448,0.0,1.448,2026-04-23 01:00:00,backtest_end_pending,,,回测区间在信号 deadline 之前结束，或仍在轮候队列中，未标记为等待窗口超时；若需观察完整窗口请延长 end_date。策略按卖量倍数排序轮候，非「触价限价」成交逻辑。
SPELLUSDT,SPELLUSDT_202604180000,101.66832640610284,2026-04-18 00:00:00,2026-04-18 00:00,2026-04-18 01:00:00,0.0001754,0.0,0.0001754,2026-04-23 01:00:00,backtest_end_pending,,,回测区间在信号 deadline 之前结束，或仍在轮候队列中，未标记为等待窗口超时；若需观察完整窗口请延长 end_date。策略按卖量倍数排序轮候，非「触价限价」成交逻辑。
OPENUSDT,OPENUSDT_202604180000,94.01072016328482,2026-04-18 00:00:00,2026-04-18 00:00,2026-04-18 01:00:00,0.2273,0.0,0.2273,2026-04-23 01:00:00,backtest_end_pending,,,回测区间在信号 deadline 之前结束，或仍在轮候队列中，未标记为等待窗口超时；若需观察完整窗口请延长 end_date。策略按卖量倍数排序轮候，非「触价限价」成交逻辑。
SAPIENUSDT,SAPIENUSDT_202604180000,89.98698080027972,2026-04-18 00:00:00,2026-04-18 00:00,2026-04-18 01:00:00,0.09551,0.0,0.09551,2026-04-23 01:00:00,backtest_end_pending,,,回测区间在信号 deadline 之前结束，或仍在轮候队列中，未标记为等待窗口超时；若需观察完整窗口请延长 end_date。策略按卖量倍数排序轮候，非「触价限价」成交逻辑。
MOCAUSDT,MOCAUSDT_202604180000,82.5197225244224,2026-04-18 00:00:00,2026-04-18 00:00,2026-04-18 01:00:00,0.01433,0.0,0.01433,2026-04-23 01:00:00,backtest_end_pending,,,回测区间在信号 deadline 之前结束，或仍在轮候队列中，未标记为等待窗口超时；若需观察完整窗口请延长 end_date。策略按卖量倍数排序轮候，非「触价限价」成交逻辑。
GWEIUSDT,GWEIUSDT_202604180000,82.45047926992966,2026-04-18 00:00:00,2026-04-18 00:00,2026-04-18 01:00:00,0.09231,0.0,0.09231,2026-04-23 01:00:00,backtest_end_pending,,,回测区间在信号 deadline 之前结束，或仍在轮候队列中，未标记为等待窗口超时；若需观察完整窗口请延长 end_date。策略按卖量倍数排序轮候，非「触价限价」成交逻辑。
API3USDT,API3USDT_202604180000,80.7190872818872,2026-04-18 00:00:00,2026-04-18 00:00,2026-04-18 01:00:00,0.314,0.0,0.314,2026-04-23 01:00:00,backtest_end_pending,,,回测区间在信号 deadline 之前结束，或仍在轮候队列中，未标记为等待窗口超时；若需观察完整窗口请延长 end_date。策略按卖量倍数排序轮候，非「触价限价」成交逻辑。
DEGOUSDT,DEGOUSDT_202604180000,79.5672817807353,2026-04-18 00:00:00,2026-04-18 00:00,2026-04-18 01:00:00,0.2065,0.0,0.2065,2026-04-23 01:00:00,backtest_end_pending,,,回测区间在信号 deadline 之前结束，或仍在轮候队列中，未标记为等待窗口超时；若需观察完整窗口请延长 end_date。策略按卖量倍数排序轮候，非「触价限价」成交逻辑。
SEIUSDT,SEIUSDT_202604180000,79.27961777404815,2026-04-18 00:00:00,2026-04-18 00:00,2026-04-18 01:00:00,0.05801,0.0,0.05801,2026-04-23 01:00:00,backtest_end_pending,,,回测区间在信号 deadline 之前结束，或仍在轮候队列中，未标记为等待窗口超时；若需观察完整窗口请延长 end_date。策略按卖量倍数排序轮候，非「触价限价」成交逻辑。
ELSAUSDT,ELSAUSDT_202604180000,78.67665140119709,2026-04-18 00:00:00,2026-04-18 00:00,2026-04-18 01:00:00,0.07357,0.0,0.07357,2026-04-23 01:00:00,backtest_end_pending,,,回测区间在信号 deadline 之前结束，或仍在轮候队列中，未标记为等待窗口超时；若需观察完整窗口请延长 end_date。策略按卖量倍数排序轮候，非「触价限价」成交逻辑。
LQTYUSDT,LQTYUSDT_202604180000,78.19345160531653,2026-04-18 00:00:00,2026-04-18 00:00,2026-04-18 01:00:00,0.3113,0.0,0.3113,2026-04-23 01:00:00,backtest_end_pending,,,回测区间在信号 deadline 之前结束，或仍在轮候队列中，未标记为等待窗口超时；若需观察完整窗口请延长 end_date。策略按卖量倍数排序轮候，非「触价限价」成交逻辑。
SPYUSDT,SPYUSDT_202604180000,70.48504983388706,2026-04-18 00:00:00,2026-04-18 00:00,2026-04-18 01:00:00,708.73,0.0,708.73,2026-04-23 01:00:00,backtest_end_pending,,,回测区间在信号 deadline 之前结束，或仍在轮候队列中，未标记为等待窗口超时；若需观察完整窗口请延长 end_date。策略按卖量倍数排序轮候，非「触价限价」成交逻辑。
COMPUSDT,COMPUSDT_202604180000,69.7125827550917,2026-04-18 00:00:00,2026-04-18 00:00,2026-04-18 01:00:00,26.26,0.0,26.26,2026-04-23 01:00:00,backtest_end_pending,,,回测区间在信号 deadline 之前结束，或仍在轮候队列中，未标记为等待窗口超时；若需观察完整窗口请延长 end_date。策略按卖量倍数排序轮候，非「触价限价」成交逻辑。
NVDAUSDT,NVDAUSDT_202604180000,67.60869261407312,2026-04-18 00:00:00,2026-04-18 00:00,2026-04-18 01:00:00,200.82,0.0,200.82,2026-04-23 01:00:00,backtest_end_pending,,,回测区间在信号 deadline 之前结束，或仍在轮候队列中，未标记为等待窗口超时；若需观察完整窗口请延长 end_date。策略按卖量倍数排序轮候，非「触价限价」成交逻辑。
ORDERUSDT,ORDERUSDT_202604180000,62.518406778235644,2026-04-18 00:00:00,2026-04-18 00:00,2026-04-18 01:00:00,0.05652,0.0,0.05652,2026-04-23 01:00:00,backtest_end_pending,,,回测区间在信号 deadline 之前结束，或仍在轮候队列中，未标记为等待窗口超时；若需观察完整窗口请延长 end_date。策略按卖量倍数排序轮候，非「触价限价」成交逻辑。
CELOUSDT,CELOUSDT_202604180000,62.101620860367404,2026-04-18 00:00:00,2026-04-18 00:00,2026-04-18 01:00:00,0.08713,0.0,0.08713,2026-04-23 01:00:00,backtest_end_pending,,,回测区间在信号 deadline 之前结束，或仍在轮候队列中，未标记为等待窗口超时；若需观察完整窗口请延长 end_date。策略按卖量倍数排序轮候，非「触价限价」成交逻辑。
PENDLEUSDT,PENDLEUSDT_202604180000,61.809765949863376,2026-04-18 00:00:00,2026-04-18 00:00,2026-04-18 01:00:00,1.4019,0.0,1.4019,2026-04-23 01:00:00,backtest_end_pending,,,回测区间在信号 deadline 之前结束，或仍在轮候队列中，未标记为等待窗口超时；若需观察完整窗口请延长 end_date。策略按卖量倍数排序轮候，非「触价限价」成交逻辑。
XVGUSDT,XVGUSDT_202604180000,60.585769709720054,2026-04-18 00:00:00,2026-04-18 00:00,2026-04-18 01:00:00,0.003784,0.0,0.003784,2026-04-23 01:00:00,backtest_end_pending,,,回测区间在信号 deadline 之前结束，或仍在轮候队列中，未标记为等待窗口超时；若需观察完整窗口请延长 end_date。策略按卖量倍数排序轮候，非「触价限价」成交逻辑。
BANDUSDT,BANDUSDT_202604180000,58.946427301451834,2026-04-18 00:00:00,2026-04-18 00:00,2026-04-18 01:00:00,0.2312,0.0,0.2312,2026-04-23 01:00:00,backtest_end_pending,,,回测区间在信号 deadline 之前结束，或仍在轮候队列中，未标记为等待窗口超时；若需观察完整窗口请延长 end_date。策略按卖量倍数排序轮候，非「触价限价」成交逻辑。
NXPCUSDT,NXPCUSDT_202604180000,58.15969632614839,2026-04-18 00:00:00,2026-04-18 00:00,2026-04-18 01:00:00,0.2943,0.0,0.2943,2026-04-23 01:00:00,backtest_end_pending,,,回测区间在信号 deadline 之前结束，或仍在轮候队列中，未标记为等待窗口超时；若需观察完整窗口请延长 end_date。策略按卖量倍数排序轮候，非「触价限价」成交逻辑。
RAVEUSDT,RAVEUSDT_202604180000,57.76505561793669,2026-04-18 00:00:00,2026-04-18 00:00,2026-04-18 01:00:00,24.65778,0.0,24.65778,2026-04-23 01:00:00,backtest_end_pending,,,回测区间在信号 deadline 之前结束，或仍在轮候队列中，未标记为等待窗口超时；若需观察完整窗口请延长 end_date。策略按卖量倍数排序轮候，非「触价限价」成交逻辑。
CELRUSDT,CELRUSDT_202604180000,57.43952038587791,2026-04-18 00:00:00,2026-04-18 00:00,2026-04-18 01:00:00,0.00271,0.0,0.00271,2026-04-23 01:00:00,backtest_end_pending,,,回测区间在信号 deadline 之前结束，或仍在轮候队列中，未标记为等待窗口超时；若需观察完整窗口请延长 end_date。策略按卖量倍数排序轮候，非「触价限价」成交逻辑。
HEIUSDT,HEIUSDT_202604180000,57.2416845264529,2026-04-18 00:00:00,2026-04-18 00:00,2026-04-18 01:00:00,0.09108,0.0,0.09108,2026-04-23 01:00:00,backtest_end_pending,,,回测区间在信号 deadline 之前结束，或仍在轮候队列中，未标记为等待窗口超时；若需观察完整窗口请延长 end_date。策略按卖量倍数排序轮候，非「触价限价」成交逻辑。
KSMUSDT,KSMUSDT_202604180000,56.9594299690126,2026-04-18 00:00:00,2026-04-18 00:00,2026-04-18 01:00:00,4.931,0.0,4.931,2026-04-23 01:00:00,backtest_end_pending,,,回测区间在信号 deadline 之前结束，或仍在轮候队列中，未标记为等待窗口超时；若需观察完整窗口请延长 end_date。策略按卖量倍数排序轮候，非「触价限价」成交逻辑。
KNCUSDT,KNCUSDT_202604180000,55.573654526335915,2026-04-18 00:00:00,2026-04-18 00:00,2026-04-18 01:00:00,0.1435,0.0,0.1435,2026-04-23 01:00:00,backtest_end_pending,,,回测区间在信号 deadline 之前结束，或仍在轮候队列中，未标记为等待窗口超时；若需观察完整窗口请延长 end_date。策略按卖量倍数排序轮候，非「触价限价」成交逻辑。
CHILLGUYUSDT,CHILLGUYUSDT_202604180000,55.248208973450375,2026-04-18 00:00:00,2026-04-18 00:00,2026-04-18 01:00:00,0.01306,0.0,0.01306,2026-04-23 01:00:00,backtest_end_pending,,,回测区间在信号 deadline 之前结束，或仍在轮候队列中，未标记为等待窗口超时；若需观察完整窗口请延长 end_date。策略按卖量倍数排序轮候，非「触价限价」成交逻辑。
GPSUSDT,GPSUSDT_202604180000,55.14398344628388,2026-04-18 00:00:00,2026-04-18 00:00,2026-04-18 01:00:00,0.009093,0.0,0.009093,2026-04-23 01:00:00,backtest_end_pending,,,回测区间在信号 deadline 之前结束，或仍在轮候队列中，未标记为等待窗口超时；若需观察完整窗口请延长 end_date。策略按卖量倍数排序轮候，非「触价限价」成交逻辑。
DODOXUSDT,DODOXUSDT_202604180000,54.85380018915752,2026-04-18 00:00:00,2026-04-18 00:00,2026-04-18 01:00:00,0.017865,0.0,0.017865,2026-04-23 01:00:00,backtest_end_pending,,,回测区间在信号 deadline 之前结束，或仍在轮候队列中，未标记为等待窗口超时；若需观察完整窗口请延长 end_date。策略按卖量倍数排序轮候，非「触价限价」成交逻辑。
APRUSDT,APRUSDT_202604180000,54.084206323839766,2026-04-18 00:00:00,2026-04-18 00:00,2026-04-18 01:00:00,0.19819,0.0,0.19819,2026-04-23 01:00:00,backtest_end_pending,,,回测区间在信号 deadline 之前结束，或仍在轮候队列中，未标记为等待窗口超时；若需观察完整窗口请延长 end_date。策略按卖量倍数排序轮候，非「触价限价」成交逻辑。
RONINUSDT,RONINUSDT_202604180000,53.289996921910834,2026-04-18 00:00:00,2026-04-18 00:00,2026-04-18 01:00:00,0.0968,0.0,0.0968,2026-04-23 01:00:00,backtest_end_pending,,,回测区间在信号 deadline 之前结束，或仍在轮候队列中，未标记为等待窗口超时；若需观察完整窗口请延长 end_date。策略按卖量倍数排序轮候，非「触价限价」成交逻辑。
GRASSUSDT,GRASSUSDT_202604180000,53.13389315392883,2026-04-18 00:00:00,2026-04-18 00:00,2026-04-18 01:00:00,0.3651,0.0,0.3651,2026-04-23 01:00:00,backtest_end_pending,,,回测区间在信号 deadline 之前结束，或仍在轮候队列中，未标记为等待窗口超时；若需观察完整窗口请延长 end_date。策略按卖量倍数排序轮候，非「触价限价」成交逻辑。
KGENUSDT,KGENUSDT_202604180000,52.96002770488965,2026-04-18 00:00:00,2026-04-18 00:00,2026-04-18 01:00:00,0.1717,0.0,0.1717,2026-04-23 01:00:00,backtest_end_pending,,,回测区间在信号 deadline 之前结束，或仍在轮候队列中，未标记为等待窗口超时；若需观察完整窗口请延长 end_date。策略按卖量倍数排序轮候，非「触价限价」成交逻辑。
YBUSDT,YBUSDT_202604180000,51.30827769310941,2026-04-18 00:00:00,2026-04-18 00:00,2026-04-18 01:00:00,0.141,0.0,0.141,2026-04-23 01:00:00,backtest_end_pending,,,回测区间在信号 deadline 之前结束，或仍在轮候队列中，未标记为等待窗口超时；若需观察完整窗口请延长 end_date。策略按卖量倍数排序轮候，非「触价限价」成交逻辑。
DIAUSDT,DIAUSDT_202604180000,51.03388639680052,2026-04-18 00:00:00,2026-04-18 00:00,2026-04-18 01:00:00,0.1953,0.0,0.1953,2026-04-23 01:00:00,backtest_end_pending,,,回测区间在信号 deadline 之前结束，或仍在轮候队列中，未标记为等待窗口超时；若需观察完整窗口请延长 end_date。策略按卖量倍数排序轮候，非「触价限价」成交逻辑。
VETUSDT,VETUSDT_202604180000,50.475694458544346,2026-04-18 00:00:00,2026-04-18 00:00,2026-04-18 01:00:00,0.007257,0.0,0.007257,2026-04-23 01:00:00,backtest_end_pending,,,回测区间在信号 deadline 之前结束，或仍在轮候队列中，未标记为等待窗口超时；若需观察完整窗口请延长 end_date。策略按卖量倍数排序轮候，非「触价限价」成交逻辑。
GUNUSDT,GUNUSDT_202604180000,50.018604985912695,2026-04-18 00:00:00,2026-04-18 00:00,2026-04-18 01:00:00,0.01582,0.0,0.01582,2026-04-23 01:00:00,backtest_end_pending,,,回测区间在信号 deadline 之前结束，或仍在轮候队列中，未标记为等待窗口超时；若需观察完整窗口请延长 end_date。策略按卖量倍数排序轮候，非「触价限价」成交逻辑。
KAIAUSDT,KAIAUSDT_202604180000,49.85689360872086,2026-04-18 00:00:00,2026-04-18 00:00,2026-04-18 01:00:00,0.05115,0.0,0.05115,2026-04-23 01:00:00,backtest_end_pending,,,回测区间在信号 deadline 之前结束，或仍在轮候队列中，未标记为等待窗口超时；若需观察完整窗口请延长 end_date。策略按卖量倍数排序轮候，非「触价限价」成交逻辑。
AWEUSDT,AWEUSDT_202604180000,48.32499126113615,2026-04-18 00:00:00,2026-04-18 00:00,2026-04-18 01:00:00,0.05547,0.0,0.05547,2026-04-23 01:00:00,backtest_end_pending,,,回测区间在信号 deadline 之前结束，或仍在轮候队列中，未标记为等待窗口超时；若需观察完整窗口请延长 end_date。策略按卖量倍数排序轮候，非「触价限价」成交逻辑。
VANRYUSDT,VANRYUSDT_202604180000,47.88639086157144,2026-04-18 00:00:00,2026-04-18 00:00,2026-04-18 01:00:00,0.005777,0.0,0.005777,2026-04-23 01:00:00,backtest_end_pending,,,回测区间在信号 deadline 之前结束，或仍在轮候队列中，未标记为等待窗口超时；若需观察完整窗口请延长 end_date。策略按卖量倍数排序轮候，非「触价限价」成交逻辑。
XANUSDT,XANUSDT_202604180000,47.14610204047185,2026-04-18 00:00:00,2026-04-18 00:00,2026-04-18 01:00:00,0.009465,0.0,0.009465,2026-04-23 01:00:00,backtest_end_pending,,,回测区间在信号 deadline 之前结束，或仍在轮候队列中，未标记为等待窗口超时；若需观察完整窗口请延长 end_date。策略按卖量倍数排序轮候，非「触价限价」成交逻辑。
BANANAUSDT,BANANAUSDT_202604180000,46.125737372000806,2026-04-18 00:00:00,2026-04-18 00:00,2026-04-18 01:00:00,3.906,0.0,3.906,2026-04-23 01:00:00,backtest_end_pending,,,回测区间在信号 deadline 之前结束，或仍在轮候队列中，未标记为等待窗口超时；若需观察完整窗口请延长 end_date。策略按卖量倍数排序轮候，非「触价限价」成交逻辑。
MAVIAUSDT,MAVIAUSDT_202604180000,45.79494620742891,2026-04-18 00:00:00,2026-04-18 00:00,2026-04-18 01:00:00,0.03702,0.0,0.03702,2026-04-23 01:00:00,backtest_end_pending,,,回测区间在信号 deadline 之前结束，或仍在轮候队列中，未标记为等待窗口超时；若需观察完整窗口请延长 end_date。策略按卖量倍数排序轮候，非「触价限价」成交逻辑。
LISTAUSDT,LISTAUSDT_202604180000,45.70523284522214,2026-04-18 00:00:00,2026-04-18 00:00,2026-04-18 01:00:00,0.09004,0.0,0.09004,2026-04-23 01:00:00,backtest_end_pending,,,回测区间在信号 deadline 之前结束，或仍在轮候队列中，未标记为等待窗口超时；若需观察完整窗口请延长 end_date。策略按卖量倍数排序轮候，非「触价限价」成交逻辑。
MUUSDT,MUUSDT_202604180000,44.14099905749293,2026-04-18 00:00:00,2026-04-18 00:00,2026-04-18 01:00:00,452.36,0.0,452.36,2026-04-23 01:00:00,backtest_end_pending,,,回测区间在信号 deadline 之前结束，或仍在轮候队列中，未标记为等待窗口超时；若需观察完整窗口请延长 end_date。策略按卖量倍数排序轮候，非「触价限价」成交逻辑。
IOTAUSDT,IOTAUSDT_202604180000,43.712975126119524,2026-04-18 00:00:00,2026-04-18 00:00,2026-04-18 01:00:00,0.0594,0.0,0.0594,2026-04-23 01:00:00,backtest_end_pending,,,回测区间在信号 deadline 之前结束，或仍在轮候队列中，未标记为等待窗口超时；若需观察完整窗口请延长 end_date。策略按卖量倍数排序轮候，非「触价限价」成交逻辑。
VELVETUSDT,VELVETUSDT_202604180000,42.36044048488896,2026-04-18 00:00:00,2026-04-18 00:00,2026-04-18 01:00:00,0.07865,0.0,0.07865,2026-04-23 01:00:00,backtest_end_pending,,,回测区间在信号 deadline 之前结束，或仍在轮候队列中，未标记为等待窗口超时；若需观察完整窗口请延长 end_date。策略按卖量倍数排序轮候，非「触价限价」成交逻辑。
ONTUSDT,ONTUSDT_202604180000,42.192540756426375,2026-04-18 00:00:00,2026-04-18 00:00,2026-04-18 01:00:00,0.0804,0.0,0.0804,2026-04-23 01:00:00,backtest_end_pending,,,回测区间在信号 deadline 之前结束，或仍在轮候队列中，未标记为等待窗口超时；若需观察完整窗口请延长 end_date。策略按卖量倍数排序轮候，非「触价限价」成交逻辑。
PLTRUSDT,PLTRUSDT_202604180000,41.96941024263488,2026-04-18 00:00:00,2026-04-18 00:00,2026-04-18 01:00:00,146.53,0.0,146.53,2026-04-23 01:00:00,backtest_end_pending,,,回测区间在信号 deadline 之前结束，或仍在轮候队列中，未标记为等待窗口超时；若需观察完整窗口请延长 end_date。策略按卖量倍数排序轮候，非「触价限价」成交逻辑。
ORCAUSDT,ORCAUSDT_202604180000,40.03913884166678,2026-04-18 00:00:00,2026-04-18 00:00,2026-04-18 01:00:00,0.948,0.0,0.948,2026-04-23 01:00:00,backtest_end_pending,,,回测区间在信号 deadline 之前结束，或仍在轮候队列中，未标记为等待窗口超时；若需观察完整窗口请延长 end_date。策略按卖量倍数排序轮候，非「触价限价」成交逻辑。
POWERUSDT,POWERUSDT_202604180000,39.24581089955152,2026-04-18 00:00:00,2026-04-18 00:00,2026-04-18 01:00:00,0.10596,0.0,0.10596,2026-04-23 01:00:00,backtest_end_pending,,,回测区间在信号 deadline 之前结束，或仍在轮候队列中，未标记为等待窗口超时；若需观察完整窗口请延长 end_date。策略按卖量倍数排序轮候，非「触价限价」成交逻辑。
KATUSDT,KATUSDT_202604180000,38.53246534012589,2026-04-18 00:00:00,2026-04-18 00:00,2026-04-18 01:00:00,0.00936,0.0,0.00936,2026-04-23 01:00:00,backtest_end_pending,,,回测区间在信号 deadline 之前结束，或仍在轮候队列中，未标记为等待窗口超时；若需观察完整窗口请延长 end_date。策略按卖量倍数排序轮候，非「触价限价」成交逻辑。
MORPHOUSDT,MORPHOUSDT_202604180000,38.27953414354786,2026-04-18 00:00:00,2026-04-18 00:00,2026-04-18 01:00:00,1.9344,0.0,1.9344,2026-04-23 01:00:00,backtest_end_pending,,,回测区间在信号 deadline 之前结束，或仍在轮候队列中，未标记为等待窗口超时；若需观察完整窗口请延长 end_date。策略按卖量倍数排序轮候，非「触价限价」成交逻辑。
FETUSDT,FETUSDT_202604180000,37.70997180356754,2026-04-18 00:00:00,2026-04-18 00:00,2026-04-18 01:00:00,0.2295,0.0,0.2295,2026-04-23 01:00:00,backtest_end_pending,,,回测区间在信号 deadline 之前结束，或仍在轮候队列中，未标记为等待窗口超时；若需观察完整窗口请延长 end_date。策略按卖量倍数排序轮候，非「触价限价」成交逻辑。
XAIUSDT,XAIUSDT_202604180000,36.83351309662531,2026-04-18 00:00:00,2026-04-18 00:00,2026-04-18 01:00:00,0.01034,0.0,0.01034,2026-04-23 01:00:00,backtest_end_pending,,,回测区间在信号 deadline 之前结束，或仍在轮候队列中，未标记为等待窗口超时；若需观察完整窗口请延长 end_date。策略按卖量倍数排序轮候，非「触价限价」成交逻辑。
GRTUSDT,GRTUSDT_202604180000,36.437474316096555,2026-04-18 00:00:00,2026-04-18 00:00,2026-04-18 01:00:00,0.02579,0.0,0.02579,2026-04-23 01:00:00,backtest_end_pending,,,回测区间在信号 deadline 之前结束，或仍在轮候队列中，未标记为等待窗口超时；若需观察完整窗口请延长 end_date。策略按卖量倍数排序轮候，非「触价限价」成交逻辑。
LSKUSDT,LSKUSDT_202604180000,34.83363246329248,2026-04-18 00:00:00,2026-04-18 00:00,2026-04-18 01:00:00,0.1371,0.0,0.1371,2026-04-23 01:00:00,backtest_end_pending,,,回测区间在信号 deadline 之前结束，或仍在轮候队列中，未标记为等待窗口超时；若需观察完整窗口请延长 end_date。策略按卖量倍数排序轮候，非「触价限价」成交逻辑。
TRUUSDT,TRUUSDT_202604180000,33.91182911649961,2026-04-18 00:00:00,2026-04-18 00:00,2026-04-18 01:00:00,0.005309,0.0,0.005309,2026-04-23 01:00:00,backtest_end_pending,,,回测区间在信号 deadline 之前结束，或仍在轮候队列中，未标记为等待窗口超时；若需观察完整窗口请延长 end_date。策略按卖量倍数排序轮候，非「触价限价」成交逻辑。
HYPERUSDT,HYPERUSDT_202604180000,33.62917354867131,2026-04-18 00:00:00,2026-04-18 00:00,2026-04-18 01:00:00,0.10233,0.0,0.10233,2026-04-23 01:00:00,backtest_end_pending,,,回测区间在信号 deadline 之前结束，或仍在轮候队列中，未标记为等待窗口超时；若需观察完整窗口请延长 end_date。策略按卖量倍数排序轮候，非「触价限价」成交逻辑。
SANTOSUSDT,SANTOSUSDT_202604180000,33.50097547556012,2026-04-18 00:00:00,2026-04-18 00:00,2026-04-18 01:00:00,1.175,0.0,1.175,2026-04-23 01:00:00,backtest_end_pending,,,回测区间在信号 deadline 之前结束，或仍在轮候队列中，未标记为等待窗口超时；若需观察完整窗口请延长 end_date。策略按卖量倍数排序轮候，非「触价限价」成交逻辑。
CCUSDT,CCUSDT_202604180000,32.447912560712446,2026-04-18 00:00:00,2026-04-18 00:00,2026-04-18 01:00:00,0.14971,0.0,0.14971,2026-04-23 01:00:00,backtest_end_pending,,,回测区间在信号 deadline 之前结束，或仍在轮候队列中，未标记为等待窗口超时；若需观察完整窗口请延长 end_date。策略按卖量倍数排序轮候，非「触价限价」成交逻辑。
QNTUSDT,QNTUSDT_202604180000,32.379536086640265,2026-04-18 00:00:00,2026-04-18 00:00,2026-04-18 01:00:00,76.44,0.0,76.44,2026-04-23 01:00:00,backtest_end_pending,,,回测区间在信号 deadline 之前结束，或仍在轮候队列中，未标记为等待窗口超时；若需观察完整窗口请延长 end_date。策略按卖量倍数排序轮候，非「触价限价」成交逻辑。
GTCUSDT,GTCUSDT_202604180000,32.323980924053366,2026-04-18 00:00:00,2026-04-18 00:00,2026-04-18 01:00:00,0.09179,0.0,0.09179,2026-04-23 01:00:00,backtest_end_pending,,,回测区间在信号 deadline 之前结束，或仍在轮候队列中，未标记为等待窗口超时；若需观察完整窗口请延长 end_date。策略按卖量倍数排序轮候，非「触价限价」成交逻辑。
LTCUSDT,LTCUSDT_202604180000,31.907385781977084,2026-04-18 00:00:00,2026-04-18 00:00,2026-04-18 01:00:00,56.34,0.0,56.34,2026-04-23 01:00:00,backtest_end_pending,,,回测区间在信号 deadline 之前结束，或仍在轮候队列中，未标记为等待窗口超时；若需观察完整窗口请延长 end_date。策略按卖量倍数排序轮候，非「触价限价」成交逻辑。
AAVEUSDT,AAVEUSDT_202604180000,31.84021464482013,2026-04-18 00:00:00,2026-04-18 00:00,2026-04-18 01:00:00,114.07,0.0,114.07,2026-04-23 01:00:00,backtest_end_pending,,,回测区间在信号 deadline 之前结束，或仍在轮候队列中，未标记为等待窗口超时；若需观察完整窗口请延长 end_date。策略按卖量倍数排序轮候，非「触价限价」成交逻辑。
NEARUSDT,NEARUSDT_202604180000,31.70096110089579,2026-04-18 00:00:00,2026-04-18 00:00,2026-04-18 01:00:00,1.392,0.0,1.392,2026-04-23 01:00:00,backtest_end_pending,,,回测区间在信号 deadline 之前结束，或仍在轮候队列中，未标记为等待窗口超时；若需观察完整窗口请延长 end_date。策略按卖量倍数排序轮候，非「触价限价」成交逻辑。
ZKCUSDT,ZKCUSDT_202604180000,31.15496189215837,2026-04-18 00:00:00,2026-04-18 00:00,2026-04-18 01:00:00,0.07724,0.0,0.07724,2026-04-23 01:00:00,backtest_end_pending,,,回测区间在信号 deadline 之前结束，或仍在轮候队列中，未标记为等待窗口超时；若需观察完整窗口请延长 end_date。策略按卖量倍数排序轮候，非「触价限价」成交逻辑。
JOEUSDT,JOEUSDT_202604180000,31.037120079235255,2026-04-18 00:00:00,2026-04-18 00:00,2026-04-18 01:00:00,0.04727,0.0,0.04727,2026-04-23 01:00:00,backtest_end_pending,,,回测区间在信号 deadline 之前结束，或仍在轮候队列中，未标记为等待窗口超时；若需观察完整窗口请延长 end_date。策略按卖量倍数排序轮候，非「触价限价」成交逻辑。
PUMPUSDT,PUMPUSDT_202604180000,30.69190397751156,2026-04-18 00:00:00,2026-04-18 00:00,2026-04-18 01:00:00,0.002004,0.0,0.002004,2026-04-23 01:00:00,backtest_end_pending,,,回测区间在信号 deadline 之前结束，或仍在轮候队列中，未标记为等待窗口超时；若需观察完整窗口请延长 end_date。策略按卖量倍数排序轮候，非「触价限价」成交逻辑。
IDUSDT,IDUSDT_202604180000,30.49897812543505,2026-04-18 00:00:00,2026-04-18 00:00,2026-04-18 01:00:00,0.03333,0.0,0.03333,2026-04-23 01:00:00,backtest_end_pending,,,回测区间在信号 deadline 之前结束，或仍在轮候队列中，未标记为等待窗口超时；若需观察完整窗口请延长 end_date。策略按卖量倍数排序轮候，非「触价限价」成交逻辑。
MMTUSDT,MMTUSDT_202604180000,30.153765828920015,2026-04-18 00:00:00,2026-04-18 00:00,2026-04-18 01:00:00,0.1426,0.0,0.1426,2026-04-23 01:00:00,superseded_stronger_hour,,,被更强卖量信号覆盖(旧30.15x → 新73.69x，新信号UTC 2026-04-20 07:00)
GENIUSUSDT,GENIUSUSDT_202604180000,30.11114940808292,2026-04-18 00:00:00,2026-04-18 00:00,2026-04-18 01:00:00,0.6674,0.0,0.6674,2026-04-23 01:00:00,backtest_end_pending,,,回测区间在信号 deadline 之前结束，或仍在轮候队列中，未标记为等待窗口超时；若需观察完整窗口请延长 end_date。策略按卖量倍数排序轮候，非「触价限价」成交逻辑。
UAIUSDT,UAIUSDT_202604181600,44.15257798504604,2026-04-18 16:00:00,2026-04-18 16:00,2026-04-18 17:00:00,0.2107,0.0,0.2107,2026-04-23 17:00:00,entered,2026-04-18 17:05:00,0.209900,触发目标价并建仓（理论0.210700，实际0.209900）
CHIPUSDT,CHIPUSDT_202604181700,52.7366956834637,2026-04-18 17:00:00,2026-04-18 17:00,2026-04-18 18:00:00,0.03139,0.0,0.03139,2026-04-23 18:00:00,entered,2026-04-18 18:05:00,0.031740,触发目标价并建仓（理论0.031390，实际0.031740）
OPUSDT,OPUSDT_202604182200,41.20631302487248,2026-04-18 22:00:00,2026-04-18 22:00,2026-04-18 23:00:00,0.1265,0.0,0.1265,2026-04-23 23:00:00,entered,2026-04-18 23:05:00,0.126400,触发目标价并建仓（理论0.126500，实际0.126400）
KMNOUSDT,KMNOUSDT_202604191000,61.29195704925708,2026-04-19 10:00:00,2026-04-19 10:00,2026-04-19 11:00:00,0.02102,0.0,0.02102,2026-04-24 11:00:00,entered,2026-04-19 11:05:00,0.021040,触发目标价并建仓（理论0.021020，实际0.021040）
SXTUSDT,SXTUSDT_202604191000,43.55744260422635,2026-04-19 10:00:00,2026-04-19 10:00,2026-04-19 11:00:00,0.01734,0.0,0.01734,2026-04-24 11:00:00,backtest_end_pending,,,回测区间在信号 deadline 之前结束，或仍在轮候队列中，未标记为等待窗口超时；若需观察完整窗口请延长 end_date。策略按卖量倍数排序轮候，非「触价限价」成交逻辑。
PNUTUSDT,PNUTUSDT_202604191600,57.26033272226994,2026-04-19 16:00:00,2026-04-19 16:00,2026-04-19 17:00:00,0.05628,0.0,0.05628,2026-04-24 17:00:00,entered,2026-04-19 17:05:00,0.056270,触发目标价并建仓（理论0.056280，实际0.056270）
YFIUSDT,YFIUSDT_202604191600,42.0035899481452,2026-04-19 16:00:00,2026-04-19 16:00,2026-04-19 17:00:00,2675.0,0.0,2675.0,2026-04-24 17:00:00,backtest_end_pending,,,回测区间在信号 deadline 之前结束，或仍在轮候队列中，未标记为等待窗口超时；若需观察完整窗口请延长 end_date。策略按卖量倍数排序轮候，非「触价限价」成交逻辑。
RESOLVUSDT,RESOLVUSDT_202604191600,39.91423989167215,2026-04-19 16:00:00,2026-04-19 16:00,2026-04-19 17:00:00,0.03188,0.0,0.03188,2026-04-24 17:00:00,backtest_end_pending,,,回测区间在信号 deadline 之前结束，或仍在轮候队列中，未标记为等待窗口超时；若需观察完整窗口请延长 end_date。策略按卖量倍数排序轮候，非「触价限价」成交逻辑。
PIXELUSDT,PIXELUSDT_202604191600,38.94560869414694,2026-04-19 16:00:00,2026-04-19 16:00,2026-04-19 17:00:00,0.007349,0.0,0.007349,2026-04-24 17:00:00,backtest_end_pending,,,回测区间在信号 deadline 之前结束，或仍在轮候队列中，未标记为等待窗口超时；若需观察完整窗口请延长 end_date。策略按卖量倍数排序轮候，非「触价限价」成交逻辑。
REDUSDT,REDUSDT_202604191600,30.97359586507436,2026-04-19 16:00:00,2026-04-19 16:00,2026-04-19 17:00:00,0.1358,0.0,0.1358,2026-04-24 17:00:00,superseded_stronger_hour,,,被更强卖量信号覆盖(旧30.97x → 新33.44x，新信号UTC 2026-04-20 07:00)
REZUSDT,REZUSDT_202604200700,90.79095660615701,2026-04-20 07:00:00,2026-04-20 07:00,2026-04-20 08:00:00,0.00386,0.0,0.00386,2026-04-25 08:00:00,entered,2026-04-20 08:05:00,0.003842,触发目标价并建仓（理论0.003860，实际0.003842）
MMTUSDT,MMTUSDT_202604200700,73.68721976855082,2026-04-20 07:00:00,2026-04-20 07:00,2026-04-20 08:00:00,0.1301,0.0,0.1301,2026-04-25 08:00:00,backtest_end_pending,,,回测区间在信号 deadline 之前结束，或仍在轮候队列中，未标记为等待窗口超时；若需观察完整窗口请延长 end_date。策略按卖量倍数排序轮候，非「触价限价」成交逻辑。
RIVERUSDT,RIVERUSDT_202604200700,48.85138024514732,2026-04-20 07:00:00,2026-04-20 07:00,2026-04-20 08:00:00,4.574,0.0,4.574,2026-04-25 08:00:00,backtest_end_pending,,,回测区间在信号 deadline 之前结束，或仍在轮候队列中，未标记为等待窗口超时；若需观察完整窗口请延长 end_date。策略按卖量倍数排序轮候，非「触价限价」成交逻辑。
XRPUSDT,XRPUSDT_202604200700,37.33860880284155,2026-04-20 07:00:00,2026-04-20 07:00,2026-04-20 08:00:00,1.4144,0.0,1.4144,2026-04-25 08:00:00,backtest_end_pending,,,回测区间在信号 deadline 之前结束，或仍在轮候队列中，未标记为等待窗口超时；若需观察完整窗口请延长 end_date。策略按卖量倍数排序轮候，非「触价限价」成交逻辑。
1MBABYDOGEUSDT,1MBABYDOGEUSDT_202604200700,35.954655282833826,2026-04-20 07:00:00,2026-04-20 07:00,2026-04-20 08:00:00,0.0004195,0.0,0.0004195,2026-04-25 08:00:00,backtest_end_pending,,,回测区间在信号 deadline 之前结束，或仍在轮候队列中，未标记为等待窗口超时；若需观察完整窗口请延长 end_date。策略按卖量倍数排序轮候，非「触价限价」成交逻辑。
DOGEUSDT,DOGEUSDT_202604200700,35.06532974532261,2026-04-20 07:00:00,2026-04-20 07:00,2026-04-20 08:00:00,0.09448,0.0,0.09448,2026-04-25 08:00:00,backtest_end_pending,,,回测区间在信号 deadline 之前结束，或仍在轮候队列中，未标记为等待窗口超时；若需观察完整窗口请延长 end_date。策略按卖量倍数排序轮候，非「触价限价」成交逻辑。
REDUSDT,REDUSDT_202604200700,33.44203610621844,2026-04-20 07:00:00,2026-04-20 07:00,2026-04-20 08:00:00,0.1362,0.0,0.1362,2026-04-25 08:00:00,backtest_end_pending,,,回测区间在信号 deadline 之前结束，或仍在轮候队列中，未标记为等待窗口超时；若需观察完整窗口请延长 end_date。策略按卖量倍数排序轮候，非「触价限价」成交逻辑。
ADAUSDT,ADAUSDT_202604200700,32.15039079293239,2026-04-20 07:00:00,2026-04-20 07:00,2026-04-20 08:00:00,0.2464,0.0,0.2464,2026-04-25 08:00:00,backtest_end_pending,,,回测区间在信号 deadline 之前结束，或仍在轮候队列中，未标记为等待窗口超时；若需观察完整窗口请延长 end_date。策略按卖量倍数排序轮候，非「触价限价」成交逻辑。
PNUTUSDT,PNUTUSDT_202604200800,115.64590960738349,2026-04-20 08:00:00,2026-04-20 08:00,2026-04-20 09:00:00,0.05975,0.0,0.05975,2026-04-25 09:00:00,entered,2026-04-20 09:05:00,0.059130,触发目标价并建仓（理论0.059750，实际0.059130）
KERNELUSDT,KERNELUSDT_202604200800,57.847845112221,2026-04-20 08:00:00,2026-04-20 08:00,2026-04-20 09:00:00,0.06146,0.0,0.06146,2026-04-25 09:00:00,backtest_end_pending,,,回测区间在信号 deadline 之前结束，或仍在轮候队列中，未标记为等待窗口超时；若需观察完整窗口请延长 end_date。策略按卖量倍数排序轮候，非「触价限价」成交逻辑。
RPLUSDT,RPLUSDT_202604200800,48.83282443532884,2026-04-20 08:00:00,2026-04-20 08:00,2026-04-20 09:00:00,1.844,0.0,1.844,2026-04-25 09:00:00,backtest_end_pending,,,回测区间在信号 deadline 之前结束，或仍在轮候队列中，未标记为等待窗口超时；若需观察完整窗口请延长 end_date。策略按卖量倍数排序轮候，非「触价限价」成交逻辑。
THEUSDT,THEUSDT_202604200800,39.0150261321742,2026-04-20 08:00:00,2026-04-20 08:00,2026-04-20 09:00:00,0.1031,0.0,0.1031,2026-04-25 09:00:00,backtest_end_pending,,,回测区间在信号 deadline 之前结束，或仍在轮候队列中，未标记为等待窗口超时；若需观察完整窗口请延长 end_date。策略按卖量倍数排序轮候，非「触价限价」成交逻辑。
UAIUSDT,UAIUSDT_202604201200,83.406777520522,2026-04-20 12:00:00,2026-04-20 12:00,2026-04-20 13:00:00,0.2331,0.0,0.2331,2026-04-25 13:00:00,entered,2026-04-20 13:05:00,0.234600,触发目标价并建仓（理论0.233100，实际0.234600）
JTOUSDT,JTOUSDT_202604201200,60.73613895004101,2026-04-20 12:00:00,2026-04-20 12:00,2026-04-20 13:00:00,0.3361,0.0,0.3361,2026-04-25 13:00:00,backtest_end_pending,,,回测区间在信号 deadline 之前结束，或仍在轮候队列中，未标记为等待窗口超时；若需观察完整窗口请延长 end_date。策略按卖量倍数排序轮候，非「触价限价」成交逻辑。
BATUSDT,BATUSDT_202604201200,52.76497017408272,2026-04-20 12:00:00,2026-04-20 12:00,2026-04-20 13:00:00,0.103,0.0,0.103,2026-04-25 13:00:00,backtest_end_pending,,,回测区间在信号 deadline 之前结束，或仍在轮候队列中，未标记为等待窗口超时；若需观察完整窗口请延长 end_date。策略按卖量倍数排序轮候，非「触价限价」成交逻辑。
ASTRUSDT,ASTRUSDT_202604201200,31.515763613664056,2026-04-20 12:00:00,2026-04-20 12:00,2026-04-20 13:00:00,0.00833,0.0,0.00833,2026-04-25 13:00:00,backtest_end_pending,,,回测区间在信号 deadline 之前结束，或仍在轮候队列中，未标记为等待窗口超时；若需观察完整窗口请延长 end_date。策略按卖量倍数排序轮候，非「触价限价」成交逻辑。
ACHUSDT,ACHUSDT_202604201400,43.47435429040193,2026-04-20 14:00:00,2026-04-20 14:00,2026-04-20 15:00:00,0.006368,0.0,0.006368,2026-04-25 15:00:00,entered,2026-04-20 15:05:00,0.006354,触发目标价并建仓（理论0.006368，实际0.006354）
PENGUUSDT,PENGUUSDT_202604201400,41.454928684352865,2026-04-20 14:00:00,2026-04-20 14:00,2026-04-20 15:00:00,0.007411,0.0,0.007411,2026-04-25 15:00:00,backtest_end_pending,,,回测区间在信号 deadline 之前结束，或仍在轮候队列中，未标记为等待窗口超时；若需观察完整窗口请延长 end_date。策略按卖量倍数排序轮候，非「触价限价」成交逻辑。
SUSHIUSDT,SUSHIUSDT_202604201400,39.05815979318846,2026-04-20 14:00:00,2026-04-20 14:00,2026-04-20 15:00:00,0.217,0.0,0.217,2026-04-25 15:00:00,backtest_end_pending,,,回测区间在信号 deadline 之前结束，或仍在轮候队列中，未标记为等待窗口超时；若需观察完整窗口请延长 end_date。策略按卖量倍数排序轮候，非「触价限价」成交逻辑。
1000BONKUSDT,1000BONKUSDT_202604201400,32.190767986349805,2026-04-20 14:00:00,2026-04-20 14:00,2026-04-20 15:00:00,0.006039,0.0,0.006039,2026-04-25 15:00:00,backtest_end_pending,,,回测区间在信号 deadline 之前结束，或仍在轮候队列中，未标记为等待窗口超时；若需观察完整窗口请延长 end_date。策略按卖量倍数排序轮候，非「触价限价」成交逻辑。
TRADOORUSDT,TRADOORUSDT_202604201400,31.205032675746658,2026-04-20 14:00:00,2026-04-20 14:00,2026-04-20 15:00:00,7.723,0.0,7.723,2026-04-25 15:00:00,backtest_end_pending,,,回测区间在信号 deadline 之前结束，或仍在轮候队列中，未标记为等待窗口超时；若需观察完整窗口请延长 end_date。策略按卖量倍数排序轮候，非「触价限价」成交逻辑。
SOLUSDT,SOLUSDT_202604201400,30.464172345524386,2026-04-20 14:00:00,2026-04-20 14:00,2026-04-20 15:00:00,84.74,0.0,84.74,2026-04-25 15:00:00,backtest_end_pending,,,回测区间在信号 deadline 之前结束，或仍在轮候队列中，未标记为等待窗口超时；若需观察完整窗口请延长 end_date。策略按卖量倍数排序轮候，非「触价限价」成交逻辑。
