2026-03-18 19:31:25: 2026-03-18 19:31:25,737 - moonshot.paper.runner - INFO - PaperRunner: Starting...
2026-03-18 19:31:25: INFO:     Started server process [51315]
2026-03-18 19:31:25: INFO:     Waiting for application startup.
2026-03-18 19:31:25: 2026-03-18 19:31:25,802 - moonshot.paper.ws_feed - INFO - PriceFeedWS: Starting...
2026-03-18 19:31:25: 2026-03-18 19:31:25,802 - moonshot.paper.ws_feed - INFO - PriceFeedWS: Connecting to wss://fstream.binance.com ...
2026-03-18 19:31:25: 2026-03-18 19:31:25,808 - moonshot.paper.runner - INFO - ScannerLoop: Waiting 12.6 hours until scan
2026-03-18 19:31:25: INFO:     Application startup complete.
2026-03-18 19:31:25: INFO:     Uvicorn running on http://0.0.0.0:8100 (Press CTRL+C to quit)
2026-03-18 19:31:26: 2026-03-18 19:31:26,657 - moonshot.paper.ws_feed - INFO - PriceFeedWS: ✅ Connected! Receiving mark prices...
2026-03-18 19:31:26: 2026-03-18 19:31:26,734 - httpx - INFO - HTTP Request: GET https://fapi.binance.com/fapi/v1/ticker/price?symbol=SIRENUSDT "HTTP/1.1 200 OK"
2026-03-18 19:31:26: 2026-03-18 19:31:26,753 - httpx - INFO - HTTP Request: GET https://fapi.binance.com/fapi/v1/ticker/price?symbol=SIRENUSDT "HTTP/1.1 200 OK"
2026-03-18 19:31:27: 2026-03-18 19:31:27,149 - moonshot.paper.ws_feed - INFO - PriceFeedWS: First batch — 681 symbols
2026-03-18 19:37:29: 2026-03-18 19:37:29,626 - moonshot.paper.ws_feed - WARNING - PriceFeedWS: ConnectionClosedError: no close frame received or sent (url=wss://fstream.binance.com/ws/!markPrice@arr@1s), retry in 1s...
2026-03-18 19:37:30: 2026-03-18 19:37:30,627 - moonshot.paper.ws_feed - INFO - PriceFeedWS: Connecting to wss://fstream.binance.com ...
2026-03-18 19:37:40: 2026-03-18 19:37:40,628 - moonshot.paper.ws_feed - WARNING - PriceFeedWS: TimeoutError: timed out during opening handshake (url=wss://fstream.binance.com/ws/!markPrice@arr@1s), retry in 2s...
2026-03-18 19:37:42: 2026-03-18 19:37:42,629 - moonshot.paper.ws_feed - INFO - PriceFeedWS: Connecting to wss://fstream.binance.com ...
2026-03-18 19:37:52: 2026-03-18 19:37:52,631 - moonshot.paper.ws_feed - WARNING - PriceFeedWS: TimeoutError: timed out during opening handshake (url=wss://fstream.binance.com/ws/!markPrice@arr@1s), retry in 4s...
2026-03-18 19:37:56: 2026-03-18 19:37:56,633 - moonshot.paper.ws_feed - INFO - PriceFeedWS: Connecting to wss://fstream.binance.com ...
2026-03-18 19:38:06: 2026-03-18 19:38:06,634 - moonshot.paper.ws_feed - WARNING - PriceFeedWS: TimeoutError: timed out during opening handshake (url=wss://fstream.binance.com/ws/!markPrice@arr@1s), retry in 8s...
2026-03-18 19:38:06: 2026-03-18 19:38:06,634 - moonshot.paper.ws_feed - INFO - PriceFeedWS: Switching to URL #1
2026-03-18 19:38:14: 2026-03-18 19:38:14,635 - moonshot.paper.ws_feed - INFO - PriceFeedWS: Connecting to wss://fstream.binancefuture.com ...
2026-03-18 19:38:15: 2026-03-18 19:38:15,112 - moonshot.paper.ws_feed - INFO - PriceFeedWS: ✅ Connected! Receiving mark prices...
2026-03-18 19:48:06: INFO:     Shutting down
2026-03-18 19:48:06: INFO:     Waiting for connections to close. (CTRL+C to force quit)
2026-03-19 08:34:33: 2026-03-19 08:34:33,911 - moonshot.paper.runner - INFO - PaperRunner: Starting...
2026-03-19 08:34:33: INFO:     Started server process [27312]
2026-03-19 08:34:33: INFO:     Waiting for application startup.
2026-03-19 08:34:33: 2026-03-19 08:34:33,958 - moonshot.paper.ws_feed - INFO - PriceFeedWS: Starting...
2026-03-19 08:34:33: 2026-03-19 08:34:33,958 - moonshot.paper.ws_feed - INFO - PriceFeedWS: Connecting to wss://fstream.binance.com ...
2026-03-19 08:34:33: 2026-03-19 08:34:33,965 - moonshot.paper.runner - INFO - ScannerLoop: Waiting 23.5 hours until scan
2026-03-19 08:34:33: INFO:     Application startup complete.
2026-03-19 08:34:33: INFO:     Uvicorn running on http://0.0.0.0:8100 (Press CTRL+C to quit)
2026-03-19 08:34:43: 2026-03-19 08:34:43,962 - moonshot.paper.ws_feed - WARNING - PriceFeedWS: TimeoutError: timed out during opening handshake (url=wss://fstream.binance.com/ws/!markPrice@arr@1s), retry in 1s...
2026-03-19 08:34:44: 2026-03-19 08:34:44,963 - moonshot.paper.ws_feed - INFO - PriceFeedWS: Connecting to wss://fstream.binance.com ...
2026-03-19 08:34:54: 2026-03-19 08:34:54,965 - moonshot.paper.ws_feed - WARNING - PriceFeedWS: TimeoutError: timed out during opening handshake (url=wss://fstream.binance.com/ws/!markPrice@arr@1s), retry in 2s...
2026-03-19 08:34:56: 2026-03-19 08:34:56,965 - moonshot.paper.ws_feed - INFO - PriceFeedWS: Connecting to wss://fstream.binance.com ...
2026-03-19 08:34:57: 2026-03-19 08:34:57,541 - moonshot.paper.ws_feed - INFO - PriceFeedWS: ✅ Connected! Receiving mark prices...
2026-03-19 08:34:58: 2026-03-19 08:34:58,049 - moonshot.paper.ws_feed - INFO - PriceFeedWS: First batch — 681 symbols
2026-03-19 08:34:58: 2026-03-19 08:34:58,534 - httpx - INFO - HTTP Request: GET https://fapi.binance.com/fapi/v1/ticker/price?symbol=SIRENUSDT "HTTP/1.1 200 OK"
2026-03-19 08:35:51: 2026-03-19 08:35:51,631 - httpx - INFO - HTTP Request: GET https://fapi.binance.com/fapi/v1/exchangeInfo "HTTP/1.1 200 OK"
2026-03-19 08:35:51: 2026-03-19 08:35:51,687 - moonshot.paper.live_feed - INFO - LiveFeed: 543 USDT perpetual symbols
2026-03-19 08:35:51: 2026-03-19 08:35:51,801 - httpx - INFO - HTTP Request: GET https://fapi.binance.com/fapi/v1/klines?symbol=BTCUSDT&interval=1d&limit=2 "HTTP/1.1 200 OK"
2026-03-19 08:35:51: 2026-03-19 08:35:51,909 - httpx - INFO - HTTP Request: GET https://fapi.binance.com/fapi/v1/klines?symbol=NEOUSDT&interval=1d&limit=2 "HTTP/1.1 200 OK"
2026-03-19 08:35:52: 2026-03-19 08:35:52,020 - httpx - INFO - HTTP Request: GET https://fapi.binance.com/fapi/v1/klines?symbol=QTUMUSDT&interval=1d&limit=2 "HTTP/1.1 200 OK"
2026-03-19 08:35:52: 2026-03-19 08:35:52,140 - httpx - INFO - HTTP Request: GET https://fapi.binance.com/fapi/v1/klines?symbol=IOSTUSDT&interval=1d&limit=2 "HTTP/1.1 200 OK"
2026-03-19 08:35:52: 2026-03-19 08:35:52,246 - httpx - INFO - HTTP Request: GET https://fapi.binance.com/fapi/v1/klines?symbol=THETAUSDT&interval=1d&limit=2 "HTTP/1.1 200 OK"
2026-03-19 08:35:52: 2026-03-19 08:35:52,266 - httpx - INFO - HTTP Request: GET https://fapi.binance.com/fapi/v1/klines?symbol=IOTAUSDT&interval=1d&limit=2 "HTTP/1.1 200 OK"
2026-03-19 08:35:52: 2026-03-19 08:35:52,269 - httpx - INFO - HTTP Request: GET https://fapi.binance.com/fapi/v1/klines?symbol=BNBUSDT&interval=1d&limit=2 "HTTP/1.1 200 OK"
2026-03-19 08:35:52: 2026-03-19 08:35:52,273 - httpx - INFO - HTTP Request: GET https://fapi.binance.com/fapi/v1/klines?symbol=BCHUSDT&interval=1d&limit=2 "HTTP/1.1 200 OK"
2026-03-19 08:35:52: 2026-03-19 08:35:52,279 - httpx - INFO - HTTP Request: GET https://fapi.binance.com/fapi/v1/klines?symbol=XMRUSDT&interval=1d&limit=2 "HTTP/1.1 200 OK"
2026-03-19 08:35:52: 2026-03-19 08:35:52,338 - httpx - INFO - HTTP Request: GET https://fapi.binance.com/fapi/v1/klines?symbol=ETHUSDT&interval=1d&limit=2 "HTTP/1.1 200 OK"
2026-03-19 08:35:52: 2026-03-19 08:35:52,340 - httpx - INFO - HTTP Request: GET https://fapi.binance.com/fapi/v1/klines?symbol=ZECUSDT&interval=1d&limit=2 "HTTP/1.1 200 OK"
2026-03-19 08:35:52: 2026-03-19 08:35:52,342 - httpx - INFO - HTTP Request: GET https://fapi.binance.com/fapi/v1/klines?symbol=VETUSDT&interval=1d&limit=2 "HTTP/1.1 200 OK"
2026-03-19 08:35:52: 2026-03-19 08:35:52,342 - httpx - INFO - HTTP Request: GET https://fapi.binance.com/fapi/v1/klines?symbol=XLMUSDT&interval=1d&limit=2 "HTTP/1.1 200 OK"
2026-03-19 08:35:52: 2026-03-19 08:35:52,342 - httpx - INFO - HTTP Request: GET https://fapi.binance.com/fapi/v1/klines?symbol=BATUSDT&interval=1d&limit=2 "HTTP/1.1 200 OK"
2026-03-19 08:35:52: 2026-03-19 08:35:52,343 - httpx - INFO - HTTP Request: GET https://fapi.binance.com/fapi/v1/klines?symbol=LINKUSDT&interval=1d&limit=2 "HTTP/1.1 200 OK"
2026-03-19 08:35:52: 2026-03-19 08:35:52,343 - httpx - INFO - HTTP Request: GET https://fapi.binance.com/fapi/v1/klines?symbol=ONTUSDT&interval=1d&limit=2 "HTTP/1.1 200 OK"
2026-03-19 08:35:52: 2026-03-19 08:35:52,343 - httpx - INFO - HTTP Request: GET https://fapi.binance.com/fapi/v1/klines?symbol=ETCUSDT&interval=1d&limit=2 "HTTP/1.1 200 OK"
2026-03-19 08:35:52: 2026-03-19 08:35:52,344 - httpx - INFO - HTTP Request: GET https://fapi.binance.com/fapi/v1/klines?symbol=ATOMUSDT&interval=1d&limit=2 "HTTP/1.1 200 OK"
2026-03-19 08:35:52: 2026-03-19 08:35:52,344 - httpx - INFO - HTTP Request: GET https://fapi.binance.com/fapi/v1/klines?symbol=XTZUSDT&interval=1d&limit=2 "HTTP/1.1 200 OK"
2026-03-19 08:35:52: 2026-03-19 08:35:52,345 - httpx - INFO - HTTP Request: GET https://fapi.binance.com/fapi/v1/klines?symbol=LTCUSDT&interval=1d&limit=2 "HTTP/1.1 200 OK"
2026-03-19 08:35:52: 2026-03-19 08:35:52,345 - httpx - INFO - HTTP Request: GET https://fapi.binance.com/fapi/v1/klines?symbol=ADAUSDT&interval=1d&limit=2 "HTTP/1.1 200 OK"
2026-03-19 08:35:52: 2026-03-19 08:35:52,345 - httpx - INFO - HTTP Request: GET https://fapi.binance.com/fapi/v1/klines?symbol=DASHUSDT&interval=1d&limit=2 "HTTP/1.1 200 OK"
2026-03-19 08:35:52: 2026-03-19 08:35:52,345 - httpx - INFO - HTTP Request: GET https://fapi.binance.com/fapi/v1/klines?symbol=TRXUSDT&interval=1d&limit=2 "HTTP/1.1 200 OK"
2026-03-19 08:35:52: 2026-03-19 08:35:52,346 - httpx - INFO - HTTP Request: GET https://fapi.binance.com/fapi/v1/klines?symbol=XRPUSDT&interval=1d&limit=2 "HTTP/1.1 200 OK"
2026-03-19 08:35:52: 2026-03-19 08:35:52,372 - httpx - INFO - HTTP Request: GET https://fapi.binance.com/fapi/v1/klines?symbol=ALGOUSDT&interval=1d&limit=2 "HTTP/1.1 200 OK"
2026-03-19 08:35:52: 2026-03-19 08:35:52,384 - httpx - INFO - HTTP Request: GET https://fapi.binance.com/fapi/v1/klines?symbol=ZILUSDT&interval=1d&limit=2 "HTTP/1.1 200 OK"
2026-03-19 08:35:52: 2026-03-19 08:35:52,442 - httpx - INFO - HTTP Request: GET https://fapi.binance.com/fapi/v1/klines?symbol=KNCUSDT&interval=1d&limit=2 "HTTP/1.1 200 OK"
2026-03-19 08:35:52: 2026-03-19 08:35:52,447 - httpx - INFO - HTTP Request: GET https://fapi.binance.com/fapi/v1/klines?symbol=COMPUSDT&interval=1d&limit=2 "HTTP/1.1 200 OK"
2026-03-19 08:35:52: 2026-03-19 08:35:52,483 - httpx - INFO - HTTP Request: GET https://fapi.binance.com/fapi/v1/klines?symbol=DOGEUSDT&interval=1d&limit=2 "HTTP/1.1 200 OK"
2026-03-19 08:35:52: 2026-03-19 08:35:52,487 - httpx - INFO - HTTP Request: GET https://fapi.binance.com/fapi/v1/klines?symbol=RLCUSDT&interval=1d&limit=2 "HTTP/1.1 200 OK"
2026-03-19 08:35:52: 2026-03-19 08:35:52,489 - httpx - INFO - HTTP Request: GET https://fapi.binance.com/fapi/v1/klines?symbol=YFIUSDT&interval=1d&limit=2 "HTTP/1.1 200 OK"
2026-03-19 08:35:52: 2026-03-19 08:35:52,490 - httpx - INFO - HTTP Request: GET https://fapi.binance.com/fapi/v1/klines?symbol=KAVAUSDT&interval=1d&limit=2 "HTTP/1.1 200 OK"
2026-03-19 08:35:52: 2026-03-19 08:35:52,492 - httpx - INFO - HTTP Request: GET https://fapi.binance.com/fapi/v1/klines?symbol=EGLDUSDT&interval=1d&limit=2 "HTTP/1.1 200 OK"
2026-03-19 08:35:52: 2026-03-19 08:35:52,494 - httpx - INFO - HTTP Request: GET https://fapi.binance.com/fapi/v1/klines?symbol=SUSHIUSDT&interval=1d&limit=2 "HTTP/1.1 200 OK"
2026-03-19 08:35:52: 2026-03-19 08:35:52,495 - httpx - INFO - HTTP Request: GET https://fapi.binance.com/fapi/v1/klines?symbol=DOTUSDT&interval=1d&limit=2 "HTTP/1.1 200 OK"
2026-03-19 08:35:52: 2026-03-19 08:35:52,497 - httpx - INFO - HTTP Request: GET https://fapi.binance.com/fapi/v1/klines?symbol=AVAXUSDT&interval=1d&limit=2 "HTTP/1.1 200 OK"
2026-03-19 08:35:52: 2026-03-19 08:35:52,497 - httpx - INFO - HTTP Request: GET https://fapi.binance.com/fapi/v1/klines?symbol=BANDUSDT&interval=1d&limit=2 "HTTP/1.1 200 OK"
2026-03-19 08:35:52: 2026-03-19 08:35:52,500 - httpx - INFO - HTTP Request: GET https://fapi.binance.com/fapi/v1/klines?symbol=CRVUSDT&interval=1d&limit=2 "HTTP/1.1 200 OK"
2026-03-19 08:35:52: 2026-03-19 08:35:52,501 - httpx - INFO - HTTP Request: GET https://fapi.binance.com/fapi/v1/klines?symbol=SNXUSDT&interval=1d&limit=2 "HTTP/1.1 200 OK"
2026-03-19 08:35:52: 2026-03-19 08:35:52,501 - httpx - INFO - HTTP Request: GET https://fapi.binance.com/fapi/v1/klines?symbol=STORJUSDT&interval=1d&limit=2 "HTTP/1.1 200 OK"
2026-03-19 08:35:52: 2026-03-19 08:35:52,502 - httpx - INFO - HTTP Request: GET https://fapi.binance.com/fapi/v1/klines?symbol=RUNEUSDT&interval=1d&limit=2 "HTTP/1.1 200 OK"
2026-03-19 08:35:52: 2026-03-19 08:35:52,505 - httpx - INFO - HTTP Request: GET https://fapi.binance.com/fapi/v1/klines?symbol=ICXUSDT&interval=1d&limit=2 "HTTP/1.1 200 OK"
2026-03-19 08:35:52: 2026-03-19 08:35:52,505 - httpx - INFO - HTTP Request: GET https://fapi.binance.com/fapi/v1/klines?symbol=TRBUSDT&interval=1d&limit=2 "HTTP/1.1 200 OK"
2026-03-19 08:35:52: 2026-03-19 08:35:52,509 - httpx - INFO - HTTP Request: GET https://fapi.binance.com/fapi/v1/klines?symbol=SOLUSDT&interval=1d&limit=2 "HTTP/1.1 200 OK"
2026-03-19 08:35:52: 2026-03-19 08:35:52,509 - httpx - INFO - HTTP Request: GET https://fapi.binance.com/fapi/v1/klines?symbol=ZRXUSDT&interval=1d&limit=2 "HTTP/1.1 200 OK"
2026-03-19 08:35:52: 2026-03-19 08:35:52,510 - httpx - INFO - HTTP Request: GET https://fapi.binance.com/fapi/v1/klines?symbol=UNIUSDT&interval=1d&limit=2 "HTTP/1.1 200 OK"
2026-03-19 08:35:52: 2026-03-19 08:35:52,546 - httpx - INFO - HTTP Request: GET https://fapi.binance.com/fapi/v1/klines?symbol=ENJUSDT&interval=1d&limit=2 "HTTP/1.1 200 OK"
2026-03-19 08:35:52: 2026-03-19 08:35:52,549 - httpx - INFO - HTTP Request: GET https://fapi.binance.com/fapi/v1/klines?symbol=KSMUSDT&interval=1d&limit=2 "HTTP/1.1 200 OK"
2026-03-19 08:35:52: 2026-03-19 08:35:52,596 - httpx - INFO - HTTP Request: GET https://fapi.binance.com/fapi/v1/klines?symbol=NEARUSDT&interval=1d&limit=2 "HTTP/1.1 200 OK"
2026-03-19 08:35:52: 2026-03-19 08:35:52,599 - httpx - INFO - HTTP Request: GET https://fapi.binance.com/fapi/v1/klines?symbol=AAVEUSDT&interval=1d&limit=2 "HTTP/1.1 200 OK"
2026-03-19 08:35:52: 2026-03-19 08:35:52,612 - httpx - INFO - HTTP Request: GET https://fapi.binance.com/fapi/v1/klines?symbol=FILUSDT&interval=1d&limit=2 "HTTP/1.1 200 OK"
2026-03-19 08:35:52: 2026-03-19 08:35:52,621 - httpx - INFO - HTTP Request: GET https://fapi.binance.com/fapi/v1/klines?symbol=BELUSDT&interval=1d&limit=2 "HTTP/1.1 200 OK"
2026-03-19 08:35:52: 2026-03-19 08:35:52,622 - httpx - INFO - HTTP Request: GET https://fapi.binance.com/fapi/v1/klines?symbol=ZENUSDT&interval=1d&limit=2 "HTTP/1.1 200 OK"
2026-03-19 08:35:52: 2026-03-19 08:35:52,624 - httpx - INFO - HTTP Request: GET https://fapi.binance.com/fapi/v1/klines?symbol=AXSUSDT&interval=1d&limit=2 "HTTP/1.1 200 OK"
2026-03-19 08:35:52: 2026-03-19 08:35:52,626 - httpx - INFO - HTTP Request: GET https://fapi.binance.com/fapi/v1/klines?symbol=RSRUSDT&interval=1d&limit=2 "HTTP/1.1 200 OK"
2026-03-19 08:35:52: 2026-03-19 08:35:52,627 - httpx - INFO - HTTP Request: GET https://fapi.binance.com/fapi/v1/klines?symbol=LRCUSDT&interval=1d&limit=2 "HTTP/1.1 200 OK"
2026-03-19 08:35:52: 2026-03-19 08:35:52,631 - httpx - INFO - HTTP Request: GET https://fapi.binance.com/fapi/v1/klines?symbol=COTIUSDT&interval=1d&limit=2 "HTTP/1.1 200 OK"
2026-03-19 08:35:52: 2026-03-19 08:35:52,633 - httpx - INFO - HTTP Request: GET https://fapi.binance.com/fapi/v1/klines?symbol=CHZUSDT&interval=1d&limit=2 "HTTP/1.1 200 OK"
2026-03-19 08:35:52: 2026-03-19 08:35:52,634 - httpx - INFO - HTTP Request: GET https://fapi.binance.com/fapi/v1/klines?symbol=RVNUSDT&interval=1d&limit=2 "HTTP/1.1 200 OK"
2026-03-19 08:35:52: 2026-03-19 08:35:52,635 - httpx - INFO - HTTP Request: GET https://fapi.binance.com/fapi/v1/klines?symbol=SKLUSDT&interval=1d&limit=2 "HTTP/1.1 200 OK"
2026-03-19 08:35:52: 2026-03-19 08:35:52,636 - httpx - INFO - HTTP Request: GET https://fapi.binance.com/fapi/v1/klines?symbol=SFPUSDT&interval=1d&limit=2 "HTTP/1.1 200 OK"
2026-03-19 08:35:52: 2026-03-19 08:35:52,637 - httpx - INFO - HTTP Request: GET https://fapi.binance.com/fapi/v1/klines?symbol=1INCHUSDT&interval=1d&limit=2 "HTTP/1.1 200 OK"
2026-03-19 08:35:52: 2026-03-19 08:35:52,637 - httpx - INFO - HTTP Request: GET https://fapi.binance.com/fapi/v1/klines?symbol=ANKRUSDT&interval=1d&limit=2 "HTTP/1.1 200 OK"
2026-03-19 08:35:52: 2026-03-19 08:35:52,637 - httpx - INFO - HTTP Request: GET https://fapi.binance.com/fapi/v1/klines?symbol=CHRUSDT&interval=1d&limit=2 "HTTP/1.1 200 OK"
2026-03-19 08:35:52: 2026-03-19 08:35:52,642 - httpx - INFO - HTTP Request: GET https://fapi.binance.com/fapi/v1/klines?symbol=GRTUSDT&interval=1d&limit=2 "HTTP/1.1 200 OK"
2026-03-19 08:35:52: 2026-03-19 08:35:52,642 - httpx - INFO - HTTP Request: GET https://fapi.binance.com/fapi/v1/klines?symbol=SANDUSDT&interval=1d&limit=2 "HTTP/1.1 200 OK"
2026-03-19 08:35:52: 2026-03-19 08:35:52,650 - httpx - INFO - HTTP Request: GET https://fapi.binance.com/fapi/v1/klines?symbol=MANAUSDT&interval=1d&limit=2 "HTTP/1.1 200 OK"
2026-03-19 08:35:52: 2026-03-19 08:35:52,651 - httpx - INFO - HTTP Request: GET https://fapi.binance.com/fapi/v1/klines?symbol=ALICEUSDT&interval=1d&limit=2 "HTTP/1.1 200 OK"
2026-03-19 08:35:52: 2026-03-19 08:35:52,703 - httpx - INFO - HTTP Request: GET https://fapi.binance.com/fapi/v1/klines?symbol=ONEUSDT&interval=1d&limit=2 "HTTP/1.1 200 OK"
2026-03-19 08:35:52: 2026-03-19 08:35:52,705 - httpx - INFO - HTTP Request: GET https://fapi.binance.com/fapi/v1/klines?symbol=HBARUSDT&interval=1d&limit=2 "HTTP/1.1 200 OK"
2026-03-19 08:35:52: 2026-03-19 08:35:52,725 - httpx - INFO - HTTP Request: GET https://fapi.binance.com/fapi/v1/klines?symbol=DENTUSDT&interval=1d&limit=2 "HTTP/1.1 200 OK"
2026-03-19 08:35:52: 2026-03-19 08:35:52,729 - httpx - INFO - HTTP Request: GET https://fapi.binance.com/fapi/v1/klines?symbol=HOTUSDT&interval=1d&limit=2 "HTTP/1.1 200 OK"
2026-03-19 08:35:52: 2026-03-19 08:35:52,732 - httpx - INFO - HTTP Request: GET https://fapi.binance.com/fapi/v1/klines?symbol=CELRUSDT&interval=1d&limit=2 "HTTP/1.1 200 OK"
2026-03-19 08:35:52: 2026-03-19 08:35:52,735 - httpx - INFO - HTTP Request: GET https://fapi.binance.com/fapi/v1/klines?symbol=MTLUSDT&interval=1d&limit=2 "HTTP/1.1 200 OK"
2026-03-19 08:35:52: 2026-03-19 08:35:52,736 - httpx - INFO - HTTP Request: GET https://fapi.binance.com/fapi/v1/klines?symbol=GTCUSDT&interval=1d&limit=2 "HTTP/1.1 200 OK"
2026-03-19 08:35:52: 2026-03-19 08:35:52,738 - httpx - INFO - HTTP Request: GET https://fapi.binance.com/fapi/v1/klines?symbol=1000SHIBUSDT&interval=1d&limit=2 "HTTP/1.1 200 OK"
2026-03-19 08:35:52: 2026-03-19 08:35:52,742 - httpx - INFO - HTTP Request: GET https://fapi.binance.com/fapi/v1/klines?symbol=OGNUSDT&interval=1d&limit=2 "HTTP/1.1 200 OK"
2026-03-19 08:35:52: 2026-03-19 08:35:52,749 - httpx - INFO - HTTP Request: GET https://fapi.binance.com/fapi/v1/klines?symbol=BTCDOMUSDT&interval=1d&limit=2 "HTTP/1.1 200 OK"
2026-03-19 08:35:52: 2026-03-19 08:35:52,750 - httpx - INFO - HTTP Request: GET https://fapi.binance.com/fapi/v1/klines?symbol=MASKUSDT&interval=1d&limit=2 "HTTP/1.1 200 OK"
2026-03-19 08:35:52: 2026-03-19 08:35:52,756 - httpx - INFO - HTTP Request: GET https://fapi.binance.com/fapi/v1/klines?symbol=IOTXUSDT&interval=1d&limit=2 "HTTP/1.1 200 OK"
2026-03-19 08:35:52: 2026-03-19 08:35:52,758 - httpx - INFO - HTTP Request: GET https://fapi.binance.com/fapi/v1/klines?symbol=GALAUSDT&interval=1d&limit=2 "HTTP/1.1 200 OK"
2026-03-19 08:35:52: 2026-03-19 08:35:52,760 - httpx - INFO - HTTP Request: GET https://fapi.binance.com/fapi/v1/klines?symbol=1000XECUSDT&interval=1d&limit=2 "HTTP/1.1 200 OK"
2026-03-19 08:35:52: 2026-03-19 08:35:52,762 - httpx - INFO - HTTP Request: GET https://fapi.binance.com/fapi/v1/klines?symbol=DYDXUSDT&interval=1d&limit=2 "HTTP/1.1 200 OK"
2026-03-19 08:35:52: 2026-03-19 08:35:52,762 - httpx - INFO - HTTP Request: GET https://fapi.binance.com/fapi/v1/klines?symbol=ARUSDT&interval=1d&limit=2 "HTTP/1.1 200 OK"
2026-03-19 08:35:52: 2026-03-19 08:35:52,764 - httpx - INFO - HTTP Request: GET https://fapi.binance.com/fapi/v1/klines?symbol=C98USDT&interval=1d&limit=2 "HTTP/1.1 200 OK"
2026-03-19 08:35:52: 2026-03-19 08:35:52,765 - httpx - INFO - HTTP Request: GET https://fapi.binance.com/fapi/v1/klines?symbol=CELOUSDT&interval=1d&limit=2 "HTTP/1.1 200 OK"
2026-03-19 08:35:52: 2026-03-19 08:35:52,765 - httpx - INFO - HTTP Request: GET https://fapi.binance.com/fapi/v1/klines?symbol=ARPAUSDT&interval=1d&limit=2 "HTTP/1.1 200 OK"
2026-03-19 08:35:52: 2026-03-19 08:35:52,766 - httpx - INFO - HTTP Request: GET https://fapi.binance.com/fapi/v1/klines?symbol=ATAUSDT&interval=1d&limit=2 "HTTP/1.1 200 OK"
2026-03-19 08:35:52: 2026-03-19 08:35:52,812 - httpx - INFO - HTTP Request: GET https://fapi.binance.com/fapi/v1/klines?symbol=CTSIUSDT&interval=1d&limit=2 "HTTP/1.1 200 OK"
2026-03-19 08:35:52: 2026-03-19 08:35:52,815 - httpx - INFO - HTTP Request: GET https://fapi.binance.com/fapi/v1/klines?symbol=LPTUSDT&interval=1d&limit=2 "HTTP/1.1 200 OK"
2026-03-19 08:35:52: 2026-03-19 08:35:52,839 - httpx - INFO - HTTP Request: GET https://fapi.binance.com/fapi/v1/klines?symbol=ENSUSDT&interval=1d&limit=2 "HTTP/1.1 200 OK"
2026-03-19 08:35:52: 2026-03-19 08:35:52,850 - httpx - INFO - HTTP Request: GET https://fapi.binance.com/fapi/v1/klines?symbol=FLOWUSDT&interval=1d&limit=2 "HTTP/1.1 200 OK"
2026-03-19 08:35:52: 2026-03-19 08:35:52,855 - httpx - INFO - HTTP Request: GET https://fapi.binance.com/fapi/v1/klines?symbol=PEOPLEUSDT&interval=1d&limit=2 "HTTP/1.1 200 OK"
2026-03-19 08:35:52: 2026-03-19 08:35:52,862 - httpx - INFO - HTTP Request: GET https://fapi.binance.com/fapi/v1/klines?symbol=ROSEUSDT&interval=1d&limit=2 "HTTP/1.1 200 OK"
2026-03-19 08:35:52: 2026-03-19 08:35:52,864 - httpx - INFO - HTTP Request: GET https://fapi.binance.com/fapi/v1/klines?symbol=GMTUSDT&interval=1d&limit=2 "HTTP/1.1 200 OK"
2026-03-19 08:35:52: 2026-03-19 08:35:52,865 - httpx - INFO - HTTP Request: GET https://fapi.binance.com/fapi/v1/klines?symbol=IMXUSDT&interval=1d&limit=2 "HTTP/1.1 200 OK"
2026-03-19 08:35:52: 2026-03-19 08:35:52,865 - httpx - INFO - HTTP Request: GET https://fapi.binance.com/fapi/v1/klines?symbol=APEUSDT&interval=1d&limit=2 "HTTP/1.1 200 OK"
2026-03-19 08:35:52: 2026-03-19 08:35:52,866 - httpx - INFO - HTTP Request: GET https://fapi.binance.com/fapi/v1/klines?symbol=DUSKUSDT&interval=1d&limit=2 "HTTP/1.1 200 OK"
2026-03-19 08:35:52: 2026-03-19 08:35:52,871 - httpx - INFO - HTTP Request: GET https://fapi.binance.com/fapi/v1/klines?symbol=API3USDT&interval=1d&limit=2 "HTTP/1.1 200 OK"
2026-03-19 08:35:52: 2026-03-19 08:35:52,872 - httpx - INFO - HTTP Request: GET https://fapi.binance.com/fapi/v1/klines?symbol=OPUSDT&interval=1d&limit=2 "HTTP/1.1 200 OK"
2026-03-19 08:35:52: 2026-03-19 08:35:52,876 - httpx - INFO - HTTP Request: GET https://fapi.binance.com/fapi/v1/klines?symbol=WOOUSDT&interval=1d&limit=2 "HTTP/1.1 200 OK"
2026-03-19 08:35:52: 2026-03-19 08:35:52,878 - httpx - INFO - HTTP Request: GET https://fapi.binance.com/fapi/v1/klines?symbol=JASMYUSDT&interval=1d&limit=2 "HTTP/1.1 200 OK"
2026-03-19 08:35:52: 2026-03-19 08:35:52,879 - httpx - INFO - HTTP Request: GET https://fapi.binance.com/fapi/v1/klines?symbol=SPELLUSDT&interval=1d&limit=2 "HTTP/1.1 200 OK"
2026-03-19 08:35:52: 2026-03-19 08:35:52,881 - httpx - INFO - HTTP Request: GET https://fapi.binance.com/fapi/v1/klines?symbol=INJUSDT&interval=1d&limit=2 "HTTP/1.1 200 OK"
2026-03-19 08:35:52: 2026-03-19 08:35:52,884 - httpx - INFO - HTTP Request: GET https://fapi.binance.com/fapi/v1/klines?symbol=LUNA2USDT&interval=1d&limit=2 "HTTP/1.1 200 OK"
2026-03-19 08:35:52: 2026-03-19 08:35:52,885 - httpx - INFO - HTTP Request: GET https://fapi.binance.com/fapi/v1/klines?symbol=STGUSDT&interval=1d&limit=2 "HTTP/1.1 200 OK"
2026-03-19 08:35:52: 2026-03-19 08:35:52,886 - httpx - INFO - HTTP Request: GET https://fapi.binance.com/fapi/v1/klines?symbol=LDOUSDT&interval=1d&limit=2 "HTTP/1.1 200 OK"
2026-03-19 08:35:52: 2026-03-19 08:35:52,886 - httpx - INFO - HTTP Request: GET https://fapi.binance.com/fapi/v1/klines?symbol=1000LUNCUSDT&interval=1d&limit=2 "HTTP/1.1 200 OK"
2026-03-19 08:35:52: 2026-03-19 08:35:52,932 - httpx - INFO - HTTP Request: GET https://fapi.binance.com/fapi/v1/klines?symbol=ICPUSDT&interval=1d&limit=2 "HTTP/1.1 200 OK"
2026-03-19 08:35:52: 2026-03-19 08:35:52,935 - httpx - INFO - HTTP Request: GET https://fapi.binance.com/fapi/v1/klines?symbol=APTUSDT&interval=1d&limit=2 "HTTP/1.1 200 OK"
2026-03-19 08:35:52: 2026-03-19 08:35:52,950 - httpx - INFO - HTTP Request: GET https://fapi.binance.com/fapi/v1/klines?symbol=QNTUSDT&interval=1d&limit=2 "HTTP/1.1 200 OK"
2026-03-19 08:35:52: 2026-03-19 08:35:52,960 - httpx - INFO - HTTP Request: GET https://fapi.binance.com/fapi/v1/klines?symbol=FETUSDT&interval=1d&limit=2 "HTTP/1.1 200 OK"
2026-03-19 08:35:52: 2026-03-19 08:35:52,969 - httpx - INFO - HTTP Request: GET https://fapi.binance.com/fapi/v1/klines?symbol=HOOKUSDT&interval=1d&limit=2 "HTTP/1.1 200 OK"
2026-03-19 08:35:52: 2026-03-19 08:35:52,989 - httpx - INFO - HTTP Request: GET https://fapi.binance.com/fapi/v1/klines?symbol=MAGICUSDT&interval=1d&limit=2 "HTTP/1.1 200 OK"
2026-03-19 08:35:53: 2026-03-19 08:35:53,000 - httpx - INFO - HTTP Request: GET https://fapi.binance.com/fapi/v1/klines?symbol=PHBUSDT&interval=1d&limit=2 "HTTP/1.1 200 OK"
2026-03-19 08:35:53: 2026-03-19 08:35:53,003 - httpx - INFO - HTTP Request: GET https://fapi.binance.com/fapi/v1/klines?symbol=MINAUSDT&interval=1d&limit=2 "HTTP/1.1 200 OK"
2026-03-19 08:35:53: 2026-03-19 08:35:53,007 - httpx - INFO - HTTP Request: GET https://fapi.binance.com/fapi/v1/klines?symbol=HIGHUSDT&interval=1d&limit=2 "HTTP/1.1 200 OK"
2026-03-19 08:35:53: 2026-03-19 08:35:53,007 - httpx - INFO - HTTP Request: GET https://fapi.binance.com/fapi/v1/klines?symbol=CFXUSDT&interval=1d&limit=2 "HTTP/1.1 200 OK"
2026-03-19 08:35:53: 2026-03-19 08:35:53,008 - httpx - INFO - HTTP Request: GET https://fapi.binance.com/fapi/v1/klines?symbol=STXUSDT&interval=1d&limit=2 "HTTP/1.1 200 OK"
2026-03-19 08:35:53: 2026-03-19 08:35:53,011 - httpx - INFO - HTTP Request: GET https://fapi.binance.com/fapi/v1/klines?symbol=ASTRUSDT&interval=1d&limit=2 "HTTP/1.1 200 OK"
2026-03-19 08:35:53: 2026-03-19 08:35:53,012 - httpx - INFO - HTTP Request: GET https://fapi.binance.com/fapi/v1/klines?symbol=USDCUSDT&interval=1d&limit=2 "HTTP/1.1 200 OK"
2026-03-19 08:35:53: 2026-03-19 08:35:53,012 - httpx - INFO - HTTP Request: GET https://fapi.binance.com/fapi/v1/klines?symbol=GMXUSDT&interval=1d&limit=2 "HTTP/1.1 200 OK"
2026-03-19 08:35:53: 2026-03-19 08:35:53,015 - httpx - INFO - HTTP Request: GET https://fapi.binance.com/fapi/v1/klines?symbol=TRUUSDT&interval=1d&limit=2 "HTTP/1.1 200 OK"
2026-03-19 08:35:53: 2026-03-19 08:35:53,016 - httpx - INFO - HTTP Request: GET https://fapi.binance.com/fapi/v1/klines?symbol=CKBUSDT&interval=1d&limit=2 "HTTP/1.1 200 OK"
2026-03-19 08:35:53: 2026-03-19 08:35:53,017 - httpx - INFO - HTTP Request: GET https://fapi.binance.com/fapi/v1/klines?symbol=SSVUSDT&interval=1d&limit=2 "HTTP/1.1 200 OK"
2026-03-19 08:35:53: 2026-03-19 08:35:53,020 - httpx - INFO - HTTP Request: GET https://fapi.binance.com/fapi/v1/klines?symbol=ACHUSDT&interval=1d&limit=2 "HTTP/1.1 200 OK"
2026-03-19 08:35:53: 2026-03-19 08:35:53,021 - httpx - INFO - HTTP Request: GET https://fapi.binance.com/fapi/v1/klines?symbol=LQTYUSDT&interval=1d&limit=2 "HTTP/1.1 200 OK"
2026-03-19 08:35:53: 2026-03-19 08:35:53,031 - httpx - INFO - HTTP Request: GET https://fapi.binance.com/fapi/v1/klines?symbol=TUSDT&interval=1d&limit=2 "HTTP/1.1 200 OK"
2026-03-19 08:35:53: 2026-03-19 08:35:53,050 - httpx - INFO - HTTP Request: GET https://fapi.binance.com/fapi/v1/klines?symbol=IDUSDT&interval=1d&limit=2 "HTTP/1.1 200 OK"
2026-03-19 08:35:53: 2026-03-19 08:35:53,051 - httpx - INFO - HTTP Request: GET https://fapi.binance.com/fapi/v1/klines?symbol=ARBUSDT&interval=1d&limit=2 "HTTP/1.1 200 OK"
2026-03-19 08:35:53: 2026-03-19 08:35:53,060 - httpx - INFO - HTTP Request: GET https://fapi.binance.com/fapi/v1/klines?symbol=JOEUSDT&interval=1d&limit=2 "HTTP/1.1 200 OK"
2026-03-19 08:35:53: 2026-03-19 08:35:53,061 - httpx - INFO - HTTP Request: GET https://fapi.binance.com/fapi/v1/klines?symbol=TLMUSDT&interval=1d&limit=2 "HTTP/1.1 200 OK"
2026-03-19 08:35:53: 2026-03-19 08:35:53,071 - httpx - INFO - HTTP Request: GET https://fapi.binance.com/fapi/v1/klines?symbol=RDNTUSDT&interval=1d&limit=2 "HTTP/1.1 200 OK"
2026-03-19 08:35:53: 2026-03-19 08:35:53,099 - httpx - INFO - HTTP Request: GET https://fapi.binance.com/fapi/v1/klines?symbol=HFTUSDT&interval=1d&limit=2 "HTTP/1.1 200 OK"
2026-03-19 08:35:53: 2026-03-19 08:35:53,117 - httpx - INFO - HTTP Request: GET https://fapi.binance.com/fapi/v1/klines?symbol=BLURUSDT&interval=1d&limit=2 "HTTP/1.1 200 OK"
2026-03-19 08:35:53: 2026-03-19 08:35:53,120 - httpx - INFO - HTTP Request: GET https://fapi.binance.com/fapi/v1/klines?symbol=XVSUSDT&interval=1d&limit=2 "HTTP/1.1 200 OK"
2026-03-19 08:35:53: 2026-03-19 08:35:53,124 - httpx - INFO - HTTP Request: GET https://fapi.binance.com/fapi/v1/klines?symbol=EDUUSDT&interval=1d&limit=2 "HTTP/1.1 200 OK"
2026-03-19 08:35:53: 2026-03-19 08:35:53,133 - httpx - INFO - HTTP Request: GET https://fapi.binance.com/fapi/v1/klines?symbol=SUIUSDT&interval=1d&limit=2 "HTTP/1.1 200 OK"
2026-03-19 08:35:53: 2026-03-19 08:35:53,136 - httpx - INFO - HTTP Request: GET https://fapi.binance.com/fapi/v1/klines?symbol=UMAUSDT&interval=1d&limit=2 "HTTP/1.1 200 OK"
2026-03-19 08:35:53: 2026-03-19 08:35:53,139 - httpx - INFO - HTTP Request: GET https://fapi.binance.com/fapi/v1/klines?symbol=MAVUSDT&interval=1d&limit=2 "HTTP/1.1 200 OK"
2026-03-19 08:35:53: 2026-03-19 08:35:53,144 - httpx - INFO - HTTP Request: GET https://fapi.binance.com/fapi/v1/klines?symbol=WLDUSDT&interval=1d&limit=2 "HTTP/1.1 200 OK"
2026-03-19 08:35:53: 2026-03-19 08:35:53,145 - httpx - INFO - HTTP Request: GET https://fapi.binance.com/fapi/v1/klines?symbol=PENDLEUSDT&interval=1d&limit=2 "HTTP/1.1 200 OK"
2026-03-19 08:35:53: 2026-03-19 08:35:53,147 - httpx - INFO - HTTP Request: GET https://fapi.binance.com/fapi/v1/klines?symbol=ARKMUSDT&interval=1d&limit=2 "HTTP/1.1 200 OK"
2026-03-19 08:35:53: 2026-03-19 08:35:53,147 - httpx - INFO - HTTP Request: GET https://fapi.binance.com/fapi/v1/klines?symbol=1000FLOKIUSDT&interval=1d&limit=2 "HTTP/1.1 200 OK"
2026-03-19 08:35:53: 2026-03-19 08:35:53,149 - httpx - INFO - HTTP Request: GET https://fapi.binance.com/fapi/v1/klines?symbol=XVGUSDT&interval=1d&limit=2 "HTTP/1.1 200 OK"
2026-03-19 08:35:53: 2026-03-19 08:35:53,150 - httpx - INFO - HTTP Request: GET https://fapi.binance.com/fapi/v1/klines?symbol=1000PEPEUSDT&interval=1d&limit=2 "HTTP/1.1 200 OK"
2026-03-19 08:35:53: 2026-03-19 08:35:53,150 - httpx - INFO - HTTP Request: GET https://fapi.binance.com/fapi/v1/klines?symbol=NMRUSDT&interval=1d&limit=2 "HTTP/1.1 200 OK"
2026-03-19 08:35:53: 2026-03-19 08:35:53,151 - httpx - INFO - HTTP Request: GET https://fapi.binance.com/fapi/v1/klines?symbol=AGLDUSDT&interval=1d&limit=2 "HTTP/1.1 200 OK"
2026-03-19 08:35:53: 2026-03-19 08:35:53,156 - httpx - INFO - HTTP Request: GET https://fapi.binance.com/fapi/v1/klines?symbol=YGGUSDT&interval=1d&limit=2 "HTTP/1.1 200 OK"
2026-03-19 08:35:53: 2026-03-19 08:35:53,159 - httpx - INFO - HTTP Request: GET https://fapi.binance.com/fapi/v1/klines?symbol=DODOXUSDT&interval=1d&limit=2 "HTTP/1.1 200 OK"
2026-03-19 08:35:53: 2026-03-19 08:35:53,161 - httpx - INFO - HTTP Request: GET https://fapi.binance.com/fapi/v1/klines?symbol=BNTUSDT&interval=1d&limit=2 "HTTP/1.1 200 OK"
2026-03-19 08:35:53: 2026-03-19 08:35:53,184 - httpx - INFO - HTTP Request: GET https://fapi.binance.com/fapi/v1/klines?symbol=OXTUSDT&interval=1d&limit=2 "HTTP/1.1 200 OK"
2026-03-19 08:35:53: 2026-03-19 08:35:53,186 - httpx - INFO - HTTP Request: GET https://fapi.binance.com/fapi/v1/klines?symbol=SEIUSDT&interval=1d&limit=2 "HTTP/1.1 200 OK"
2026-03-19 08:35:53: 2026-03-19 08:35:53,214 - httpx - INFO - HTTP Request: GET https://fapi.binance.com/fapi/v1/klines?symbol=CYBERUSDT&interval=1d&limit=2 "HTTP/1.1 200 OK"
2026-03-19 08:35:53: 2026-03-19 08:35:53,223 - httpx - INFO - HTTP Request: GET https://fapi.binance.com/fapi/v1/klines?symbol=ARKUSDT&interval=1d&limit=2 "HTTP/1.1 200 OK"
2026-03-19 08:35:53: 2026-03-19 08:35:53,234 - httpx - INFO - HTTP Request: GET https://fapi.binance.com/fapi/v1/klines?symbol=BICOUSDT&interval=1d&limit=2 "HTTP/1.1 200 OK"
2026-03-19 08:35:53: 2026-03-19 08:35:53,237 - httpx - INFO - HTTP Request: GET https://fapi.binance.com/fapi/v1/klines?symbol=BIGTIMEUSDT&interval=1d&limit=2 "HTTP/1.1 200 OK"
2026-03-19 08:35:53: 2026-03-19 08:35:53,241 - httpx - INFO - HTTP Request: GET https://fapi.binance.com/fapi/v1/klines?symbol=BSVUSDT&interval=1d&limit=2 "HTTP/1.1 200 OK"
2026-03-19 08:35:53: 2026-03-19 08:35:53,244 - httpx - INFO - HTTP Request: GET https://fapi.binance.com/fapi/v1/klines?symbol=WAXPUSDT&interval=1d&limit=2 "HTTP/1.1 200 OK"
2026-03-19 08:35:53: 2026-03-19 08:35:53,257 - httpx - INFO - HTTP Request: GET https://fapi.binance.com/fapi/v1/klines?symbol=RIFUSDT&interval=1d&limit=2 "HTTP/1.1 200 OK"
2026-03-19 08:35:53: 2026-03-19 08:35:53,262 - httpx - INFO - HTTP Request: GET https://fapi.binance.com/fapi/v1/klines?symbol=POLYXUSDT&interval=1d&limit=2 "HTTP/1.1 200 OK"
2026-03-19 08:35:53: 2026-03-19 08:35:53,264 - httpx - INFO - HTTP Request: GET https://fapi.binance.com/fapi/v1/klines?symbol=GASUSDT&interval=1d&limit=2 "HTTP/1.1 200 OK"
2026-03-19 08:35:53: 2026-03-19 08:35:53,268 - httpx - INFO - HTTP Request: GET https://fapi.binance.com/fapi/v1/klines?symbol=TIAUSDT&interval=1d&limit=2 "HTTP/1.1 200 OK"
2026-03-19 08:35:53: 2026-03-19 08:35:53,269 - httpx - INFO - HTTP Request: GET https://fapi.binance.com/fapi/v1/klines?symbol=POWRUSDT&interval=1d&limit=2 "HTTP/1.1 200 OK"
2026-03-19 08:35:53: 2026-03-19 08:35:53,269 - httpx - INFO - HTTP Request: GET https://fapi.binance.com/fapi/v1/klines?symbol=MEMEUSDT&interval=1d&limit=2 "HTTP/1.1 200 OK"
2026-03-19 08:35:53: 2026-03-19 08:35:53,272 - httpx - INFO - HTTP Request: GET https://fapi.binance.com/fapi/v1/klines?symbol=TWTUSDT&interval=1d&limit=2 "HTTP/1.1 200 OK"
2026-03-19 08:35:53: 2026-03-19 08:35:53,274 - httpx - INFO - HTTP Request: GET https://fapi.binance.com/fapi/v1/klines?symbol=ILVUSDT&interval=1d&limit=2 "HTTP/1.1 200 OK"
2026-03-19 08:35:53: 2026-03-19 08:35:53,275 - httpx - INFO - HTTP Request: GET https://fapi.binance.com/fapi/v1/klines?symbol=NTRNUSDT&interval=1d&limit=2 "HTTP/1.1 200 OK"
2026-03-19 08:35:53: 2026-03-19 08:35:53,277 - httpx - INFO - HTTP Request: GET https://fapi.binance.com/fapi/v1/klines?symbol=STEEMUSDT&interval=1d&limit=2 "HTTP/1.1 200 OK"
2026-03-19 08:35:53: 2026-03-19 08:35:53,278 - httpx - INFO - HTTP Request: GET https://fapi.binance.com/fapi/v1/klines?symbol=ORDIUSDT&interval=1d&limit=2 "HTTP/1.1 200 OK"
2026-03-19 08:35:53: 2026-03-19 08:35:53,281 - httpx - INFO - HTTP Request: GET https://fapi.binance.com/fapi/v1/klines?symbol=CAKEUSDT&interval=1d&limit=2 "HTTP/1.1 200 OK"
2026-03-19 08:35:53: 2026-03-19 08:35:53,290 - httpx - INFO - HTTP Request: GET https://fapi.binance.com/fapi/v1/klines?symbol=BEAMXUSDT&interval=1d&limit=2 "HTTP/1.1 200 OK"
2026-03-19 08:35:53: 2026-03-19 08:35:53,293 - httpx - INFO - HTTP Request: GET https://fapi.binance.com/fapi/v1/klines?symbol=KASUSDT&interval=1d&limit=2 "HTTP/1.1 200 OK"
2026-03-19 08:35:53: 2026-03-19 08:35:53,329 - httpx - INFO - HTTP Request: GET https://fapi.binance.com/fapi/v1/klines?symbol=1000BONKUSDT&interval=1d&limit=2 "HTTP/1.1 200 OK"
2026-03-19 08:35:53: 2026-03-19 08:35:53,331 - httpx - INFO - HTTP Request: GET https://fapi.binance.com/fapi/v1/klines?symbol=PYTHUSDT&interval=1d&limit=2 "HTTP/1.1 200 OK"
2026-03-19 08:35:53: 2026-03-19 08:35:53,345 - httpx - INFO - HTTP Request: GET https://fapi.binance.com/fapi/v1/klines?symbol=ONGUSDT&interval=1d&limit=2 "HTTP/1.1 200 OK"
2026-03-19 08:35:53: 2026-03-19 08:35:53,348 - httpx - INFO - HTTP Request: GET https://fapi.binance.com/fapi/v1/klines?symbol=USTCUSDT&interval=1d&limit=2 "HTTP/1.1 200 OK"
2026-03-19 08:35:53: 2026-03-19 08:35:53,352 - httpx - INFO - HTTP Request: GET https://fapi.binance.com/fapi/v1/klines?symbol=SUPERUSDT&interval=1d&limit=2 "HTTP/1.1 200 OK"
2026-03-19 08:35:53: 2026-03-19 08:35:53,355 - httpx - INFO - HTTP Request: GET https://fapi.binance.com/fapi/v1/klines?symbol=ETHWUSDT&interval=1d&limit=2 "HTTP/1.1 200 OK"
2026-03-19 08:35:53: 2026-03-19 08:35:53,371 - httpx - INFO - HTTP Request: GET https://fapi.binance.com/fapi/v1/klines?symbol=1000SATSUSDT&interval=1d&limit=2 "HTTP/1.1 200 OK"
2026-03-19 08:35:53: 2026-03-19 08:35:53,373 - httpx - INFO - HTTP Request: GET https://fapi.binance.com/fapi/v1/klines?symbol=JTOUSDT&interval=1d&limit=2 "HTTP/1.1 200 OK"
2026-03-19 08:35:53: 2026-03-19 08:35:53,376 - httpx - INFO - HTTP Request: GET https://fapi.binance.com/fapi/v1/klines?symbol=1000RATSUSDT&interval=1d&limit=2 "HTTP/1.1 200 OK"
2026-03-19 08:35:53: 2026-03-19 08:35:53,377 - httpx - INFO - HTTP Request: GET https://fapi.binance.com/fapi/v1/klines?symbol=AUCTIONUSDT&interval=1d&limit=2 "HTTP/1.1 200 OK"
2026-03-19 08:35:53: 2026-03-19 08:35:53,380 - httpx - INFO - HTTP Request: GET https://fapi.binance.com/fapi/v1/klines?symbol=NFPUSDT&interval=1d&limit=2 "HTTP/1.1 200 OK"
2026-03-19 08:35:53: 2026-03-19 08:35:53,381 - httpx - INFO - HTTP Request: GET https://fapi.binance.com/fapi/v1/klines?symbol=ACEUSDT&interval=1d&limit=2 "HTTP/1.1 200 OK"
2026-03-19 08:35:53: 2026-03-19 08:35:53,385 - httpx - INFO - HTTP Request: GET https://fapi.binance.com/fapi/v1/klines?symbol=MOVRUSDT&interval=1d&limit=2 "HTTP/1.1 200 OK"
2026-03-19 08:35:53: 2026-03-19 08:35:53,386 - httpx - INFO - HTTP Request: GET https://fapi.binance.com/fapi/v1/klines?symbol=AIUSDT&interval=1d&limit=2 "HTTP/1.1 200 OK"
2026-03-19 08:35:53: 2026-03-19 08:35:53,387 - httpx - INFO - HTTP Request: GET https://fapi.binance.com/fapi/v1/klines?symbol=MANTAUSDT&interval=1d&limit=2 "HTTP/1.1 200 OK"
2026-03-19 08:35:53: 2026-03-19 08:35:53,388 - httpx - INFO - HTTP Request: GET https://fapi.binance.com/fapi/v1/klines?symbol=XAIUSDT&interval=1d&limit=2 "HTTP/1.1 200 OK"
2026-03-19 08:35:53: 2026-03-19 08:35:53,389 - httpx - INFO - HTTP Request: GET https://fapi.binance.com/fapi/v1/klines?symbol=WIFUSDT&interval=1d&limit=2 "HTTP/1.1 200 OK"
2026-03-19 08:35:53: 2026-03-19 08:35:53,392 - httpx - INFO - HTTP Request: GET https://fapi.binance.com/fapi/v1/klines?symbol=ONDOUSDT&interval=1d&limit=2 "HTTP/1.1 200 OK"
2026-03-19 08:35:53: 2026-03-19 08:35:53,395 - httpx - INFO - HTTP Request: GET https://fapi.binance.com/fapi/v1/klines?symbol=LSKUSDT&interval=1d&limit=2 "HTTP/1.1 200 OK"
2026-03-19 08:35:53: 2026-03-19 08:35:53,402 - httpx - INFO - HTTP Request: GET https://fapi.binance.com/fapi/v1/klines?symbol=ALTUSDT&interval=1d&limit=2 "HTTP/1.1 200 OK"
2026-03-19 08:35:53: 2026-03-19 08:35:53,450 - httpx - INFO - HTTP Request: GET https://fapi.binance.com/fapi/v1/klines?symbol=JUPUSDT&interval=1d&limit=2 "HTTP/1.1 200 OK"
2026-03-19 08:35:53: 2026-03-19 08:35:53,453 - httpx - INFO - HTTP Request: GET https://fapi.binance.com/fapi/v1/klines?symbol=ZETAUSDT&interval=1d&limit=2 "HTTP/1.1 200 OK"
2026-03-19 08:35:53: 2026-03-19 08:35:53,454 - httpx - INFO - HTTP Request: GET https://fapi.binance.com/fapi/v1/klines?symbol=RONINUSDT&interval=1d&limit=2 "HTTP/1.1 200 OK"
2026-03-19 08:35:53: 2026-03-19 08:35:53,459 - httpx - INFO - HTTP Request: GET https://fapi.binance.com/fapi/v1/klines?symbol=DYMUSDT&interval=1d&limit=2 "HTTP/1.1 200 OK"
2026-03-19 08:35:53: 2026-03-19 08:35:53,464 - httpx - INFO - HTTP Request: GET https://fapi.binance.com/fapi/v1/klines?symbol=STRKUSDT&interval=1d&limit=2 "HTTP/1.1 200 OK"
2026-03-19 08:35:53: 2026-03-19 08:35:53,469 - httpx - INFO - HTTP Request: GET https://fapi.binance.com/fapi/v1/klines?symbol=PIXELUSDT&interval=1d&limit=2 "HTTP/1.1 200 OK"
2026-03-19 08:35:53: 2026-03-19 08:35:53,483 - httpx - INFO - HTTP Request: GET https://fapi.binance.com/fapi/v1/klines?symbol=AXLUSDT&interval=1d&limit=2 "HTTP/1.1 200 OK"
2026-03-19 08:35:53: 2026-03-19 08:35:53,485 - httpx - INFO - HTTP Request: GET https://fapi.binance.com/fapi/v1/klines?symbol=GLMUSDT&interval=1d&limit=2 "HTTP/1.1 200 OK"
2026-03-19 08:35:53: 2026-03-19 08:35:53,496 - httpx - INFO - HTTP Request: GET https://fapi.binance.com/fapi/v1/klines?symbol=AEVOUSDT&interval=1d&limit=2 "HTTP/1.1 200 OK"
2026-03-19 08:35:53: 2026-03-19 08:35:53,496 - httpx - INFO - HTTP Request: GET https://fapi.binance.com/fapi/v1/klines?symbol=TONUSDT&interval=1d&limit=2 "HTTP/1.1 200 OK"
2026-03-19 08:35:53: 2026-03-19 08:35:53,497 - httpx - INFO - HTTP Request: GET https://fapi.binance.com/fapi/v1/klines?symbol=METISUSDT&interval=1d&limit=2 "HTTP/1.1 200 OK"
2026-03-19 08:35:53: 2026-03-19 08:35:53,497 - httpx - INFO - HTTP Request: GET https://fapi.binance.com/fapi/v1/klines?symbol=PORTALUSDT&interval=1d&limit=2 "HTTP/1.1 200 OK"
2026-03-19 08:35:53: 2026-03-19 08:35:53,498 - httpx - INFO - HTTP Request: GET https://fapi.binance.com/fapi/v1/klines?symbol=ETHFIUSDT&interval=1d&limit=2 "HTTP/1.1 200 OK"
2026-03-19 08:35:53: 2026-03-19 08:35:53,500 - httpx - INFO - HTTP Request: GET https://fapi.binance.com/fapi/v1/klines?symbol=BOMEUSDT&interval=1d&limit=2 "HTTP/1.1 200 OK"
2026-03-19 08:35:53: 2026-03-19 08:35:53,503 - httpx - INFO - HTTP Request: GET https://fapi.binance.com/fapi/v1/klines?symbol=WUSDT&interval=1d&limit=2 "HTTP/1.1 200 OK"
2026-03-19 08:35:53: 2026-03-19 08:35:53,503 - httpx - INFO - HTTP Request: GET https://fapi.binance.com/fapi/v1/klines?symbol=SAGAUSDT&interval=1d&limit=2 "HTTP/1.1 200 OK"
2026-03-19 08:35:53: 2026-03-19 08:35:53,504 - httpx - INFO - HTTP Request: GET https://fapi.binance.com/fapi/v1/klines?symbol=TNSRUSDT&interval=1d&limit=2 "HTTP/1.1 200 OK"
2026-03-19 08:35:53: 2026-03-19 08:35:53,506 - httpx - INFO - HTTP Request: GET https://fapi.binance.com/fapi/v1/klines?symbol=ENAUSDT&interval=1d&limit=2 "HTTP/1.1 200 OK"
2026-03-19 08:35:53: 2026-03-19 08:35:53,506 - httpx - INFO - HTTP Request: GET https://fapi.binance.com/fapi/v1/klines?symbol=VANRYUSDT&interval=1d&limit=2 "HTTP/1.1 200 OK"
2026-03-19 08:35:53: 2026-03-19 08:35:53,514 - httpx - INFO - HTTP Request: GET https://fapi.binance.com/fapi/v1/klines?symbol=TAOUSDT&interval=1d&limit=2 "HTTP/1.1 200 OK"
2026-03-19 08:35:53: 2026-03-19 08:35:53,564 - httpx - INFO - HTTP Request: GET https://fapi.binance.com/fapi/v1/klines?symbol=REZUSDT&interval=1d&limit=2 "HTTP/1.1 200 OK"
2026-03-19 08:35:53: 2026-03-19 08:35:53,566 - httpx - INFO - HTTP Request: GET https://fapi.binance.com/fapi/v1/klines?symbol=TURBOUSDT&interval=1d&limit=2 "HTTP/1.1 200 OK"
2026-03-19 08:35:53: 2026-03-19 08:35:53,572 - httpx - INFO - HTTP Request: GET https://fapi.binance.com/fapi/v1/klines?symbol=NOTUSDT&interval=1d&limit=2 "HTTP/1.1 200 OK"
2026-03-19 08:35:53: 2026-03-19 08:35:53,574 - httpx - INFO - HTTP Request: GET https://fapi.binance.com/fapi/v1/klines?symbol=BBUSDT&interval=1d&limit=2 "HTTP/1.1 200 OK"
2026-03-19 08:35:53: 2026-03-19 08:35:53,576 - httpx - INFO - HTTP Request: GET https://fapi.binance.com/fapi/v1/klines?symbol=IOUSDT&interval=1d&limit=2 "HTTP/1.1 200 OK"
2026-03-19 08:35:53: 2026-03-19 08:35:53,583 - httpx - INFO - HTTP Request: GET https://fapi.binance.com/fapi/v1/klines?symbol=ZKUSDT&interval=1d&limit=2 "HTTP/1.1 200 OK"
2026-03-19 08:35:53: 2026-03-19 08:35:53,598 - httpx - INFO - HTTP Request: GET https://fapi.binance.com/fapi/v1/klines?symbol=MEWUSDT&interval=1d&limit=2 "HTTP/1.1 200 OK"
2026-03-19 08:35:53: 2026-03-19 08:35:53,610 - httpx - INFO - HTTP Request: GET https://fapi.binance.com/fapi/v1/klines?symbol=LISTAUSDT&interval=1d&limit=2 "HTTP/1.1 200 OK"
2026-03-19 08:35:53: 2026-03-19 08:35:53,614 - httpx - INFO - HTTP Request: GET https://fapi.binance.com/fapi/v1/klines?symbol=ZROUSDT&interval=1d&limit=2 "HTTP/1.1 200 OK"
2026-03-19 08:35:53: 2026-03-19 08:35:53,615 - httpx - INFO - HTTP Request: GET https://fapi.binance.com/fapi/v1/klines?symbol=SYSUSDT&interval=1d&limit=2 "HTTP/1.1 200 OK"
2026-03-19 08:35:53: 2026-03-19 08:35:53,625 - httpx - INFO - HTTP Request: GET https://fapi.binance.com/fapi/v1/klines?symbol=RENDERUSDT&interval=1d&limit=2 "HTTP/1.1 200 OK"
2026-03-19 08:35:53: 2026-03-19 08:35:53,627 - httpx - INFO - HTTP Request: GET https://fapi.binance.com/fapi/v1/klines?symbol=BRETTUSDT&interval=1d&limit=2 "HTTP/1.1 200 OK"
2026-03-19 08:35:53: 2026-03-19 08:35:53,628 - httpx - INFO - HTTP Request: GET https://fapi.binance.com/fapi/v1/klines?symbol=POPCATUSDT&interval=1d&limit=2 "HTTP/1.1 200 OK"
2026-03-19 08:35:53: 2026-03-19 08:35:53,629 - httpx - INFO - HTTP Request: GET https://fapi.binance.com/fapi/v1/klines?symbol=BANANAUSDT&interval=1d&limit=2 "HTTP/1.1 200 OK"
2026-03-19 08:35:53: 2026-03-19 08:35:53,630 - httpx - INFO - HTTP Request: GET https://fapi.binance.com/fapi/v1/klines?symbol=SYNUSDT&interval=1d&limit=2 "HTTP/1.1 200 OK"
2026-03-19 08:35:53: 2026-03-19 08:35:53,631 - httpx - INFO - HTTP Request: GET https://fapi.binance.com/fapi/v1/klines?symbol=DOGSUSDT&interval=1d&limit=2 "HTTP/1.1 200 OK"
2026-03-19 08:35:53: 2026-03-19 08:35:53,633 - httpx - INFO - HTTP Request: GET https://fapi.binance.com/fapi/v1/klines?symbol=GUSDT&interval=1d&limit=2 "HTTP/1.1 200 OK"
2026-03-19 08:35:53: 2026-03-19 08:35:53,633 - httpx - INFO - HTTP Request: GET https://fapi.binance.com/fapi/v1/klines?symbol=RAREUSDT&interval=1d&limit=2 "HTTP/1.1 200 OK"
2026-03-19 08:35:53: 2026-03-19 08:35:53,635 - httpx - INFO - HTTP Request: GET https://fapi.binance.com/fapi/v1/klines?symbol=SUNUSDT&interval=1d&limit=2 "HTTP/1.1 200 OK"
2026-03-19 08:35:53: 2026-03-19 08:35:53,639 - httpx - INFO - HTTP Request: GET https://fapi.binance.com/fapi/v1/klines?symbol=MBOXUSDT&interval=1d&limit=2 "HTTP/1.1 200 OK"
2026-03-19 08:35:53: 2026-03-19 08:35:53,675 - httpx - INFO - HTTP Request: GET https://fapi.binance.com/fapi/v1/klines?symbol=RPLUSDT&interval=1d&limit=2 "HTTP/1.1 200 OK"
2026-03-19 08:35:53: 2026-03-19 08:35:53,683 - httpx - INFO - HTTP Request: GET https://fapi.binance.com/fapi/v1/klines?symbol=FLUXUSDT&interval=1d&limit=2 "HTTP/1.1 200 OK"
2026-03-19 08:35:53: 2026-03-19 08:35:53,685 - httpx - INFO - HTTP Request: GET https://fapi.binance.com/fapi/v1/klines?symbol=POLUSDT&interval=1d&limit=2 "HTTP/1.1 200 OK"
2026-03-19 08:35:53: 2026-03-19 08:35:53,686 - httpx - INFO - HTTP Request: GET https://fapi.binance.com/fapi/v1/klines?symbol=NEIROUSDT&interval=1d&limit=2 "HTTP/1.1 200 OK"
2026-03-19 08:35:53: 2026-03-19 08:35:53,688 - httpx - INFO - HTTP Request: GET https://fapi.binance.com/fapi/v1/klines?symbol=1MBABYDOGEUSDT&interval=1d&limit=2 "HTTP/1.1 200 OK"
2026-03-19 08:35:53: 2026-03-19 08:35:53,697 - httpx - INFO - HTTP Request: GET https://fapi.binance.com/fapi/v1/klines?symbol=FIDAUSDT&interval=1d&limit=2 "HTTP/1.1 200 OK"
2026-03-19 08:35:53: 2026-03-19 08:35:53,698 - httpx - INFO - HTTP Request: GET https://fapi.binance.com/fapi/v1/klines?symbol=FIOUSDT&interval=1d&limit=2 "HTTP/1.1 200 OK"
2026-03-19 08:35:53: 2026-03-19 08:35:53,720 - httpx - INFO - HTTP Request: GET https://fapi.binance.com/fapi/v1/klines?symbol=COSUSDT&interval=1d&limit=2 "HTTP/1.1 200 OK"
2026-03-19 08:35:53: 2026-03-19 08:35:53,720 - httpx - INFO - HTTP Request: GET https://fapi.binance.com/fapi/v1/klines?symbol=CATIUSDT&interval=1d&limit=2 "HTTP/1.1 200 OK"
2026-03-19 08:35:53: 2026-03-19 08:35:53,723 - httpx - INFO - HTTP Request: GET https://fapi.binance.com/fapi/v1/klines?symbol=HMSTRUSDT&interval=1d&limit=2 "HTTP/1.1 200 OK"
2026-03-19 08:35:53: 2026-03-19 08:35:53,739 - httpx - INFO - HTTP Request: GET https://fapi.binance.com/fapi/v1/klines?symbol=EIGENUSDT&interval=1d&limit=2 "HTTP/1.1 200 OK"
2026-03-19 08:35:53: 2026-03-19 08:35:53,742 - httpx - INFO - HTTP Request: GET https://fapi.binance.com/fapi/v1/klines?symbol=DIAUSDT&interval=1d&limit=2 "HTTP/1.1 200 OK"
2026-03-19 08:35:53: 2026-03-19 08:35:53,743 - httpx - INFO - HTTP Request: GET https://fapi.binance.com/fapi/v1/klines?symbol=SCRUSDT&interval=1d&limit=2 "HTTP/1.1 200 OK"
2026-03-19 08:35:53: 2026-03-19 08:35:53,747 - httpx - INFO - HTTP Request: GET https://fapi.binance.com/fapi/v1/klines?symbol=COWUSDT&interval=1d&limit=2 "HTTP/1.1 200 OK"
2026-03-19 08:35:53: 2026-03-19 08:35:53,748 - httpx - INFO - HTTP Request: GET https://fapi.binance.com/fapi/v1/klines?symbol=SANTOSUSDT&interval=1d&limit=2 "HTTP/1.1 200 OK"
2026-03-19 08:35:53: 2026-03-19 08:35:53,749 - httpx - INFO - HTTP Request: GET https://fapi.binance.com/fapi/v1/klines?symbol=CETUSUSDT&interval=1d&limit=2 "HTTP/1.1 200 OK"
2026-03-19 08:35:53: 2026-03-19 08:35:53,750 - httpx - INFO - HTTP Request: GET https://fapi.binance.com/fapi/v1/klines?symbol=GOATUSDT&interval=1d&limit=2 "HTTP/1.1 200 OK"
2026-03-19 08:35:53: 2026-03-19 08:35:53,751 - httpx - INFO - HTTP Request: GET https://fapi.binance.com/fapi/v1/klines?symbol=MOODENGUSDT&interval=1d&limit=2 "HTTP/1.1 200 OK"
2026-03-19 08:35:53: 2026-03-19 08:35:53,751 - httpx - INFO - HTTP Request: GET https://fapi.binance.com/fapi/v1/klines?symbol=SAFEUSDT&interval=1d&limit=2 "HTTP/1.1 200 OK"
2026-03-19 08:35:53: 2026-03-19 08:35:53,753 - httpx - INFO - HTTP Request: GET https://fapi.binance.com/fapi/v1/klines?symbol=1000CATUSDT&interval=1d&limit=2 "HTTP/1.1 200 OK"
2026-03-19 08:35:53: 2026-03-19 08:35:53,780 - httpx - INFO - HTTP Request: GET https://fapi.binance.com/fapi/v1/klines?symbol=1000000MOGUSDT&interval=1d&limit=2 "HTTP/1.1 200 OK"
2026-03-19 08:35:53: 2026-03-19 08:35:53,787 - httpx - INFO - HTTP Request: GET https://fapi.binance.com/fapi/v1/klines?symbol=GRASSUSDT&interval=1d&limit=2 "HTTP/1.1 200 OK"
2026-03-19 08:35:53: 2026-03-19 08:35:53,794 - httpx - INFO - HTTP Request: GET https://fapi.binance.com/fapi/v1/klines?symbol=DRIFTUSDT&interval=1d&limit=2 "HTTP/1.1 200 OK"
2026-03-19 08:35:53: 2026-03-19 08:35:53,796 - httpx - INFO - HTTP Request: GET https://fapi.binance.com/fapi/v1/klines?symbol=ACTUSDT&interval=1d&limit=2 "HTTP/1.1 200 OK"
2026-03-19 08:35:53: 2026-03-19 08:35:53,798 - httpx - INFO - HTTP Request: GET https://fapi.binance.com/fapi/v1/klines?symbol=DEGENUSDT&interval=1d&limit=2 "HTTP/1.1 200 OK"
2026-03-19 08:35:53: 2026-03-19 08:35:53,798 - httpx - INFO - HTTP Request: GET https://fapi.binance.com/fapi/v1/klines?symbol=PNUTUSDT&interval=1d&limit=2 "HTTP/1.1 200 OK"
2026-03-19 08:35:53: 2026-03-19 08:35:53,812 - httpx - INFO - HTTP Request: GET https://fapi.binance.com/fapi/v1/klines?symbol=HIPPOUSDT&interval=1d&limit=2 "HTTP/1.1 200 OK"
2026-03-19 08:35:53: 2026-03-19 08:35:53,829 - httpx - INFO - HTTP Request: GET https://fapi.binance.com/fapi/v1/klines?symbol=BANUSDT&interval=1d&limit=2 "HTTP/1.1 200 OK"
2026-03-19 08:35:53: 2026-03-19 08:35:53,830 - httpx - INFO - HTTP Request: GET https://fapi.binance.com/fapi/v1/klines?symbol=SCRTUSDT&interval=1d&limit=2 "HTTP/1.1 200 OK"
2026-03-19 08:35:53: 2026-03-19 08:35:53,830 - httpx - INFO - HTTP Request: GET https://fapi.binance.com/fapi/v1/klines?symbol=AKTUSDT&interval=1d&limit=2 "HTTP/1.1 200 OK"
2026-03-19 08:35:53: 2026-03-19 08:35:53,849 - httpx - INFO - HTTP Request: GET https://fapi.binance.com/fapi/v1/klines?symbol=1000CHEEMSUSDT&interval=1d&limit=2 "HTTP/1.1 200 OK"
2026-03-19 08:35:53: 2026-03-19 08:35:53,854 - httpx - INFO - HTTP Request: GET https://fapi.binance.com/fapi/v1/klines?symbol=CHILLGUYUSDT&interval=1d&limit=2 "HTTP/1.1 200 OK"
2026-03-19 08:35:53: 2026-03-19 08:35:53,855 - httpx - INFO - HTTP Request: GET https://fapi.binance.com/fapi/v1/klines?symbol=THEUSDT&interval=1d&limit=2 "HTTP/1.1 200 OK"
2026-03-19 08:35:53: 2026-03-19 08:35:53,855 - httpx - INFO - HTTP Request: GET https://fapi.binance.com/fapi/v1/klines?symbol=KAIAUSDT&interval=1d&limit=2 "HTTP/1.1 200 OK"
2026-03-19 08:35:53: 2026-03-19 08:35:53,860 - httpx - INFO - HTTP Request: GET https://fapi.binance.com/fapi/v1/klines?symbol=MORPHOUSDT&interval=1d&limit=2 "HTTP/1.1 200 OK"
2026-03-19 08:35:53: 2026-03-19 08:35:53,865 - httpx - INFO - HTTP Request: GET https://fapi.binance.com/fapi/v1/klines?symbol=RAYSOLUSDT&interval=1d&limit=2 "HTTP/1.1 200 OK"
2026-03-19 08:35:53: 2026-03-19 08:35:53,866 - httpx - INFO - HTTP Request: GET https://fapi.binance.com/fapi/v1/klines?symbol=MOVEUSDT&interval=1d&limit=2 "HTTP/1.1 200 OK"
2026-03-19 08:35:53: 2026-03-19 08:35:53,866 - httpx - INFO - HTTP Request: GET https://fapi.binance.com/fapi/v1/klines?symbol=AEROUSDT&interval=1d&limit=2 "HTTP/1.1 200 OK"
2026-03-19 08:35:53: 2026-03-19 08:35:53,867 - httpx - INFO - HTTP Request: GET https://fapi.binance.com/fapi/v1/klines?symbol=ACXUSDT&interval=1d&limit=2 "HTTP/1.1 200 OK"
2026-03-19 08:35:53: 2026-03-19 08:35:53,867 - httpx - INFO - HTTP Request: GET https://fapi.binance.com/fapi/v1/klines?symbol=ORCAUSDT&interval=1d&limit=2 "HTTP/1.1 200 OK"
2026-03-19 08:35:53: 2026-03-19 08:35:53,884 - httpx - INFO - HTTP Request: GET https://fapi.binance.com/fapi/v1/klines?symbol=KOMAUSDT&interval=1d&limit=2 "HTTP/1.1 200 OK"
2026-03-19 08:35:53: 2026-03-19 08:35:53,893 - httpx - INFO - HTTP Request: GET https://fapi.binance.com/fapi/v1/klines?symbol=VIRTUALUSDT&interval=1d&limit=2 "HTTP/1.1 200 OK"
2026-03-19 08:35:53: 2026-03-19 08:35:53,898 - httpx - INFO - HTTP Request: GET https://fapi.binance.com/fapi/v1/klines?symbol=AVAUSDT&interval=1d&limit=2 "HTTP/1.1 200 OK"
2026-03-19 08:35:53: 2026-03-19 08:35:53,906 - httpx - INFO - HTTP Request: GET https://fapi.binance.com/fapi/v1/klines?symbol=MEUSDT&interval=1d&limit=2 "HTTP/1.1 200 OK"
2026-03-19 08:35:53: 2026-03-19 08:35:53,909 - httpx - INFO - HTTP Request: GET https://fapi.binance.com/fapi/v1/klines?symbol=SPXUSDT&interval=1d&limit=2 "HTTP/1.1 200 OK"
2026-03-19 08:35:53: 2026-03-19 08:35:53,912 - httpx - INFO - HTTP Request: GET https://fapi.binance.com/fapi/v1/klines?symbol=DEGOUSDT&interval=1d&limit=2 "HTTP/1.1 200 OK"
2026-03-19 08:35:53: 2026-03-19 08:35:53,926 - httpx - INFO - HTTP Request: GET https://fapi.binance.com/fapi/v1/klines?symbol=VELODROMEUSDT&interval=1d&limit=2 "HTTP/1.1 200 OK"
2026-03-19 08:35:53: 2026-03-19 08:35:53,951 - httpx - INFO - HTTP Request: GET https://fapi.binance.com/fapi/v1/klines?symbol=VANAUSDT&interval=1d&limit=2 "HTTP/1.1 200 OK"
2026-03-19 08:35:53: 2026-03-19 08:35:53,960 - httpx - INFO - HTTP Request: GET https://fapi.binance.com/fapi/v1/klines?symbol=MOCAUSDT&interval=1d&limit=2 "HTTP/1.1 200 OK"
2026-03-19 08:35:53: 2026-03-19 08:35:53,961 - httpx - INFO - HTTP Request: GET https://fapi.binance.com/fapi/v1/klines?symbol=PENGUUSDT&interval=1d&limit=2 "HTTP/1.1 200 OK"
2026-03-19 08:35:53: 2026-03-19 08:35:53,963 - httpx - INFO - HTTP Request: GET https://fapi.binance.com/fapi/v1/klines?symbol=LUMIAUSDT&interval=1d&limit=2 "HTTP/1.1 200 OK"
2026-03-19 08:35:53: 2026-03-19 08:35:53,969 - httpx - INFO - HTTP Request: GET https://fapi.binance.com/fapi/v1/klines?symbol=USUALUSDT&interval=1d&limit=2 "HTTP/1.1 200 OK"
2026-03-19 08:35:53: 2026-03-19 08:35:53,976 - httpx - INFO - HTTP Request: GET https://fapi.binance.com/fapi/v1/klines?symbol=AIXBTUSDT&interval=1d&limit=2 "HTTP/1.1 200 OK"
2026-03-19 08:35:53: 2026-03-19 08:35:53,980 - httpx - INFO - HTTP Request: GET https://fapi.binance.com/fapi/v1/klines?symbol=KMNOUSDT&interval=1d&limit=2 "HTTP/1.1 200 OK"
2026-03-19 08:35:53: 2026-03-19 08:35:53,981 - httpx - INFO - HTTP Request: GET https://fapi.binance.com/fapi/v1/klines?symbol=PHAUSDT&interval=1d&limit=2 "HTTP/1.1 200 OK"
2026-03-19 08:35:53: 2026-03-19 08:35:53,984 - httpx - INFO - HTTP Request: GET https://fapi.binance.com/fapi/v1/klines?symbol=CGPTUSDT&interval=1d&limit=2 "HTTP/1.1 200 OK"
2026-03-19 08:35:53: 2026-03-19 08:35:53,986 - httpx - INFO - HTTP Request: GET https://fapi.binance.com/fapi/v1/klines?symbol=FARTCOINUSDT&interval=1d&limit=2 "HTTP/1.1 200 OK"
2026-03-19 08:35:53: 2026-03-19 08:35:53,987 - httpx - INFO - HTTP Request: GET https://fapi.binance.com/fapi/v1/klines?symbol=DEXEUSDT&interval=1d&limit=2 "HTTP/1.1 200 OK"
2026-03-19 08:35:53: 2026-03-19 08:35:53,988 - httpx - INFO - HTTP Request: GET https://fapi.binance.com/fapi/v1/klines?symbol=GRIFFAINUSDT&interval=1d&limit=2 "HTTP/1.1 200 OK"
2026-03-19 08:35:53: 2026-03-19 08:35:53,989 - httpx - INFO - HTTP Request: GET https://fapi.binance.com/fapi/v1/klines?symbol=HIVEUSDT&interval=1d&limit=2 "HTTP/1.1 200 OK"
2026-03-19 08:35:53: 2026-03-19 08:35:53,993 - httpx - INFO - HTTP Request: GET https://fapi.binance.com/fapi/v1/klines?symbol=ZEREBROUSDT&interval=1d&limit=2 "HTTP/1.1 200 OK"
2026-03-19 08:35:53: 2026-03-19 08:35:53,998 - httpx - INFO - HTTP Request: GET https://fapi.binance.com/fapi/v1/klines?symbol=BIOUSDT&interval=1d&limit=2 "HTTP/1.1 200 OK"
2026-03-19 08:35:53: 2026-03-19 08:35:53,999 - httpx - INFO - HTTP Request: GET https://fapi.binance.com/fapi/v1/klines?symbol=COOKIEUSDT&interval=1d&limit=2 "HTTP/1.1 200 OK"
2026-03-19 08:35:54: 2026-03-19 08:35:54,016 - httpx - INFO - HTTP Request: GET https://fapi.binance.com/fapi/v1/klines?symbol=ALCHUSDT&interval=1d&limit=2 "HTTP/1.1 200 OK"
2026-03-19 08:35:54: 2026-03-19 08:35:54,017 - httpx - INFO - HTTP Request: GET https://fapi.binance.com/fapi/v1/klines?symbol=SWARMSUSDT&interval=1d&limit=2 "HTTP/1.1 200 OK"
2026-03-19 08:35:54: 2026-03-19 08:35:54,022 - httpx - INFO - HTTP Request: GET https://fapi.binance.com/fapi/v1/klines?symbol=SONICUSDT&interval=1d&limit=2 "HTTP/1.1 200 OK"
2026-03-19 08:35:54: 2026-03-19 08:35:54,055 - httpx - INFO - HTTP Request: GET https://fapi.binance.com/fapi/v1/klines?symbol=DUSDT&interval=1d&limit=2 "HTTP/1.1 200 OK"
2026-03-19 08:35:54: 2026-03-19 08:35:54,069 - httpx - INFO - HTTP Request: GET https://fapi.binance.com/fapi/v1/klines?symbol=PROMUSDT&interval=1d&limit=2 "HTTP/1.1 200 OK"
2026-03-19 08:35:54: 2026-03-19 08:35:54,088 - httpx - INFO - HTTP Request: GET https://fapi.binance.com/fapi/v1/klines?symbol=AVAAIUSDT&interval=1d&limit=2 "HTTP/1.1 200 OK"
2026-03-19 08:35:54: 2026-03-19 08:35:54,090 - httpx - INFO - HTTP Request: GET https://fapi.binance.com/fapi/v1/klines?symbol=SUSDT&interval=1d&limit=2 "HTTP/1.1 200 OK"
2026-03-19 08:35:54: 2026-03-19 08:35:54,093 - httpx - INFO - HTTP Request: GET https://fapi.binance.com/fapi/v1/klines?symbol=ARCUSDT&interval=1d&limit=2 "HTTP/1.1 200 OK"
2026-03-19 08:35:54: 2026-03-19 08:35:54,094 - httpx - INFO - HTTP Request: GET https://fapi.binance.com/fapi/v1/klines?symbol=SOLVUSDT&interval=1d&limit=2 "HTTP/1.1 200 OK"
2026-03-19 08:35:54: 2026-03-19 08:35:54,096 - httpx - INFO - HTTP Request: GET https://fapi.binance.com/fapi/v1/klines?symbol=TRUMPUSDT&interval=1d&limit=2 "HTTP/1.1 200 OK"
2026-03-19 08:35:54: 2026-03-19 08:35:54,104 - httpx - INFO - HTTP Request: GET https://fapi.binance.com/fapi/v1/klines?symbol=MELANIAUSDT&interval=1d&limit=2 "HTTP/1.1 200 OK"
2026-03-19 08:35:54: 2026-03-19 08:35:54,108 - httpx - INFO - HTTP Request: GET https://fapi.binance.com/fapi/v1/klines?symbol=TSTUSDT&interval=1d&limit=2 "HTTP/1.1 200 OK"
2026-03-19 08:35:54: 2026-03-19 08:35:54,109 - httpx - INFO - HTTP Request: GET https://fapi.binance.com/fapi/v1/klines?symbol=PIPPINUSDT&interval=1d&limit=2 "HTTP/1.1 200 OK"
2026-03-19 08:35:54: 2026-03-19 08:35:54,111 - httpx - INFO - HTTP Request: GET https://fapi.binance.com/fapi/v1/klines?symbol=VTHOUSDT&interval=1d&limit=2 "HTTP/1.1 200 OK"
2026-03-19 08:35:54: 2026-03-19 08:35:54,112 - httpx - INFO - HTTP Request: GET https://fapi.binance.com/fapi/v1/klines?symbol=ANIMEUSDT&interval=1d&limit=2 "HTTP/1.1 200 OK"
2026-03-19 08:35:54: 2026-03-19 08:35:54,114 - httpx - INFO - HTTP Request: GET https://fapi.binance.com/fapi/v1/klines?symbol=BERAUSDT&interval=1d&limit=2 "HTTP/1.1 200 OK"
2026-03-19 08:35:54: 2026-03-19 08:35:54,114 - httpx - INFO - HTTP Request: GET https://fapi.binance.com/fapi/v1/klines?symbol=LAYERUSDT&interval=1d&limit=2 "HTTP/1.1 200 OK"
2026-03-19 08:35:54: 2026-03-19 08:35:54,117 - httpx - INFO - HTTP Request: GET https://fapi.binance.com/fapi/v1/klines?symbol=VINEUSDT&interval=1d&limit=2 "HTTP/1.1 200 OK"
2026-03-19 08:35:54: 2026-03-19 08:35:54,117 - httpx - INFO - HTTP Request: GET https://fapi.binance.com/fapi/v1/klines?symbol=HEIUSDT&interval=1d&limit=2 "HTTP/1.1 200 OK"
2026-03-19 08:35:54: 2026-03-19 08:35:54,120 - httpx - INFO - HTTP Request: GET https://fapi.binance.com/fapi/v1/klines?symbol=VVVUSDT&interval=1d&limit=2 "HTTP/1.1 200 OK"
2026-03-19 08:35:54: 2026-03-19 08:35:54,124 - httpx - INFO - HTTP Request: GET https://fapi.binance.com/fapi/v1/klines?symbol=B3USDT&interval=1d&limit=2 "HTTP/1.1 200 OK"
2026-03-19 08:35:54: 2026-03-19 08:35:54,127 - httpx - INFO - HTTP Request: GET https://fapi.binance.com/fapi/v1/klines?symbol=IPUSDT&interval=1d&limit=2 "HTTP/1.1 200 OK"
2026-03-19 08:35:54: 2026-03-19 08:35:54,133 - httpx - INFO - HTTP Request: GET https://fapi.binance.com/fapi/v1/klines?symbol=GPSUSDT&interval=1d&limit=2 "HTTP/1.1 200 OK"
2026-03-19 08:35:54: 2026-03-19 08:35:54,169 - httpx - INFO - HTTP Request: GET https://fapi.binance.com/fapi/v1/klines?symbol=SHELLUSDT&interval=1d&limit=2 "HTTP/1.1 200 OK"
2026-03-19 08:35:54: 2026-03-19 08:35:54,174 - httpx - INFO - HTTP Request: GET https://fapi.binance.com/fapi/v1/klines?symbol=KAITOUSDT&interval=1d&limit=2 "HTTP/1.1 200 OK"
2026-03-19 08:35:54: 2026-03-19 08:35:54,205 - httpx - INFO - HTTP Request: GET https://fapi.binance.com/fapi/v1/klines?symbol=REDUSDT&interval=1d&limit=2 "HTTP/1.1 200 OK"
2026-03-19 08:35:54: 2026-03-19 08:35:54,209 - httpx - INFO - HTTP Request: GET https://fapi.binance.com/fapi/v1/klines?symbol=VICUSDT&interval=1d&limit=2 "HTTP/1.1 200 OK"
2026-03-19 08:35:54: 2026-03-19 08:35:54,214 - httpx - INFO - HTTP Request: GET https://fapi.binance.com/fapi/v1/klines?symbol=EPICUSDT&interval=1d&limit=2 "HTTP/1.1 200 OK"
2026-03-19 08:35:54: 2026-03-19 08:35:54,216 - httpx - INFO - HTTP Request: GET https://fapi.binance.com/fapi/v1/klines?symbol=TUTUSDT&interval=1d&limit=2 "HTTP/1.1 200 OK"
2026-03-19 08:35:54: 2026-03-19 08:35:54,219 - httpx - INFO - HTTP Request: GET https://fapi.binance.com/fapi/v1/klines?symbol=BMTUSDT&interval=1d&limit=2 "HTTP/1.1 200 OK"
2026-03-19 08:35:54: 2026-03-19 08:35:54,220 - httpx - INFO - HTTP Request: GET https://fapi.binance.com/fapi/v1/klines?symbol=MUBARAKUSDT&interval=1d&limit=2 "HTTP/1.1 200 OK"
2026-03-19 08:35:54: 2026-03-19 08:35:54,221 - httpx - INFO - HTTP Request: GET https://fapi.binance.com/fapi/v1/klines?symbol=FORMUSDT&interval=1d&limit=2 "HTTP/1.1 200 OK"
2026-03-19 08:35:54: 2026-03-19 08:35:54,222 - httpx - INFO - HTTP Request: GET https://fapi.binance.com/fapi/v1/klines?symbol=BROCCOLI714USDT&interval=1d&limit=2 "HTTP/1.1 200 OK"
2026-03-19 08:35:54: 2026-03-19 08:35:54,227 - httpx - INFO - HTTP Request: GET https://fapi.binance.com/fapi/v1/klines?symbol=BROCCOLIF3BUSDT&interval=1d&limit=2 "HTTP/1.1 200 OK"
2026-03-19 08:35:54: 2026-03-19 08:35:54,230 - httpx - INFO - HTTP Request: GET https://fapi.binance.com/fapi/v1/klines?symbol=PARTIUSDT&interval=1d&limit=2 "HTTP/1.1 200 OK"
2026-03-19 08:35:54: 2026-03-19 08:35:54,230 - httpx - INFO - HTTP Request: GET https://fapi.binance.com/fapi/v1/klines?symbol=PLUMEUSDT&interval=1d&limit=2 "HTTP/1.1 200 OK"
2026-03-19 08:35:54: 2026-03-19 08:35:54,231 - httpx - INFO - HTTP Request: GET https://fapi.binance.com/fapi/v1/klines?symbol=BRUSDT&interval=1d&limit=2 "HTTP/1.1 200 OK"
2026-03-19 08:35:54: 2026-03-19 08:35:54,231 - httpx - INFO - HTTP Request: GET https://fapi.binance.com/fapi/v1/klines?symbol=BANANAS31USDT&interval=1d&limit=2 "HTTP/1.1 200 OK"
2026-03-19 08:35:54: 2026-03-19 08:35:54,236 - httpx - INFO - HTTP Request: GET https://fapi.binance.com/fapi/v1/klines?symbol=SIRENUSDT&interval=1d&limit=2 "HTTP/1.1 200 OK"
2026-03-19 08:35:54: 2026-03-19 08:35:54,238 - httpx - INFO - HTTP Request: GET https://fapi.binance.com/fapi/v1/klines?symbol=NILUSDT&interval=1d&limit=2 "HTTP/1.1 200 OK"
2026-03-19 08:35:54: 2026-03-19 08:35:54,240 - httpx - INFO - HTTP Request: GET https://fapi.binance.com/fapi/v1/klines?symbol=JELLYJELLYUSDT&interval=1d&limit=2 "HTTP/1.1 200 OK"
2026-03-19 08:35:54: 2026-03-19 08:35:54,240 - httpx - INFO - HTTP Request: GET https://fapi.binance.com/fapi/v1/klines?symbol=MAVIAUSDT&interval=1d&limit=2 "HTTP/1.1 200 OK"
2026-03-19 08:35:54: 2026-03-19 08:35:54,259 - httpx - INFO - HTTP Request: GET https://fapi.binance.com/fapi/v1/klines?symbol=PAXGUSDT&interval=1d&limit=2 "HTTP/1.1 200 OK"
2026-03-19 08:35:54: 2026-03-19 08:35:54,278 - httpx - INFO - HTTP Request: GET https://fapi.binance.com/fapi/v1/klines?symbol=FUNUSDT&interval=1d&limit=2 "HTTP/1.1 200 OK"
2026-03-19 08:35:54: 2026-03-19 08:35:54,285 - httpx - INFO - HTTP Request: GET https://fapi.binance.com/fapi/v1/klines?symbol=WALUSDT&interval=1d&limit=2 "HTTP/1.1 200 OK"
2026-03-19 08:35:54: 2026-03-19 08:35:54,313 - httpx - INFO - HTTP Request: GET https://fapi.binance.com/fapi/v1/klines?symbol=MLNUSDT&interval=1d&limit=2 "HTTP/1.1 200 OK"
2026-03-19 08:35:54: 2026-03-19 08:35:54,326 - httpx - INFO - HTTP Request: GET https://fapi.binance.com/fapi/v1/klines?symbol=GUNUSDT&interval=1d&limit=2 "HTTP/1.1 200 OK"
2026-03-19 08:35:54: 2026-03-19 08:35:54,333 - httpx - INFO - HTTP Request: GET https://fapi.binance.com/fapi/v1/klines?symbol=BABYUSDT&interval=1d&limit=2 "HTTP/1.1 200 OK"
2026-03-19 08:35:54: 2026-03-19 08:35:54,336 - httpx - INFO - HTTP Request: GET https://fapi.binance.com/fapi/v1/klines?symbol=ATHUSDT&interval=1d&limit=2 "HTTP/1.1 200 OK"
2026-03-19 08:35:54: 2026-03-19 08:35:54,338 - httpx - INFO - HTTP Request: GET https://fapi.binance.com/fapi/v1/klines?symbol=KERNELUSDT&interval=1d&limit=2 "HTTP/1.1 200 OK"
2026-03-19 08:35:54: 2026-03-19 08:35:54,338 - httpx - INFO - HTTP Request: GET https://fapi.binance.com/fapi/v1/klines?symbol=FORTHUSDT&interval=1d&limit=2 "HTTP/1.1 200 OK"
2026-03-19 08:35:54: 2026-03-19 08:35:54,350 - httpx - INFO - HTTP Request: GET https://fapi.binance.com/fapi/v1/klines?symbol=FHEUSDT&interval=1d&limit=2 "HTTP/1.1 200 OK"
2026-03-19 08:35:54: 2026-03-19 08:35:54,353 - httpx - INFO - HTTP Request: GET https://fapi.binance.com/fapi/v1/klines?symbol=SIGNUSDT&interval=1d&limit=2 "HTTP/1.1 200 OK"
2026-03-19 08:35:54: 2026-03-19 08:35:54,356 - httpx - INFO - HTTP Request: GET https://fapi.binance.com/fapi/v1/klines?symbol=HYPERUSDT&interval=1d&limit=2 "HTTP/1.1 200 OK"
2026-03-19 08:35:54: 2026-03-19 08:35:54,357 - httpx - INFO - HTTP Request: GET https://fapi.binance.com/fapi/v1/klines?symbol=BANKUSDT&interval=1d&limit=2 "HTTP/1.1 200 OK"
2026-03-19 08:35:54: 2026-03-19 08:35:54,357 - httpx - INFO - HTTP Request: GET https://fapi.binance.com/fapi/v1/klines?symbol=DEEPUSDT&interval=1d&limit=2 "HTTP/1.1 200 OK"
2026-03-19 08:35:54: 2026-03-19 08:35:54,358 - httpx - INFO - HTTP Request: GET https://fapi.binance.com/fapi/v1/klines?symbol=WCTUSDT&interval=1d&limit=2 "HTTP/1.1 200 OK"
2026-03-19 08:35:54: 2026-03-19 08:35:54,359 - httpx - INFO - HTTP Request: GET https://fapi.binance.com/fapi/v1/klines?symbol=PROMPTUSDT&interval=1d&limit=2 "HTTP/1.1 200 OK"
2026-03-19 08:35:54: 2026-03-19 08:35:54,359 - httpx - INFO - HTTP Request: GET https://fapi.binance.com/fapi/v1/klines?symbol=JSTUSDT&interval=1d&limit=2 "HTTP/1.1 200 OK"
2026-03-19 08:35:54: 2026-03-19 08:35:54,360 - httpx - INFO - HTTP Request: GET https://fapi.binance.com/fapi/v1/klines?symbol=STOUSDT&interval=1d&limit=2 "HTTP/1.1 200 OK"
2026-03-19 08:35:54: 2026-03-19 08:35:54,365 - httpx - INFO - HTTP Request: GET https://fapi.binance.com/fapi/v1/klines?symbol=INITUSDT&interval=1d&limit=2 "HTTP/1.1 200 OK"
2026-03-19 08:35:54: 2026-03-19 08:35:54,365 - httpx - INFO - HTTP Request: GET https://fapi.binance.com/fapi/v1/klines?symbol=AERGOUSDT&interval=1d&limit=2 "HTTP/1.1 200 OK"
2026-03-19 08:35:54: 2026-03-19 08:35:54,372 - httpx - INFO - HTTP Request: GET https://fapi.binance.com/fapi/v1/klines?symbol=PUNDIXUSDT&interval=1d&limit=2 "HTTP/1.1 200 OK"
2026-03-19 08:35:54: 2026-03-19 08:35:54,380 - httpx - INFO - HTTP Request: GET https://fapi.binance.com/fapi/v1/klines?symbol=CTKUSDT&interval=1d&limit=2 "HTTP/1.1 200 OK"
2026-03-19 08:35:54: 2026-03-19 08:35:54,400 - httpx - INFO - HTTP Request: GET https://fapi.binance.com/fapi/v1/klines?symbol=AIOTUSDT&interval=1d&limit=2 "HTTP/1.1 200 OK"
2026-03-19 08:35:54: 2026-03-19 08:35:54,419 - httpx - INFO - HTTP Request: GET https://fapi.binance.com/fapi/v1/klines?symbol=DOLOUSDT&interval=1d&limit=2 "HTTP/1.1 200 OK"
2026-03-19 08:35:54: 2026-03-19 08:35:54,438 - httpx - INFO - HTTP Request: GET https://fapi.binance.com/fapi/v1/klines?symbol=HAEDALUSDT&interval=1d&limit=2 "HTTP/1.1 200 OK"
2026-03-19 08:35:54: 2026-03-19 08:35:54,438 - httpx - INFO - HTTP Request: GET https://fapi.binance.com/fapi/v1/klines?symbol=SXTUSDT&interval=1d&limit=2 "HTTP/1.1 200 OK"
2026-03-19 08:35:54: 2026-03-19 08:35:54,445 - httpx - INFO - HTTP Request: GET https://fapi.binance.com/fapi/v1/klines?symbol=ALPINEUSDT&interval=1d&limit=2 "HTTP/1.1 200 OK"
2026-03-19 08:35:54: 2026-03-19 08:35:54,447 - httpx - INFO - HTTP Request: GET https://fapi.binance.com/fapi/v1/klines?symbol=ASRUSDT&interval=1d&limit=2 "HTTP/1.1 200 OK"
2026-03-19 08:35:54: 2026-03-19 08:35:54,448 - httpx - INFO - HTTP Request: GET https://fapi.binance.com/fapi/v1/klines?symbol=B2USDT&interval=1d&limit=2 "HTTP/1.1 200 OK"
2026-03-19 08:35:54: 2026-03-19 08:35:54,459 - httpx - INFO - HTTP Request: GET https://fapi.binance.com/fapi/v1/klines?symbol=DOODUSDT&interval=1d&limit=2 "HTTP/1.1 200 OK"
2026-03-19 08:35:54: 2026-03-19 08:35:54,462 - httpx - INFO - HTTP Request: GET https://fapi.binance.com/fapi/v1/klines?symbol=SYRUPUSDT&interval=1d&limit=2 "HTTP/1.1 200 OK"
2026-03-19 08:35:54: 2026-03-19 08:35:54,477 - httpx - INFO - HTTP Request: GET https://fapi.binance.com/fapi/v1/klines?symbol=AGTUSDT&interval=1d&limit=2 "HTTP/1.1 200 OK"
2026-03-19 08:35:54: 2026-03-19 08:35:54,478 - httpx - INFO - HTTP Request: GET https://fapi.binance.com/fapi/v1/klines?symbol=OGUSDT&interval=1d&limit=2 "HTTP/1.1 200 OK"
2026-03-19 08:35:54: 2026-03-19 08:35:54,482 - httpx - INFO - HTTP Request: GET https://fapi.binance.com/fapi/v1/klines?symbol=NXPCUSDT&interval=1d&limit=2 "HTTP/1.1 200 OK"
2026-03-19 08:35:54: 2026-03-19 08:35:54,484 - httpx - INFO - HTTP Request: GET https://fapi.binance.com/fapi/v1/klines?symbol=HUMAUSDT&interval=1d&limit=2 "HTTP/1.1 200 OK"
2026-03-19 08:35:54: 2026-03-19 08:35:54,486 - httpx - INFO - HTTP Request: GET https://fapi.binance.com/fapi/v1/klines?symbol=ZKJUSDT&interval=1d&limit=2 "HTTP/1.1 200 OK"
2026-03-19 08:35:54: 2026-03-19 08:35:54,489 - httpx - INFO - HTTP Request: GET https://fapi.binance.com/fapi/v1/klines?symbol=AWEUSDT&interval=1d&limit=2 "HTTP/1.1 200 OK"
2026-03-19 08:35:54: 2026-03-19 08:35:54,490 - httpx - INFO - HTTP Request: GET https://fapi.binance.com/fapi/v1/klines?symbol=SKYAIUSDT&interval=1d&limit=2 "HTTP/1.1 200 OK"
2026-03-19 08:35:54: 2026-03-19 08:35:54,491 - httpx - INFO - HTTP Request: GET https://fapi.binance.com/fapi/v1/klines?symbol=SOONUSDT&interval=1d&limit=2 "HTTP/1.1 200 OK"
2026-03-19 08:35:54: 2026-03-19 08:35:54,491 - httpx - INFO - HTTP Request: GET https://fapi.binance.com/fapi/v1/klines?symbol=BUSDT&interval=1d&limit=2 "HTTP/1.1 200 OK"
2026-03-19 08:35:54: 2026-03-19 08:35:54,494 - httpx - INFO - HTTP Request: GET https://fapi.binance.com/fapi/v1/klines?symbol=CVCUSDT&interval=1d&limit=2 "HTTP/1.1 200 OK"
2026-03-19 08:35:54: 2026-03-19 08:35:54,495 - httpx - INFO - HTTP Request: GET https://fapi.binance.com/fapi/v1/klines?symbol=AUSDT&interval=1d&limit=2 "HTTP/1.1 200 OK"
2026-03-19 08:35:54: 2026-03-19 08:35:54,515 - httpx - INFO - HTTP Request: GET https://fapi.binance.com/fapi/v1/klines?symbol=SOPHUSDT&interval=1d&limit=2 "HTTP/1.1 200 OK"
2026-03-19 08:35:54: 2026-03-19 08:35:54,537 - httpx - INFO - HTTP Request: GET https://fapi.binance.com/fapi/v1/klines?symbol=MERLUSDT&interval=1d&limit=2 "HTTP/1.1 200 OK"
2026-03-19 08:35:54: 2026-03-19 08:35:54,543 - httpx - INFO - HTTP Request: GET https://fapi.binance.com/fapi/v1/klines?symbol=HYPEUSDT&interval=1d&limit=2 "HTTP/1.1 200 OK"
2026-03-19 08:35:54: 2026-03-19 08:35:54,544 - httpx - INFO - HTTP Request: GET https://fapi.binance.com/fapi/v1/klines?symbol=PUFFERUSDT&interval=1d&limit=2 "HTTP/1.1 200 OK"
2026-03-19 08:35:54: 2026-03-19 08:35:54,551 - httpx - INFO - HTTP Request: GET https://fapi.binance.com/fapi/v1/klines?symbol=1000000BOBUSDT&interval=1d&limit=2 "HTTP/1.1 200 OK"
2026-03-19 08:35:54: 2026-03-19 08:35:54,567 - httpx - INFO - HTTP Request: GET https://fapi.binance.com/fapi/v1/klines?symbol=LAUSDT&interval=1d&limit=2 "HTTP/1.1 200 OK"
2026-03-19 08:35:54: 2026-03-19 08:35:54,569 - httpx - INFO - HTTP Request: GET https://fapi.binance.com/fapi/v1/klines?symbol=HOMEUSDT&interval=1d&limit=2 "HTTP/1.1 200 OK"
2026-03-19 08:35:54: 2026-03-19 08:35:54,573 - httpx - INFO - HTTP Request: GET https://fapi.binance.com/fapi/v1/klines?symbol=RESOLVUSDT&interval=1d&limit=2 "HTTP/1.1 200 OK"
2026-03-19 08:35:54: 2026-03-19 08:35:54,577 - httpx - INFO - HTTP Request: GET https://fapi.binance.com/fapi/v1/klines?symbol=TAIKOUSDT&interval=1d&limit=2 "HTTP/1.1 200 OK"
2026-03-19 08:35:54: 2026-03-19 08:35:54,588 - httpx - INFO - HTTP Request: GET https://fapi.binance.com/fapi/v1/klines?symbol=PUMPBTCUSDT&interval=1d&limit=2 "HTTP/1.1 200 OK"
2026-03-19 08:35:54: 2026-03-19 08:35:54,589 - httpx - INFO - HTTP Request: GET https://fapi.binance.com/fapi/v1/klines?symbol=SQDUSDT&interval=1d&limit=2 "HTTP/1.1 200 OK"
2026-03-19 08:35:54: 2026-03-19 08:35:54,594 - httpx - INFO - HTTP Request: GET https://fapi.binance.com/fapi/v1/klines?symbol=SPKUSDT&interval=1d&limit=2 "HTTP/1.1 200 OK"
2026-03-19 08:35:54: 2026-03-19 08:35:54,595 - httpx - INFO - HTTP Request: GET https://fapi.binance.com/fapi/v1/klines?symbol=MYXUSDT&interval=1d&limit=2 "HTTP/1.1 200 OK"
2026-03-19 08:35:54: 2026-03-19 08:35:54,605 - httpx - INFO - HTTP Request: GET https://fapi.binance.com/fapi/v1/klines?symbol=BULLAUSDT&interval=1d&limit=2 "HTTP/1.1 200 OK"
2026-03-19 08:35:54: 2026-03-19 08:35:54,606 - httpx - INFO - HTTP Request: GET https://fapi.binance.com/fapi/v1/klines?symbol=FUSDT&interval=1d&limit=2 "HTTP/1.1 200 OK"
2026-03-19 08:35:54: 2026-03-19 08:35:54,610 - httpx - INFO - HTTP Request: GET https://fapi.binance.com/fapi/v1/klines?symbol=ICNTUSDT&interval=1d&limit=2 "HTTP/1.1 200 OK"
2026-03-19 08:35:54: 2026-03-19 08:35:54,611 - httpx - INFO - HTTP Request: GET https://fapi.binance.com/fapi/v1/klines?symbol=NEWTUSDT&interval=1d&limit=2 "HTTP/1.1 200 OK"
2026-03-19 08:35:54: 2026-03-19 08:35:54,613 - httpx - INFO - HTTP Request: GET https://fapi.binance.com/fapi/v1/klines?symbol=OLUSDT&interval=1d&limit=2 "HTTP/1.1 200 OK"
2026-03-19 08:35:54: 2026-03-19 08:35:54,613 - httpx - INFO - HTTP Request: GET https://fapi.binance.com/fapi/v1/klines?symbol=HUSDT&interval=1d&limit=2 "HTTP/1.1 200 OK"
2026-03-19 08:35:54: 2026-03-19 08:35:54,614 - httpx - INFO - HTTP Request: GET https://fapi.binance.com/fapi/v1/klines?symbol=SAHARAUSDT&interval=1d&limit=2 "HTTP/1.1 200 OK"
2026-03-19 08:35:54: 2026-03-19 08:35:54,628 - httpx - INFO - HTTP Request: GET https://fapi.binance.com/fapi/v1/klines?symbol=IDOLUSDT&interval=1d&limit=2 "HTTP/1.1 200 OK"
2026-03-19 08:35:54: 2026-03-19 08:35:54,642 - httpx - INFO - HTTP Request: GET https://fapi.binance.com/fapi/v1/klines?symbol=MUSDT&interval=1d&limit=2 "HTTP/1.1 200 OK"
2026-03-19 08:35:54: 2026-03-19 08:35:54,649 - httpx - INFO - HTTP Request: GET https://fapi.binance.com/fapi/v1/klines?symbol=CROSSUSDT&interval=1d&limit=2 "HTTP/1.1 200 OK"
2026-03-19 08:35:54: 2026-03-19 08:35:54,649 - httpx - INFO - HTTP Request: GET https://fapi.binance.com/fapi/v1/klines?symbol=PUMPUSDT&interval=1d&limit=2 "HTTP/1.1 200 OK"
2026-03-19 08:35:54: 2026-03-19 08:35:54,672 - httpx - INFO - HTTP Request: GET https://fapi.binance.com/fapi/v1/klines?symbol=AINUSDT&interval=1d&limit=2 "HTTP/1.1 200 OK"
2026-03-19 08:35:54: 2026-03-19 08:35:54,676 - httpx - INFO - HTTP Request: GET https://fapi.binance.com/fapi/v1/klines?symbol=TACUSDT&interval=1d&limit=2 "HTTP/1.1 200 OK"
2026-03-19 08:35:54: 2026-03-19 08:35:54,676 - httpx - INFO - HTTP Request: GET https://fapi.binance.com/fapi/v1/klines?symbol=CUSDT&interval=1d&limit=2 "HTTP/1.1 200 OK"
2026-03-19 08:35:54: 2026-03-19 08:35:54,678 - httpx - INFO - HTTP Request: GET https://fapi.binance.com/fapi/v1/klines?symbol=VELVETUSDT&interval=1d&limit=2 "HTTP/1.1 200 OK"
2026-03-19 08:35:54: 2026-03-19 08:35:54,686 - httpx - INFO - HTTP Request: GET https://fapi.binance.com/fapi/v1/klines?symbol=ERAUSDT&interval=1d&limit=2 "HTTP/1.1 200 OK"
2026-03-19 08:35:54: 2026-03-19 08:35:54,699 - httpx - INFO - HTTP Request: GET https://fapi.binance.com/fapi/v1/klines?symbol=ZORAUSDT&interval=1d&limit=2 "HTTP/1.1 200 OK"
2026-03-19 08:35:54: 2026-03-19 08:35:54,701 - httpx - INFO - HTTP Request: GET https://fapi.binance.com/fapi/v1/klines?symbol=CVXUSDT&interval=1d&limit=2 "HTTP/1.1 200 OK"
2026-03-19 08:35:54: 2026-03-19 08:35:54,701 - httpx - INFO - HTTP Request: GET https://fapi.binance.com/fapi/v1/klines?symbol=TAUSDT&interval=1d&limit=2 "HTTP/1.1 200 OK"
2026-03-19 08:35:54: 2026-03-19 08:35:54,704 - httpx - INFO - HTTP Request: GET https://fapi.binance.com/fapi/v1/klines?symbol=SLPUSDT&interval=1d&limit=2 "HTTP/1.1 200 OK"
2026-03-19 08:35:54: 2026-03-19 08:35:54,720 - httpx - INFO - HTTP Request: GET https://fapi.binance.com/fapi/v1/klines?symbol=TAGUSDT&interval=1d&limit=2 "HTTP/1.1 200 OK"
2026-03-19 08:35:54: 2026-03-19 08:35:54,723 - httpx - INFO - HTTP Request: GET https://fapi.binance.com/fapi/v1/klines?symbol=TREEUSDT&interval=1d&limit=2 "HTTP/1.1 200 OK"
2026-03-19 08:35:54: 2026-03-19 08:35:54,725 - httpx - INFO - HTTP Request: GET https://fapi.binance.com/fapi/v1/klines?symbol=ESPORTSUSDT&interval=1d&limit=2 "HTTP/1.1 200 OK"
2026-03-19 08:35:54: 2026-03-19 08:35:54,725 - httpx - INFO - HTTP Request: GET https://fapi.binance.com/fapi/v1/klines?symbol=A2ZUSDT&interval=1d&limit=2 "HTTP/1.1 200 OK"
2026-03-19 08:35:54: 2026-03-19 08:35:54,727 - httpx - INFO - HTTP Request: GET https://fapi.binance.com/fapi/v1/klines?symbol=PLAYUSDT&interval=1d&limit=2 "HTTP/1.1 200 OK"
2026-03-19 08:35:54: 2026-03-19 08:35:54,727 - httpx - INFO - HTTP Request: GET https://fapi.binance.com/fapi/v1/klines?symbol=NAORISUSDT&interval=1d&limit=2 "HTTP/1.1 200 OK"
2026-03-19 08:35:54: 2026-03-19 08:35:54,730 - httpx - INFO - HTTP Request: GET https://fapi.binance.com/fapi/v1/klines?symbol=TOWNSUSDT&interval=1d&limit=2 "HTTP/1.1 200 OK"
2026-03-19 08:35:54: 2026-03-19 08:35:54,741 - httpx - INFO - HTTP Request: GET https://fapi.binance.com/fapi/v1/klines?symbol=PROVEUSDT&interval=1d&limit=2 "HTTP/1.1 200 OK"
2026-03-19 08:35:54: 2026-03-19 08:35:54,746 - httpx - INFO - HTTP Request: GET https://fapi.binance.com/fapi/v1/klines?symbol=ALLUSDT&interval=1d&limit=2 "HTTP/1.1 200 OK"
2026-03-19 08:35:54: 2026-03-19 08:35:54,752 - httpx - INFO - HTTP Request: GET https://fapi.binance.com/fapi/v1/klines?symbol=CARVUSDT&interval=1d&limit=2 "HTTP/1.1 200 OK"
2026-03-19 08:35:54: 2026-03-19 08:35:54,753 - httpx - INFO - HTTP Request: GET https://fapi.binance.com/fapi/v1/klines?symbol=INUSDT&interval=1d&limit=2 "HTTP/1.1 200 OK"
2026-03-19 08:35:54: 2026-03-19 08:35:54,777 - httpx - INFO - HTTP Request: GET https://fapi.binance.com/fapi/v1/klines?symbol=AIOUSDT&interval=1d&limit=2 "HTTP/1.1 200 OK"
2026-03-19 08:35:54: 2026-03-19 08:35:54,779 - httpx - INFO - HTTP Request: GET https://fapi.binance.com/fapi/v1/klines?symbol=USELESSUSDT&interval=1d&limit=2 "HTTP/1.1 200 OK"
2026-03-19 08:35:54: 2026-03-19 08:35:54,784 - httpx - INFO - HTTP Request: GET https://fapi.binance.com/fapi/v1/klines?symbol=DAMUSDT&interval=1d&limit=2 "HTTP/1.1 200 OK"
2026-03-19 08:35:54: 2026-03-19 08:35:54,787 - httpx - INFO - HTTP Request: GET https://fapi.binance.com/fapi/v1/klines?symbol=XNYUSDT&interval=1d&limit=2 "HTTP/1.1 200 OK"
2026-03-19 08:35:54: 2026-03-19 08:35:54,794 - httpx - INFO - HTTP Request: GET https://fapi.binance.com/fapi/v1/klines?symbol=SAPIENUSDT&interval=1d&limit=2 "HTTP/1.1 200 OK"
2026-03-19 08:35:54: 2026-03-19 08:35:54,806 - httpx - INFO - HTTP Request: GET https://fapi.binance.com/fapi/v1/klines?symbol=XPLUSDT&interval=1d&limit=2 "HTTP/1.1 200 OK"
2026-03-19 08:35:54: 2026-03-19 08:35:54,813 - httpx - INFO - HTTP Request: GET https://fapi.binance.com/fapi/v1/klines?symbol=WLFIUSDT&interval=1d&limit=2 "HTTP/1.1 200 OK"
2026-03-19 08:35:54: 2026-03-19 08:35:54,815 - httpx - INFO - HTTP Request: GET https://fapi.binance.com/fapi/v1/klines?symbol=SOMIUSDT&interval=1d&limit=2 "HTTP/1.1 200 OK"
2026-03-19 08:35:54: 2026-03-19 08:35:54,818 - httpx - INFO - HTTP Request: GET https://fapi.binance.com/fapi/v1/klines?symbol=BASUSDT&interval=1d&limit=2 "HTTP/1.1 200 OK"
2026-03-19 08:35:54: 2026-03-19 08:35:54,831 - httpx - INFO - HTTP Request: GET https://fapi.binance.com/fapi/v1/klines?symbol=MITOUSDT&interval=1d&limit=2 "HTTP/1.1 200 OK"
2026-03-19 08:35:54: 2026-03-19 08:35:54,834 - httpx - INFO - HTTP Request: GET https://fapi.binance.com/fapi/v1/klines?symbol=BTRUSDT&interval=1d&limit=2 "HTTP/1.1 200 OK"
2026-03-19 08:35:54: 2026-03-19 08:35:54,839 - httpx - INFO - HTTP Request: GET https://fapi.binance.com/fapi/v1/klines?symbol=HEMIUSDT&interval=1d&limit=2 "HTTP/1.1 200 OK"
2026-03-19 08:35:54: 2026-03-19 08:35:54,844 - httpx - INFO - HTTP Request: GET https://fapi.binance.com/fapi/v1/klines?symbol=ARIAUSDT&interval=1d&limit=2 "HTTP/1.1 200 OK"
2026-03-19 08:35:54: 2026-03-19 08:35:54,845 - httpx - INFO - HTTP Request: GET https://fapi.binance.com/fapi/v1/klines?symbol=LINEAUSDT&interval=1d&limit=2 "HTTP/1.1 200 OK"
2026-03-19 08:35:54: 2026-03-19 08:35:54,846 - httpx - INFO - HTTP Request: GET https://fapi.binance.com/fapi/v1/klines?symbol=QUSDT&interval=1d&limit=2 "HTTP/1.1 200 OK"
2026-03-19 08:35:54: 2026-03-19 08:35:54,850 - httpx - INFO - HTTP Request: GET https://fapi.binance.com/fapi/v1/klines?symbol=TAKEUSDT&interval=1d&limit=2 "HTTP/1.1 200 OK"
2026-03-19 08:35:54: 2026-03-19 08:35:54,854 - httpx - INFO - HTTP Request: GET https://fapi.binance.com/fapi/v1/klines?symbol=OPENUSDT&interval=1d&limit=2 "HTTP/1.1 200 OK"
2026-03-19 08:35:54: 2026-03-19 08:35:54,856 - httpx - INFO - HTTP Request: GET https://fapi.binance.com/fapi/v1/klines?symbol=PTBUSDT&interval=1d&limit=2 "HTTP/1.1 200 OK"
2026-03-19 08:35:54: 2026-03-19 08:35:54,866 - httpx - INFO - HTTP Request: GET https://fapi.binance.com/fapi/v1/klines?symbol=FLOCKUSDT&interval=1d&limit=2 "HTTP/1.1 200 OK"
2026-03-19 08:35:54: 2026-03-19 08:35:54,870 - httpx - INFO - HTTP Request: GET https://fapi.binance.com/fapi/v1/klines?symbol=SKYUSDT&interval=1d&limit=2 "HTTP/1.1 200 OK"
2026-03-19 08:35:54: 2026-03-19 08:35:54,880 - httpx - INFO - HTTP Request: GET https://fapi.binance.com/fapi/v1/klines?symbol=HOLOUSDT&interval=1d&limit=2 "HTTP/1.1 200 OK"
2026-03-19 08:35:54: 2026-03-19 08:35:54,882 - httpx - INFO - HTTP Request: GET https://fapi.binance.com/fapi/v1/klines?symbol=AVNTUSDT&interval=1d&limit=2 "HTTP/1.1 200 OK"
2026-03-19 08:35:54: 2026-03-19 08:35:54,906 - httpx - INFO - HTTP Request: GET https://fapi.binance.com/fapi/v1/klines?symbol=ZKCUSDT&interval=1d&limit=2 "HTTP/1.1 200 OK"
2026-03-19 08:35:54: 2026-03-19 08:35:54,909 - httpx - INFO - HTTP Request: GET https://fapi.binance.com/fapi/v1/klines?symbol=UBUSDT&interval=1d&limit=2 "HTTP/1.1 200 OK"
2026-03-19 08:35:54: 2026-03-19 08:35:54,912 - httpx - INFO - HTTP Request: GET https://fapi.binance.com/fapi/v1/klines?symbol=TOSHIUSDT&interval=1d&limit=2 "HTTP/1.1 200 OK"
2026-03-19 08:35:54: 2026-03-19 08:35:54,913 - httpx - INFO - HTTP Request: GET https://fapi.binance.com/fapi/v1/klines?symbol=XPINUSDT&interval=1d&limit=2 "HTTP/1.1 200 OK"
2026-03-19 08:35:54: 2026-03-19 08:35:54,928 - httpx - INFO - HTTP Request: GET https://fapi.binance.com/fapi/v1/klines?symbol=STBLUSDT&interval=1d&limit=2 "HTTP/1.1 200 OK"
2026-03-19 08:35:54: 2026-03-19 08:35:54,929 - httpx - INFO - HTTP Request: GET https://fapi.binance.com/fapi/v1/klines?symbol=0GUSDT&interval=1d&limit=2 "HTTP/1.1 200 OK"
2026-03-19 08:35:54: 2026-03-19 08:35:54,931 - httpx - INFO - HTTP Request: GET https://fapi.binance.com/fapi/v1/klines?symbol=BARDUSDT&interval=1d&limit=2 "HTTP/1.1 200 OK"
2026-03-19 08:35:54: 2026-03-19 08:35:54,941 - httpx - INFO - HTTP Request: GET https://fapi.binance.com/fapi/v1/klines?symbol=ASTERUSDT&interval=1d&limit=2 "HTTP/1.1 200 OK"
2026-03-19 08:35:54: 2026-03-19 08:35:54,949 - httpx - INFO - HTTP Request: GET https://fapi.binance.com/fapi/v1/klines?symbol=TRADOORUSDT&interval=1d&limit=2 "HTTP/1.1 200 OK"
2026-03-19 08:35:54: 2026-03-19 08:35:54,957 - httpx - INFO - HTTP Request: GET https://fapi.binance.com/fapi/v1/klines?symbol=BLESSUSDT&interval=1d&limit=2 "HTTP/1.1 200 OK"
2026-03-19 08:35:54: 2026-03-19 08:35:54,963 - httpx - INFO - HTTP Request: GET https://fapi.binance.com/fapi/v1/klines?symbol=AKEUSDT&interval=1d&limit=2 "HTTP/1.1 200 OK"
2026-03-19 08:35:54: 2026-03-19 08:35:54,964 - httpx - INFO - HTTP Request: GET https://fapi.binance.com/fapi/v1/klines?symbol=FLUIDUSDT&interval=1d&limit=2 "HTTP/1.1 200 OK"
2026-03-19 08:35:54: 2026-03-19 08:35:54,972 - httpx - INFO - HTTP Request: GET https://fapi.binance.com/fapi/v1/klines?symbol=HANAUSDT&interval=1d&limit=2 "HTTP/1.1 200 OK"
2026-03-19 08:35:54: 2026-03-19 08:35:54,973 - httpx - INFO - HTTP Request: GET https://fapi.binance.com/fapi/v1/klines?symbol=COAIUSDT&interval=1d&limit=2 "HTTP/1.1 200 OK"
2026-03-19 08:35:54: 2026-03-19 08:35:54,976 - httpx - INFO - HTTP Request: GET https://fapi.binance.com/fapi/v1/klines?symbol=LIGHTUSDT&interval=1d&limit=2 "HTTP/1.1 200 OK"
2026-03-19 08:35:54: 2026-03-19 08:35:54,977 - httpx - INFO - HTTP Request: GET https://fapi.binance.com/fapi/v1/klines?symbol=MIRAUSDT&interval=1d&limit=2 "HTTP/1.1 200 OK"
2026-03-19 08:35:54: 2026-03-19 08:35:54,981 - httpx - INFO - HTTP Request: GET https://fapi.binance.com/fapi/v1/klines?symbol=XANUSDT&interval=1d&limit=2 "HTTP/1.1 200 OK"
2026-03-19 08:35:54: 2026-03-19 08:35:54,982 - httpx - INFO - HTTP Request: GET https://fapi.binance.com/fapi/v1/klines?symbol=ORDERUSDT&interval=1d&limit=2 "HTTP/1.1 200 OK"
2026-03-19 08:35:54: 2026-03-19 08:35:54,984 - httpx - INFO - HTTP Request: GET https://fapi.binance.com/fapi/v1/klines?symbol=FFUSDT&interval=1d&limit=2 "HTTP/1.1 200 OK"
2026-03-19 08:35:54: 2026-03-19 08:35:54,987 - httpx - INFO - HTTP Request: GET https://fapi.binance.com/fapi/v1/klines?symbol=EDENUSDT&interval=1d&limit=2 "HTTP/1.1 200 OK"
2026-03-19 08:35:55: 2026-03-19 08:35:55,020 - httpx - INFO - HTTP Request: GET https://fapi.binance.com/fapi/v1/klines?symbol=EVAAUSDT&interval=1d&limit=2 "HTTP/1.1 200 OK"
2026-03-19 08:35:55: 2026-03-19 08:35:55,022 - httpx - INFO - HTTP Request: GET https://fapi.binance.com/fapi/v1/klines?symbol=NOMUSDT&interval=1d&limit=2 "HTTP/1.1 200 OK"
2026-03-19 08:35:55: 2026-03-19 08:35:55,025 - httpx - INFO - HTTP Request: GET https://fapi.binance.com/fapi/v1/klines?symbol=TRUTHUSDT&interval=1d&limit=2 "HTTP/1.1 200 OK"
2026-03-19 08:35:55: 2026-03-19 08:35:55,026 - httpx - INFO - HTTP Request: GET https://fapi.binance.com/fapi/v1/klines?symbol=2ZUSDT&interval=1d&limit=2 "HTTP/1.1 200 OK"
2026-03-19 08:35:55: 2026-03-19 08:35:55,043 - httpx - INFO - HTTP Request: GET https://fapi.binance.com/fapi/v1/klines?symbol=LYNUSDT&interval=1d&limit=2 "HTTP/1.1 200 OK"
2026-03-19 08:35:55: 2026-03-19 08:35:55,045 - httpx - INFO - HTTP Request: GET https://fapi.binance.com/fapi/v1/klines?symbol=KGENUSDT&interval=1d&limit=2 "HTTP/1.1 200 OK"
2026-03-19 08:35:55: 2026-03-19 08:35:55,047 - httpx - INFO - HTTP Request: GET https://fapi.binance.com/fapi/v1/klines?symbol=4USDT&interval=1d&limit=2 "HTTP/1.1 200 OK"
2026-03-19 08:35:55: 2026-03-19 08:35:55,049 - httpx - INFO - HTTP Request: GET https://fapi.binance.com/fapi/v1/klines?symbol=GIGGLEUSDT&interval=1d&limit=2 "HTTP/1.1 200 OK"
2026-03-19 08:35:55: 2026-03-19 08:35:55,052 - httpx - INFO - HTTP Request: GET https://fapi.binance.com/fapi/v1/klines?symbol=MONUSDT&interval=1d&limit=2 "HTTP/1.1 200 OK"
2026-03-19 08:35:55: 2026-03-19 08:35:55,064 - httpx - INFO - HTTP Request: GET https://fapi.binance.com/fapi/v1/klines?symbol=YBUSDT&interval=1d&limit=2 "HTTP/1.1 200 OK"
2026-03-19 08:35:55: 2026-03-19 08:35:55,083 - httpx - INFO - HTTP Request: GET https://fapi.binance.com/fapi/v1/klines?symbol=EULUSDT&interval=1d&limit=2 "HTTP/1.1 200 OK"
2026-03-19 08:35:55: 2026-03-19 08:35:55,088 - httpx - INFO - HTTP Request: GET https://fapi.binance.com/fapi/v1/klines?symbol=METUSDT&interval=1d&limit=2 "HTTP/1.1 200 OK"
2026-03-19 08:35:55: 2026-03-19 08:35:55,090 - httpx - INFO - HTTP Request: GET https://fapi.binance.com/fapi/v1/klines?symbol=ZBTUSDT&interval=1d&limit=2 "HTTP/1.1 200 OK"
2026-03-19 08:35:55: 2026-03-19 08:35:55,093 - httpx - INFO - HTTP Request: GET https://fapi.binance.com/fapi/v1/klines?symbol=RECALLUSDT&interval=1d&limit=2 "HTTP/1.1 200 OK"
2026-03-19 08:35:55: 2026-03-19 08:35:55,094 - httpx - INFO - HTTP Request: GET https://fapi.binance.com/fapi/v1/klines?symbol=RIVERUSDT&interval=1d&limit=2 "HTTP/1.1 200 OK"
2026-03-19 08:35:55: 2026-03-19 08:35:55,094 - httpx - INFO - HTTP Request: GET https://fapi.binance.com/fapi/v1/klines?symbol=CLOUSDT&interval=1d&limit=2 "HTTP/1.1 200 OK"
2026-03-19 08:35:55: 2026-03-19 08:35:55,097 - httpx - INFO - HTTP Request: GET https://fapi.binance.com/fapi/v1/klines?symbol=BLUAIUSDT&interval=1d&limit=2 "HTTP/1.1 200 OK"
2026-03-19 08:35:55: 2026-03-19 08:35:55,100 - httpx - INFO - HTTP Request: GET https://fapi.binance.com/fapi/v1/klines?symbol=ENSOUSDT&interval=1d&limit=2 "HTTP/1.1 200 OK"
2026-03-19 08:35:55: 2026-03-19 08:35:55,101 - httpx - INFO - HTTP Request: GET https://fapi.binance.com/fapi/v1/klines?symbol=%E5%B8%81%E5%AE%89%E4%BA%BA%E7%94%9FUSDT&interval=1d&limit=2 "HTTP/1.1 200 OK"
2026-03-19 08:35:55: 2026-03-19 08:35:55,105 - httpx - INFO - HTTP Request: GET https://fapi.binance.com/fapi/v1/klines?symbol=LABUSDT&interval=1d&limit=2 "HTTP/1.1 200 OK"
2026-03-19 08:35:55: 2026-03-19 08:35:55,124 - httpx - INFO - HTTP Request: GET https://fapi.binance.com/fapi/v1/klines?symbol=TURTLEUSDT&interval=1d&limit=2 "HTTP/1.1 200 OK"
2026-03-19 08:35:55: 2026-03-19 08:35:55,132 - httpx - INFO - HTTP Request: GET https://fapi.binance.com/fapi/v1/klines?symbol=APRUSDT&interval=1d&limit=2 "HTTP/1.1 200 OK"
2026-03-19 08:35:55: 2026-03-19 08:35:55,136 - httpx - INFO - HTTP Request: GET https://fapi.binance.com/fapi/v1/klines?symbol=ONUSDT&interval=1d&limit=2 "HTTP/1.1 200 OK"
2026-03-19 08:35:55: 2026-03-19 08:35:55,141 - httpx - INFO - HTTP Request: GET https://fapi.binance.com/fapi/v1/klines?symbol=KITEUSDT&interval=1d&limit=2 "HTTP/1.1 200 OK"
2026-03-19 08:35:55: 2026-03-19 08:35:55,159 - httpx - INFO - HTTP Request: GET https://fapi.binance.com/fapi/v1/klines?symbol=ATUSDT&interval=1d&limit=2 "HTTP/1.1 200 OK"
2026-03-19 08:35:55: 2026-03-19 08:35:55,160 - httpx - INFO - HTTP Request: GET https://fapi.binance.com/fapi/v1/klines?symbol=MMTUSDT&interval=1d&limit=2 "HTTP/1.1 200 OK"
2026-03-19 08:35:55: 2026-03-19 08:35:55,161 - httpx - INFO - HTTP Request: GET https://fapi.binance.com/fapi/v1/klines?symbol=UAIUSDT&interval=1d&limit=2 "HTTP/1.1 200 OK"
2026-03-19 08:35:55: 2026-03-19 08:35:55,163 - httpx - INFO - HTTP Request: GET https://fapi.binance.com/fapi/v1/klines?symbol=CCUSDT&interval=1d&limit=2 "HTTP/1.1 200 OK"
2026-03-19 08:35:55: 2026-03-19 08:35:55,163 - httpx - INFO - HTTP Request: GET https://fapi.binance.com/fapi/v1/klines?symbol=TRUSTUSDT&interval=1d&limit=2 "HTTP/1.1 200 OK"
2026-03-19 08:35:55: 2026-03-19 08:35:55,172 - httpx - INFO - HTTP Request: GET https://fapi.binance.com/fapi/v1/klines?symbol=FOLKSUSDT&interval=1d&limit=2 "HTTP/1.1 200 OK"
2026-03-19 08:35:55: 2026-03-19 08:35:55,195 - httpx - INFO - HTTP Request: GET https://fapi.binance.com/fapi/v1/klines?symbol=STABLEUSDT&interval=1d&limit=2 "HTTP/1.1 200 OK"
2026-03-19 08:35:55: 2026-03-19 08:35:55,203 - httpx - INFO - HTTP Request: GET https://fapi.binance.com/fapi/v1/klines?symbol=JCTUSDT&interval=1d&limit=2 "HTTP/1.1 200 OK"
2026-03-19 08:35:55: 2026-03-19 08:35:55,207 - httpx - INFO - HTTP Request: GET https://fapi.binance.com/fapi/v1/klines?symbol=ALLOUSDT&interval=1d&limit=2 "HTTP/1.1 200 OK"
2026-03-19 08:35:55: 2026-03-19 08:35:55,212 - httpx - INFO - HTTP Request: GET https://fapi.binance.com/fapi/v1/klines?symbol=PIEVERSEUSDT&interval=1d&limit=2 "HTTP/1.1 200 OK"
2026-03-19 08:35:55: 2026-03-19 08:35:55,213 - httpx - INFO - HTTP Request: GET https://fapi.binance.com/fapi/v1/klines?symbol=IRYSUSDT&interval=1d&limit=2 "HTTP/1.1 200 OK"
2026-03-19 08:35:55: 2026-03-19 08:35:55,216 - httpx - INFO - HTTP Request: GET https://fapi.binance.com/fapi/v1/klines?symbol=RLSUSDT&interval=1d&limit=2 "HTTP/1.1 200 OK"
2026-03-19 08:35:55: 2026-03-19 08:35:55,218 - httpx - INFO - HTTP Request: GET https://fapi.binance.com/fapi/v1/klines?symbol=SENTUSDT&interval=1d&limit=2 "HTTP/1.1 200 OK"
2026-03-19 08:35:55: 2026-03-19 08:35:55,219 - httpx - INFO - HTTP Request: GET https://fapi.binance.com/fapi/v1/klines?symbol=CLANKERUSDT&interval=1d&limit=2 "HTTP/1.1 200 OK"
2026-03-19 08:35:55: 2026-03-19 08:35:55,223 - httpx - INFO - HTTP Request: GET https://fapi.binance.com/fapi/v1/klines?symbol=BEATUSDT&interval=1d&limit=2 "HTTP/1.1 200 OK"
2026-03-19 08:35:55: 2026-03-19 08:35:55,227 - httpx - INFO - HTTP Request: GET https://fapi.binance.com/fapi/v1/klines?symbol=BOBUSDT&interval=1d&limit=2 "HTTP/1.1 200 OK"
2026-03-19 08:35:55: 2026-03-19 08:35:55,229 - httpx - INFO - HTTP Request: GET https://fapi.binance.com/fapi/v1/klines?symbol=POWERUSDT&interval=1d&limit=2 "HTTP/1.1 200 OK"
2026-03-19 08:35:55: 2026-03-19 08:35:55,238 - httpx - INFO - HTTP Request: GET https://fapi.binance.com/fapi/v1/klines?symbol=WETUSDT&interval=1d&limit=2 "HTTP/1.1 200 OK"
2026-03-19 08:35:55: 2026-03-19 08:35:55,254 - httpx - INFO - HTTP Request: GET https://fapi.binance.com/fapi/v1/klines?symbol=USUSDT&interval=1d&limit=2 "HTTP/1.1 200 OK"
2026-03-19 08:35:55: 2026-03-19 08:35:55,260 - httpx - INFO - HTTP Request: GET https://fapi.binance.com/fapi/v1/klines?symbol=NIGHTUSDT&interval=1d&limit=2 "HTTP/1.1 200 OK"
2026-03-19 08:35:55: 2026-03-19 08:35:55,275 - httpx - INFO - HTTP Request: GET https://fapi.binance.com/fapi/v1/klines?symbol=IRUSDT&interval=1d&limit=2 "HTTP/1.1 200 OK"
2026-03-19 08:35:55: 2026-03-19 08:35:55,281 - httpx - INFO - HTTP Request: GET https://fapi.binance.com/fapi/v1/klines?symbol=GUAUSDT&interval=1d&limit=2 "HTTP/1.1 200 OK"
2026-03-19 08:35:55: 2026-03-19 08:35:55,281 - httpx - INFO - HTTP Request: GET https://fapi.binance.com/fapi/v1/klines?symbol=LITUSDT&interval=1d&limit=2 "HTTP/1.1 200 OK"
2026-03-19 08:35:55: 2026-03-19 08:35:55,282 - httpx - INFO - HTTP Request: GET https://fapi.binance.com/fapi/v1/klines?symbol=RAVEUSDT&interval=1d&limit=2 "HTTP/1.1 200 OK"
2026-03-19 08:35:55: 2026-03-19 08:35:55,283 - httpx - INFO - HTTP Request: GET https://fapi.binance.com/fapi/v1/klines?symbol=CYSUSDT&interval=1d&limit=2 "HTTP/1.1 200 OK"
2026-03-19 08:35:55: 2026-03-19 08:35:55,303 - httpx - INFO - HTTP Request: GET https://fapi.binance.com/fapi/v1/klines?symbol=BREVUSDT&interval=1d&limit=2 "HTTP/1.1 200 OK"
2026-03-19 08:35:55: 2026-03-19 08:35:55,321 - httpx - INFO - HTTP Request: GET https://fapi.binance.com/fapi/v1/klines?symbol=MAGMAUSDT&interval=1d&limit=2 "HTTP/1.1 200 OK"
2026-03-19 08:35:55: 2026-03-19 08:35:55,324 - httpx - INFO - HTTP Request: GET https://fapi.binance.com/fapi/v1/klines?symbol=FRAXUSDT&interval=1d&limit=2 "HTTP/1.1 200 OK"
2026-03-19 08:35:55: 2026-03-19 08:35:55,327 - httpx - INFO - HTTP Request: GET https://fapi.binance.com/fapi/v1/klines?symbol=ZAMAUSDT&interval=1d&limit=2 "HTTP/1.1 200 OK"
2026-03-19 08:35:55: 2026-03-19 08:35:55,328 - httpx - INFO - HTTP Request: GET https://fapi.binance.com/fapi/v1/klines?symbol=AIAUSDT&interval=1d&limit=2 "HTTP/1.1 200 OK"
2026-03-19 08:35:55: 2026-03-19 08:35:55,330 - httpx - INFO - HTTP Request: GET https://fapi.binance.com/fapi/v1/klines?symbol=SPORTFUNUSDT&interval=1d&limit=2 "HTTP/1.1 200 OK"
2026-03-19 08:35:55: 2026-03-19 08:35:55,331 - httpx - INFO - HTTP Request: GET https://fapi.binance.com/fapi/v1/klines?symbol=COLLECTUSDT&interval=1d&limit=2 "HTTP/1.1 200 OK"
2026-03-19 08:35:55: 2026-03-19 08:35:55,332 - httpx - INFO - HTTP Request: GET https://fapi.binance.com/fapi/v1/klines?symbol=ACUUSDT&interval=1d&limit=2 "HTTP/1.1 200 OK"
2026-03-19 08:35:55: 2026-03-19 08:35:55,333 - httpx - INFO - HTTP Request: GET https://fapi.binance.com/fapi/v1/klines?symbol=ELSAUSDT&interval=1d&limit=2 "HTTP/1.1 200 OK"
2026-03-19 08:35:55: 2026-03-19 08:35:55,337 - httpx - INFO - HTTP Request: GET https://fapi.binance.com/fapi/v1/klines?symbol=FOGOUSDT&interval=1d&limit=2 "HTTP/1.1 200 OK"
2026-03-19 08:35:55: 2026-03-19 08:35:55,340 - httpx - INFO - HTTP Request: GET https://fapi.binance.com/fapi/v1/klines?symbol=%E6%88%91%E8%B8%8F%E9%A9%AC%E6%9D%A5%E4%BA%86USDT&interval=1d&limit=2 "HTTP/1.1 200 OK"
2026-03-19 08:35:55: 2026-03-19 08:35:55,346 - httpx - INFO - HTTP Request: GET https://fapi.binance.com/fapi/v1/klines?symbol=SKRUSDT&interval=1d&limit=2 "HTTP/1.1 200 OK"
2026-03-19 08:35:55: 2026-03-19 08:35:55,372 - httpx - INFO - HTTP Request: GET https://fapi.binance.com/fapi/v1/klines?symbol=SPACEUSDT&interval=1d&limit=2 "HTTP/1.1 200 OK"
2026-03-19 08:35:55: 2026-03-19 08:35:55,377 - httpx - INFO - HTTP Request: GET https://fapi.binance.com/fapi/v1/klines?symbol=FIGHTUSDT&interval=1d&limit=2 "HTTP/1.1 200 OK"
2026-03-19 08:35:55: 2026-03-19 08:35:55,391 - httpx - INFO - HTTP Request: GET https://fapi.binance.com/fapi/v1/klines?symbol=BIRBUSDT&interval=1d&limit=2 "HTTP/1.1 200 OK"
2026-03-19 08:35:55: 2026-03-19 08:35:55,395 - httpx - INFO - HTTP Request: GET https://fapi.binance.com/fapi/v1/klines?symbol=GWEIUSDT&interval=1d&limit=2 "HTTP/1.1 200 OK"
2026-03-19 08:35:55: 2026-03-19 08:35:55,398 - httpx - INFO - HTTP Request: GET https://fapi.binance.com/fapi/v1/klines?symbol=TRIAUSDT&interval=1d&limit=2 "HTTP/1.1 200 OK"
2026-03-19 08:35:55: 2026-03-19 08:35:55,400 - httpx - INFO - HTTP Request: GET https://fapi.binance.com/fapi/v1/klines?symbol=MEGAUSDT&interval=1d&limit=2 "HTTP/1.1 200 OK"
2026-03-19 08:35:55: 2026-03-19 08:35:55,402 - httpx - INFO - HTTP Request: GET https://fapi.binance.com/fapi/v1/klines?symbol=INXUSDT&interval=1d&limit=2 "HTTP/1.1 200 OK"
2026-03-19 08:35:55: 2026-03-19 08:35:55,409 - httpx - INFO - HTTP Request: GET https://fapi.binance.com/fapi/v1/klines?symbol=ZKPUSDT&interval=1d&limit=2 "HTTP/1.1 200 OK"
2026-03-19 08:35:55: 2026-03-19 08:35:55,410 - httpx - INFO - HTTP Request: GET https://fapi.binance.com/fapi/v1/klines?symbol=ESPUSDT&interval=1d&limit=2 "HTTP/1.1 200 OK"
2026-03-19 08:35:55: 2026-03-19 08:35:55,429 - httpx - INFO - HTTP Request: GET https://fapi.binance.com/fapi/v1/klines?symbol=AZTECUSDT&interval=1d&limit=2 "HTTP/1.1 200 OK"
2026-03-19 08:35:55: 2026-03-19 08:35:55,431 - httpx - INFO - HTTP Request: GET https://fapi.binance.com/fapi/v1/klines?symbol=KATUSDT&interval=1d&limit=2 "HTTP/1.1 200 OK"
2026-03-19 08:35:55: 2026-03-19 08:35:55,434 - httpx - INFO - HTTP Request: GET https://fapi.binance.com/fapi/v1/klines?symbol=OPNUSDT&interval=1d&limit=2 "HTTP/1.1 200 OK"
2026-03-19 08:35:55: 2026-03-19 08:35:55,436 - httpx - INFO - HTTP Request: GET https://fapi.binance.com/fapi/v1/klines?symbol=ROBOUSDT&interval=1d&limit=2 "HTTP/1.1 200 OK"
2026-03-19 08:35:55: 2026-03-19 08:35:55,439 - httpx - INFO - HTTP Request: GET https://fapi.binance.com/fapi/v1/klines?symbol=%E9%BE%99%E8%99%BEUSDT&interval=1d&limit=2 "HTTP/1.1 200 OK"
2026-03-19 08:35:55: 2026-03-19 08:35:55,445 - httpx - INFO - HTTP Request: GET https://fapi.binance.com/fapi/v1/klines?symbol=MANTRAUSDT&interval=1d&limit=2 "HTTP/1.1 200 OK"
2026-03-19 08:35:55: 2026-03-19 08:35:55,448 - httpx - INFO - HTTP Request: GET https://fapi.binance.com/fapi/v1/klines?symbol=CFGUSDT&interval=1d&limit=2 "HTTP/1.1 200 OK"
2026-03-19 08:37:46: 2026-03-19 08:37:46,343 - moonshot.paper.ws_feed - WARNING - PriceFeedWS: ConnectionClosedError: no close frame received or sent (url=wss://fstream.binance.com/ws/!markPrice@arr@1s), retry in 1s...
2026-03-19 08:37:47: 2026-03-19 08:37:47,345 - moonshot.paper.ws_feed - INFO - PriceFeedWS: Connecting to wss://fstream.binance.com ...
2026-03-19 08:37:57: 2026-03-19 08:37:57,368 - moonshot.paper.ws_feed - WARNING - PriceFeedWS: TimeoutError: timed out during opening handshake (url=wss://fstream.binance.com/ws/!markPrice@arr@1s), retry in 2s...
2026-03-19 08:37:59: 2026-03-19 08:37:59,376 - moonshot.paper.ws_feed - INFO - PriceFeedWS: Connecting to wss://fstream.binance.com ...
2026-03-19 08:38:09: 2026-03-19 08:38:09,391 - moonshot.paper.ws_feed - WARNING - PriceFeedWS: TimeoutError: timed out during opening handshake (url=wss://fstream.binance.com/ws/!markPrice@arr@1s), retry in 4s...
2026-03-19 08:38:13: 2026-03-19 08:38:13,395 - moonshot.paper.ws_feed - INFO - PriceFeedWS: Connecting to wss://fstream.binance.com ...
2026-03-19 08:38:23: 2026-03-19 08:38:23,401 - moonshot.paper.ws_feed - WARNING - PriceFeedWS: TimeoutError: timed out during opening handshake (url=wss://fstream.binance.com/ws/!markPrice@arr@1s), retry in 8s...
2026-03-19 08:38:23: 2026-03-19 08:38:23,402 - moonshot.paper.ws_feed - INFO - PriceFeedWS: Switching to URL #1
2026-03-19 08:38:31: 2026-03-19 08:38:31,405 - moonshot.paper.ws_feed - INFO - PriceFeedWS: Connecting to wss://fstream.binancefuture.com ...
2026-03-19 08:38:31: 2026-03-19 08:38:31,827 - moonshot.paper.ws_feed - INFO - PriceFeedWS: ✅ Connected! Receiving mark prices...
2026-03-20 08:05:00: 2026-03-20 08:05:00,751 - httpx - INFO - HTTP Request: GET https://fapi.binance.com/fapi/v1/klines?symbol=ETCUSDT&interval=1d&limit=2 "HTTP/1.1 200 OK"
2026-03-20 08:05:00: 2026-03-20 08:05:00,757 - httpx - INFO - HTTP Request: GET https://fapi.binance.com/fapi/v1/klines?symbol=VETUSDT&interval=1d&limit=2 "HTTP/1.1 200 OK"
2026-03-20 08:05:00: 2026-03-20 08:05:00,760 - httpx - INFO - HTTP Request: GET https://fapi.binance.com/fapi/v1/klines?symbol=IOTAUSDT&interval=1d&limit=2 "HTTP/1.1 200 OK"
2026-03-20 08:05:00: 2026-03-20 08:05:00,762 - httpx - INFO - HTTP Request: GET https://fapi.binance.com/fapi/v1/klines?symbol=XRPUSDT&interval=1d&limit=2 "HTTP/1.1 200 OK"
2026-03-20 08:05:00: 2026-03-20 08:05:00,762 - httpx - INFO - HTTP Request: GET https://fapi.binance.com/fapi/v1/klines?symbol=BTCUSDT&interval=1d&limit=2 "HTTP/1.1 200 OK"
2026-03-20 08:05:00: 2026-03-20 08:05:00,764 - httpx - INFO - HTTP Request: GET https://fapi.binance.com/fapi/v1/klines?symbol=LTCUSDT&interval=1d&limit=2 "HTTP/1.1 200 OK"
2026-03-20 08:05:00: 2026-03-20 08:05:00,766 - httpx - INFO - HTTP Request: GET https://fapi.binance.com/fapi/v1/klines?symbol=BCHUSDT&interval=1d&limit=2 "HTTP/1.1 200 OK"
2026-03-20 08:05:00: 2026-03-20 08:05:00,776 - httpx - INFO - HTTP Request: GET https://fapi.binance.com/fapi/v1/klines?symbol=TRXUSDT&interval=1d&limit=2 "HTTP/1.1 200 OK"
2026-03-20 08:05:00: 2026-03-20 08:05:00,781 - httpx - INFO - HTTP Request: GET https://fapi.binance.com/fapi/v1/klines?symbol=XMRUSDT&interval=1d&limit=2 "HTTP/1.1 200 OK"
2026-03-20 08:05:00: 2026-03-20 08:05:00,783 - httpx - INFO - HTTP Request: GET https://fapi.binance.com/fapi/v1/klines?symbol=LINKUSDT&interval=1d&limit=2 "HTTP/1.1 200 OK"
2026-03-20 08:05:00: 2026-03-20 08:05:00,785 - httpx - INFO - HTTP Request: GET https://fapi.binance.com/fapi/v1/klines?symbol=XLMUSDT&interval=1d&limit=2 "HTTP/1.1 200 OK"
2026-03-20 08:05:00: 2026-03-20 08:05:00,786 - httpx - INFO - HTTP Request: GET https://fapi.binance.com/fapi/v1/klines?symbol=XTZUSDT&interval=1d&limit=2 "HTTP/1.1 200 OK"
2026-03-20 08:05:00: 2026-03-20 08:05:00,792 - httpx - INFO - HTTP Request: GET https://fapi.binance.com/fapi/v1/klines?symbol=ATOMUSDT&interval=1d&limit=2 "HTTP/1.1 200 OK"
2026-03-20 08:05:00: 2026-03-20 08:05:00,793 - httpx - INFO - HTTP Request: GET https://fapi.binance.com/fapi/v1/klines?symbol=DASHUSDT&interval=1d&limit=2 "HTTP/1.1 200 OK"
2026-03-20 08:05:00: 2026-03-20 08:05:00,793 - httpx - INFO - HTTP Request: GET https://fapi.binance.com/fapi/v1/klines?symbol=ADAUSDT&interval=1d&limit=2 "HTTP/1.1 200 OK"
2026-03-20 08:05:00: 2026-03-20 08:05:00,793 - httpx - INFO - HTTP Request: GET https://fapi.binance.com/fapi/v1/klines?symbol=ETHUSDT&interval=1d&limit=2 "HTTP/1.1 200 OK"
2026-03-20 08:05:00: 2026-03-20 08:05:00,796 - httpx - INFO - HTTP Request: GET https://fapi.binance.com/fapi/v1/klines?symbol=BNBUSDT&interval=1d&limit=2 "HTTP/1.1 200 OK"
2026-03-20 08:05:00: 2026-03-20 08:05:00,797 - httpx - INFO - HTTP Request: GET https://fapi.binance.com/fapi/v1/klines?symbol=ZECUSDT&interval=1d&limit=2 "HTTP/1.1 200 OK"
2026-03-20 08:05:00: 2026-03-20 08:05:00,801 - httpx - INFO - HTTP Request: GET https://fapi.binance.com/fapi/v1/klines?symbol=ONTUSDT&interval=1d&limit=2 "HTTP/1.1 200 OK"
2026-03-20 08:05:00: 2026-03-20 08:05:00,801 - httpx - INFO - HTTP Request: GET https://fapi.binance.com/fapi/v1/klines?symbol=BATUSDT&interval=1d&limit=2 "HTTP/1.1 200 OK"
2026-03-20 08:05:00: 2026-03-20 08:05:00,872 - httpx - INFO - HTTP Request: GET https://fapi.binance.com/fapi/v1/klines?symbol=NEOUSDT&interval=1d&limit=2 "HTTP/1.1 200 OK"
2026-03-20 08:05:00: 2026-03-20 08:05:00,900 - httpx - INFO - HTTP Request: GET https://fapi.binance.com/fapi/v1/klines?symbol=QTUMUSDT&interval=1d&limit=2 "HTTP/1.1 200 OK"
2026-03-20 08:05:00: 2026-03-20 08:05:00,907 - httpx - INFO - HTTP Request: GET https://fapi.binance.com/fapi/v1/klines?symbol=IOSTUSDT&interval=1d&limit=2 "HTTP/1.1 200 OK"
2026-03-20 08:05:00: 2026-03-20 08:05:00,918 - httpx - INFO - HTTP Request: GET https://fapi.binance.com/fapi/v1/klines?symbol=ZRXUSDT&interval=1d&limit=2 "HTTP/1.1 200 OK"
2026-03-20 08:05:00: 2026-03-20 08:05:00,922 - httpx - INFO - HTTP Request: GET https://fapi.binance.com/fapi/v1/klines?symbol=ALGOUSDT&interval=1d&limit=2 "HTTP/1.1 200 OK"
2026-03-20 08:05:00: 2026-03-20 08:05:00,924 - httpx - INFO - HTTP Request: GET https://fapi.binance.com/fapi/v1/klines?symbol=DOGEUSDT&interval=1d&limit=2 "HTTP/1.1 200 OK"
2026-03-20 08:05:00: 2026-03-20 08:05:00,928 - httpx - INFO - HTTP Request: GET https://fapi.binance.com/fapi/v1/klines?symbol=DOTUSDT&interval=1d&limit=2 "HTTP/1.1 200 OK"
2026-03-20 08:05:00: 2026-03-20 08:05:00,929 - httpx - INFO - HTTP Request: GET https://fapi.binance.com/fapi/v1/klines?symbol=RLCUSDT&interval=1d&limit=2 "HTTP/1.1 200 OK"
2026-03-20 08:05:00: 2026-03-20 08:05:00,930 - httpx - INFO - HTTP Request: GET https://fapi.binance.com/fapi/v1/klines?symbol=TRBUSDT&interval=1d&limit=2 "HTTP/1.1 200 OK"
2026-03-20 08:05:00: 2026-03-20 08:05:00,935 - httpx - INFO - HTTP Request: GET https://fapi.binance.com/fapi/v1/klines?symbol=RUNEUSDT&interval=1d&limit=2 "HTTP/1.1 200 OK"
2026-03-20 08:05:00: 2026-03-20 08:05:00,936 - httpx - INFO - HTTP Request: GET https://fapi.binance.com/fapi/v1/klines?symbol=SUSHIUSDT&interval=1d&limit=2 "HTTP/1.1 200 OK"
2026-03-20 08:05:00: 2026-03-20 08:05:00,937 - httpx - INFO - HTTP Request: GET https://fapi.binance.com/fapi/v1/klines?symbol=SNXUSDT&interval=1d&limit=2 "HTTP/1.1 200 OK"
2026-03-20 08:05:00: 2026-03-20 08:05:00,939 - httpx - INFO - HTTP Request: GET https://fapi.binance.com/fapi/v1/klines?symbol=COMPUSDT&interval=1d&limit=2 "HTTP/1.1 200 OK"
2026-03-20 08:05:00: 2026-03-20 08:05:00,939 - httpx - INFO - HTTP Request: GET https://fapi.binance.com/fapi/v1/klines?symbol=ZILUSDT&interval=1d&limit=2 "HTTP/1.1 200 OK"
2026-03-20 08:05:00: 2026-03-20 08:05:00,941 - httpx - INFO - HTTP Request: GET https://fapi.binance.com/fapi/v1/klines?symbol=THETAUSDT&interval=1d&limit=2 "HTTP/1.1 200 OK"
2026-03-20 08:05:00: 2026-03-20 08:05:00,942 - httpx - INFO - HTTP Request: GET https://fapi.binance.com/fapi/v1/klines?symbol=CRVUSDT&interval=1d&limit=2 "HTTP/1.1 200 OK"
2026-03-20 08:05:00: 2026-03-20 08:05:00,944 - httpx - INFO - HTTP Request: GET https://fapi.binance.com/fapi/v1/klines?symbol=BANDUSDT&interval=1d&limit=2 "HTTP/1.1 200 OK"
2026-03-20 08:05:00: 2026-03-20 08:05:00,944 - httpx - INFO - HTTP Request: GET https://fapi.binance.com/fapi/v1/klines?symbol=KNCUSDT&interval=1d&limit=2 "HTTP/1.1 200 OK"
2026-03-20 08:05:00: 2026-03-20 08:05:00,948 - httpx - INFO - HTTP Request: GET https://fapi.binance.com/fapi/v1/klines?symbol=YFIUSDT&interval=1d&limit=2 "HTTP/1.1 200 OK"
2026-03-20 08:05:00: 2026-03-20 08:05:00,950 - httpx - INFO - HTTP Request: GET https://fapi.binance.com/fapi/v1/klines?symbol=KAVAUSDT&interval=1d&limit=2 "HTTP/1.1 200 OK"
2026-03-20 08:05:00: 2026-03-20 08:05:00,997 - httpx - INFO - HTTP Request: GET https://fapi.binance.com/fapi/v1/klines?symbol=EGLDUSDT&interval=1d&limit=2 "HTTP/1.1 200 OK"
2026-03-20 08:05:01: 2026-03-20 08:05:01,019 - httpx - INFO - HTTP Request: GET https://fapi.binance.com/fapi/v1/klines?symbol=SOLUSDT&interval=1d&limit=2 "HTTP/1.1 200 OK"
2026-03-20 08:05:01: 2026-03-20 08:05:01,026 - httpx - INFO - HTTP Request: GET https://fapi.binance.com/fapi/v1/klines?symbol=ICXUSDT&interval=1d&limit=2 "HTTP/1.1 200 OK"
2026-03-20 08:05:01: 2026-03-20 08:05:01,034 - httpx - INFO - HTTP Request: GET https://fapi.binance.com/fapi/v1/klines?symbol=STORJUSDT&interval=1d&limit=2 "HTTP/1.1 200 OK"
2026-03-20 08:05:01: 2026-03-20 08:05:01,039 - httpx - INFO - HTTP Request: GET https://fapi.binance.com/fapi/v1/klines?symbol=UNIUSDT&interval=1d&limit=2 "HTTP/1.1 200 OK"
2026-03-20 08:05:01: 2026-03-20 08:05:01,044 - httpx - INFO - HTTP Request: GET https://fapi.binance.com/fapi/v1/klines?symbol=AVAXUSDT&interval=1d&limit=2 "HTTP/1.1 200 OK"
2026-03-20 08:05:01: 2026-03-20 08:05:01,047 - httpx - INFO - HTTP Request: GET https://fapi.binance.com/fapi/v1/klines?symbol=NEARUSDT&interval=1d&limit=2 "HTTP/1.1 200 OK"
2026-03-20 08:05:01: 2026-03-20 08:05:01,048 - httpx - INFO - HTTP Request: GET https://fapi.binance.com/fapi/v1/klines?symbol=ENJUSDT&interval=1d&limit=2 "HTTP/1.1 200 OK"
2026-03-20 08:05:01: 2026-03-20 08:05:01,051 - httpx - INFO - HTTP Request: GET https://fapi.binance.com/fapi/v1/klines?symbol=KSMUSDT&interval=1d&limit=2 "HTTP/1.1 200 OK"
2026-03-20 08:05:01: 2026-03-20 08:05:01,053 - httpx - INFO - HTTP Request: GET https://fapi.binance.com/fapi/v1/klines?symbol=AAVEUSDT&interval=1d&limit=2 "HTTP/1.1 200 OK"
2026-03-20 08:05:01: 2026-03-20 08:05:01,054 - httpx - INFO - HTTP Request: GET https://fapi.binance.com/fapi/v1/klines?symbol=FILUSDT&interval=1d&limit=2 "HTTP/1.1 200 OK"
2026-03-20 08:05:01: 2026-03-20 08:05:01,058 - httpx - INFO - HTTP Request: GET https://fapi.binance.com/fapi/v1/klines?symbol=RSRUSDT&interval=1d&limit=2 "HTTP/1.1 200 OK"
2026-03-20 08:05:01: 2026-03-20 08:05:01,063 - httpx - INFO - HTTP Request: GET https://fapi.binance.com/fapi/v1/klines?symbol=LRCUSDT&interval=1d&limit=2 "HTTP/1.1 200 OK"
2026-03-20 08:05:01: 2026-03-20 08:05:01,063 - httpx - INFO - HTTP Request: GET https://fapi.binance.com/fapi/v1/klines?symbol=AXSUSDT&interval=1d&limit=2 "HTTP/1.1 200 OK"
2026-03-20 08:05:01: 2026-03-20 08:05:01,065 - httpx - INFO - HTTP Request: GET https://fapi.binance.com/fapi/v1/klines?symbol=GRTUSDT&interval=1d&limit=2 "HTTP/1.1 200 OK"
2026-03-20 08:05:01: 2026-03-20 08:05:01,065 - httpx - INFO - HTTP Request: GET https://fapi.binance.com/fapi/v1/klines?symbol=SKLUSDT&interval=1d&limit=2 "HTTP/1.1 200 OK"
2026-03-20 08:05:01: 2026-03-20 08:05:01,066 - httpx - INFO - HTTP Request: GET https://fapi.binance.com/fapi/v1/klines?symbol=CHZUSDT&interval=1d&limit=2 "HTTP/1.1 200 OK"
2026-03-20 08:05:01: 2026-03-20 08:05:01,069 - httpx - INFO - HTTP Request: GET https://fapi.binance.com/fapi/v1/klines?symbol=1INCHUSDT&interval=1d&limit=2 "HTTP/1.1 200 OK"
2026-03-20 08:05:01: 2026-03-20 08:05:01,071 - httpx - INFO - HTTP Request: GET https://fapi.binance.com/fapi/v1/klines?symbol=BELUSDT&interval=1d&limit=2 "HTTP/1.1 200 OK"
2026-03-20 08:05:01: 2026-03-20 08:05:01,072 - httpx - INFO - HTTP Request: GET https://fapi.binance.com/fapi/v1/klines?symbol=ZENUSDT&interval=1d&limit=2 "HTTP/1.1 200 OK"
2026-03-20 08:05:01: 2026-03-20 08:05:01,119 - httpx - INFO - HTTP Request: GET https://fapi.binance.com/fapi/v1/klines?symbol=SANDUSDT&interval=1d&limit=2 "HTTP/1.1 200 OK"
2026-03-20 08:05:01: 2026-03-20 08:05:01,140 - httpx - INFO - HTTP Request: GET https://fapi.binance.com/fapi/v1/klines?symbol=ANKRUSDT&interval=1d&limit=2 "HTTP/1.1 200 OK"
2026-03-20 08:05:01: 2026-03-20 08:05:01,144 - httpx - INFO - HTTP Request: GET https://fapi.binance.com/fapi/v1/klines?symbol=RVNUSDT&interval=1d&limit=2 "HTTP/1.1 200 OK"
2026-03-20 08:05:01: 2026-03-20 08:05:01,163 - httpx - INFO - HTTP Request: GET https://fapi.binance.com/fapi/v1/klines?symbol=COTIUSDT&interval=1d&limit=2 "HTTP/1.1 200 OK"
2026-03-20 08:05:01: 2026-03-20 08:05:01,168 - httpx - INFO - HTTP Request: GET https://fapi.binance.com/fapi/v1/klines?symbol=SFPUSDT&interval=1d&limit=2 "HTTP/1.1 200 OK"
2026-03-20 08:05:01: 2026-03-20 08:05:01,172 - httpx - INFO - HTTP Request: GET https://fapi.binance.com/fapi/v1/klines?symbol=CHRUSDT&interval=1d&limit=2 "HTTP/1.1 200 OK"
2026-03-20 08:05:01: 2026-03-20 08:05:01,173 - httpx - INFO - HTTP Request: GET https://fapi.binance.com/fapi/v1/klines?symbol=ALICEUSDT&interval=1d&limit=2 "HTTP/1.1 200 OK"
2026-03-20 08:05:01: 2026-03-20 08:05:01,175 - httpx - INFO - HTTP Request: GET https://fapi.binance.com/fapi/v1/klines?symbol=HBARUSDT&interval=1d&limit=2 "HTTP/1.1 200 OK"
2026-03-20 08:05:01: 2026-03-20 08:05:01,176 - httpx - INFO - HTTP Request: GET https://fapi.binance.com/fapi/v1/klines?symbol=MANAUSDT&interval=1d&limit=2 "HTTP/1.1 200 OK"
2026-03-20 08:05:01: 2026-03-20 08:05:01,177 - httpx - INFO - HTTP Request: GET https://fapi.binance.com/fapi/v1/klines?symbol=DENTUSDT&interval=1d&limit=2 "HTTP/1.1 200 OK"
2026-03-20 08:05:01: 2026-03-20 08:05:01,179 - httpx - INFO - HTTP Request: GET https://fapi.binance.com/fapi/v1/klines?symbol=ONEUSDT&interval=1d&limit=2 "HTTP/1.1 200 OK"
2026-03-20 08:05:01: 2026-03-20 08:05:01,186 - httpx - INFO - HTTP Request: GET https://fapi.binance.com/fapi/v1/klines?symbol=CELRUSDT&interval=1d&limit=2 "HTTP/1.1 200 OK"
2026-03-20 08:05:01: 2026-03-20 08:05:01,188 - httpx - INFO - HTTP Request: GET https://fapi.binance.com/fapi/v1/klines?symbol=HOTUSDT&interval=1d&limit=2 "HTTP/1.1 200 OK"
2026-03-20 08:05:01: 2026-03-20 08:05:01,189 - httpx - INFO - HTTP Request: GET https://fapi.binance.com/fapi/v1/klines?symbol=MTLUSDT&interval=1d&limit=2 "HTTP/1.1 200 OK"
2026-03-20 08:05:01: 2026-03-20 08:05:01,189 - httpx - INFO - HTTP Request: GET https://fapi.binance.com/fapi/v1/klines?symbol=OGNUSDT&interval=1d&limit=2 "HTTP/1.1 200 OK"
2026-03-20 08:05:01: 2026-03-20 08:05:01,190 - httpx - INFO - HTTP Request: GET https://fapi.binance.com/fapi/v1/klines?symbol=GTCUSDT&interval=1d&limit=2 "HTTP/1.1 200 OK"
2026-03-20 08:05:01: 2026-03-20 08:05:01,190 - httpx - INFO - HTTP Request: GET https://fapi.binance.com/fapi/v1/klines?symbol=1000SHIBUSDT&interval=1d&limit=2 "HTTP/1.1 200 OK"
2026-03-20 08:05:01: 2026-03-20 08:05:01,193 - httpx - INFO - HTTP Request: GET https://fapi.binance.com/fapi/v1/klines?symbol=BTCDOMUSDT&interval=1d&limit=2 "HTTP/1.1 200 OK"
2026-03-20 08:05:01: 2026-03-20 08:05:01,199 - httpx - INFO - HTTP Request: GET https://fapi.binance.com/fapi/v1/klines?symbol=C98USDT&interval=1d&limit=2 "HTTP/1.1 200 OK"
2026-03-20 08:05:01: 2026-03-20 08:05:01,200 - httpx - INFO - HTTP Request: GET https://fapi.binance.com/fapi/v1/klines?symbol=IOTXUSDT&interval=1d&limit=2 "HTTP/1.1 200 OK"
2026-03-20 08:05:01: 2026-03-20 08:05:01,249 - httpx - INFO - HTTP Request: GET https://fapi.binance.com/fapi/v1/klines?symbol=MASKUSDT&interval=1d&limit=2 "HTTP/1.1 200 OK"
2026-03-20 08:05:01: 2026-03-20 08:05:01,258 - httpx - INFO - HTTP Request: GET https://fapi.binance.com/fapi/v1/klines?symbol=ATAUSDT&interval=1d&limit=2 "HTTP/1.1 200 OK"
2026-03-20 08:05:01: 2026-03-20 08:05:01,264 - httpx - INFO - HTTP Request: GET https://fapi.binance.com/fapi/v1/klines?symbol=DYDXUSDT&interval=1d&limit=2 "HTTP/1.1 200 OK"
2026-03-20 08:05:01: 2026-03-20 08:05:01,295 - httpx - INFO - HTTP Request: GET https://fapi.binance.com/fapi/v1/klines?symbol=1000XECUSDT&interval=1d&limit=2 "HTTP/1.1 200 OK"
2026-03-20 08:05:01: 2026-03-20 08:05:01,302 - httpx - INFO - HTTP Request: GET https://fapi.binance.com/fapi/v1/klines?symbol=GALAUSDT&interval=1d&limit=2 "HTTP/1.1 200 OK"
2026-03-20 08:05:01: 2026-03-20 08:05:01,308 - httpx - INFO - HTTP Request: GET https://fapi.binance.com/fapi/v1/klines?symbol=CELOUSDT&interval=1d&limit=2 "HTTP/1.1 200 OK"
2026-03-20 08:05:01: 2026-03-20 08:05:01,312 - httpx - INFO - HTTP Request: GET https://fapi.binance.com/fapi/v1/klines?symbol=PEOPLEUSDT&interval=1d&limit=2 "HTTP/1.1 200 OK"
2026-03-20 08:05:01: 2026-03-20 08:05:01,320 - httpx - INFO - HTTP Request: GET https://fapi.binance.com/fapi/v1/klines?symbol=ROSEUSDT&interval=1d&limit=2 "HTTP/1.1 200 OK"
2026-03-20 08:05:01: 2026-03-20 08:05:01,325 - httpx - INFO - HTTP Request: GET https://fapi.binance.com/fapi/v1/klines?symbol=FLOWUSDT&interval=1d&limit=2 "HTTP/1.1 200 OK"
2026-03-20 08:05:01: 2026-03-20 08:05:01,327 - httpx - INFO - HTTP Request: GET https://fapi.binance.com/fapi/v1/klines?symbol=ENSUSDT&interval=1d&limit=2 "HTTP/1.1 200 OK"
2026-03-20 08:05:01: 2026-03-20 08:05:01,332 - httpx - INFO - HTTP Request: GET https://fapi.binance.com/fapi/v1/klines?symbol=IMXUSDT&interval=1d&limit=2 "HTTP/1.1 200 OK"
2026-03-20 08:05:01: 2026-03-20 08:05:01,334 - httpx - INFO - HTTP Request: GET https://fapi.binance.com/fapi/v1/klines?symbol=WOOUSDT&interval=1d&limit=2 "HTTP/1.1 200 OK"
2026-03-20 08:05:01: 2026-03-20 08:05:01,336 - httpx - INFO - HTTP Request: GET https://fapi.binance.com/fapi/v1/klines?symbol=LPTUSDT&interval=1d&limit=2 "HTTP/1.1 200 OK"
2026-03-20 08:05:01: 2026-03-20 08:05:01,336 - httpx - INFO - HTTP Request: GET https://fapi.binance.com/fapi/v1/klines?symbol=APEUSDT&interval=1d&limit=2 "HTTP/1.1 200 OK"
2026-03-20 08:05:01: 2026-03-20 08:05:01,336 - httpx - INFO - HTTP Request: GET https://fapi.binance.com/fapi/v1/klines?symbol=ARPAUSDT&interval=1d&limit=2 "HTTP/1.1 200 OK"
2026-03-20 08:05:01: 2026-03-20 08:05:01,341 - httpx - INFO - HTTP Request: GET https://fapi.binance.com/fapi/v1/klines?symbol=ARUSDT&interval=1d&limit=2 "HTTP/1.1 200 OK"
2026-03-20 08:05:01: 2026-03-20 08:05:01,341 - httpx - INFO - HTTP Request: GET https://fapi.binance.com/fapi/v1/klines?symbol=GMTUSDT&interval=1d&limit=2 "HTTP/1.1 200 OK"
2026-03-20 08:05:01: 2026-03-20 08:05:01,342 - httpx - INFO - HTTP Request: GET https://fapi.binance.com/fapi/v1/klines?symbol=CTSIUSDT&interval=1d&limit=2 "HTTP/1.1 200 OK"
2026-03-20 08:05:01: 2026-03-20 08:05:01,342 - httpx - INFO - HTTP Request: GET https://fapi.binance.com/fapi/v1/klines?symbol=API3USDT&interval=1d&limit=2 "HTTP/1.1 200 OK"
2026-03-20 08:05:01: 2026-03-20 08:05:01,343 - httpx - INFO - HTTP Request: GET https://fapi.binance.com/fapi/v1/klines?symbol=DUSKUSDT&interval=1d&limit=2 "HTTP/1.1 200 OK"
2026-03-20 08:05:01: 2026-03-20 08:05:01,368 - httpx - INFO - HTTP Request: GET https://fapi.binance.com/fapi/v1/klines?symbol=OPUSDT&interval=1d&limit=2 "HTTP/1.1 200 OK"
2026-03-20 08:05:01: 2026-03-20 08:05:01,371 - httpx - INFO - HTTP Request: GET https://fapi.binance.com/fapi/v1/klines?symbol=JASMYUSDT&interval=1d&limit=2 "HTTP/1.1 200 OK"
2026-03-20 08:05:01: 2026-03-20 08:05:01,381 - httpx - INFO - HTTP Request: GET https://fapi.binance.com/fapi/v1/klines?symbol=INJUSDT&interval=1d&limit=2 "HTTP/1.1 200 OK"
2026-03-20 08:05:01: 2026-03-20 08:05:01,418 - httpx - INFO - HTTP Request: GET https://fapi.binance.com/fapi/v1/klines?symbol=STGUSDT&interval=1d&limit=2 "HTTP/1.1 200 OK"
2026-03-20 08:05:01: 2026-03-20 08:05:01,420 - httpx - INFO - HTTP Request: GET https://fapi.binance.com/fapi/v1/klines?symbol=SPELLUSDT&interval=1d&limit=2 "HTTP/1.1 200 OK"
2026-03-20 08:05:01: 2026-03-20 08:05:01,423 - httpx - INFO - HTTP Request: GET https://fapi.binance.com/fapi/v1/klines?symbol=1000LUNCUSDT&interval=1d&limit=2 "HTTP/1.1 200 OK"
2026-03-20 08:05:01: 2026-03-20 08:05:01,445 - httpx - INFO - HTTP Request: GET https://fapi.binance.com/fapi/v1/klines?symbol=LUNA2USDT&interval=1d&limit=2 "HTTP/1.1 200 OK"
2026-03-20 08:05:01: 2026-03-20 08:05:01,450 - httpx - INFO - HTTP Request: GET https://fapi.binance.com/fapi/v1/klines?symbol=LDOUSDT&interval=1d&limit=2 "HTTP/1.1 200 OK"
2026-03-20 08:05:01: 2026-03-20 08:05:01,456 - httpx - INFO - HTTP Request: GET https://fapi.binance.com/fapi/v1/klines?symbol=ICPUSDT&interval=1d&limit=2 "HTTP/1.1 200 OK"
2026-03-20 08:05:01: 2026-03-20 08:05:01,467 - httpx - INFO - HTTP Request: GET https://fapi.binance.com/fapi/v1/klines?symbol=HIGHUSDT&interval=1d&limit=2 "HTTP/1.1 200 OK"
2026-03-20 08:05:01: 2026-03-20 08:05:01,469 - httpx - INFO - HTTP Request: GET https://fapi.binance.com/fapi/v1/klines?symbol=MAGICUSDT&interval=1d&limit=2 "HTTP/1.1 200 OK"
2026-03-20 08:05:01: 2026-03-20 08:05:01,469 - httpx - INFO - HTTP Request: GET https://fapi.binance.com/fapi/v1/klines?symbol=QNTUSDT&interval=1d&limit=2 "HTTP/1.1 200 OK"
2026-03-20 08:05:01: 2026-03-20 08:05:01,476 - httpx - INFO - HTTP Request: GET https://fapi.binance.com/fapi/v1/klines?symbol=PHBUSDT&interval=1d&limit=2 "HTTP/1.1 200 OK"
2026-03-20 08:05:01: 2026-03-20 08:05:01,476 - httpx - INFO - HTTP Request: GET https://fapi.binance.com/fapi/v1/klines?symbol=ASTRUSDT&interval=1d&limit=2 "HTTP/1.1 200 OK"
2026-03-20 08:05:01: 2026-03-20 08:05:01,477 - httpx - INFO - HTTP Request: GET https://fapi.binance.com/fapi/v1/klines?symbol=TUSDT&interval=1d&limit=2 "HTTP/1.1 200 OK"
2026-03-20 08:05:01: 2026-03-20 08:05:01,477 - httpx - INFO - HTTP Request: GET https://fapi.binance.com/fapi/v1/klines?symbol=HOOKUSDT&interval=1d&limit=2 "HTTP/1.1 200 OK"
2026-03-20 08:05:01: 2026-03-20 08:05:01,478 - httpx - INFO - HTTP Request: GET https://fapi.binance.com/fapi/v1/klines?symbol=MINAUSDT&interval=1d&limit=2 "HTTP/1.1 200 OK"
2026-03-20 08:05:01: 2026-03-20 08:05:01,478 - httpx - INFO - HTTP Request: GET https://fapi.binance.com/fapi/v1/klines?symbol=APTUSDT&interval=1d&limit=2 "HTTP/1.1 200 OK"
2026-03-20 08:05:01: 2026-03-20 08:05:01,482 - httpx - INFO - HTTP Request: GET https://fapi.binance.com/fapi/v1/klines?symbol=CFXUSDT&interval=1d&limit=2 "HTTP/1.1 200 OK"
2026-03-20 08:05:01: 2026-03-20 08:05:01,482 - httpx - INFO - HTTP Request: GET https://fapi.binance.com/fapi/v1/klines?symbol=GMXUSDT&interval=1d&limit=2 "HTTP/1.1 200 OK"
2026-03-20 08:05:01: 2026-03-20 08:05:01,483 - httpx - INFO - HTTP Request: GET https://fapi.binance.com/fapi/v1/klines?symbol=FETUSDT&interval=1d&limit=2 "HTTP/1.1 200 OK"
2026-03-20 08:05:01: 2026-03-20 08:05:01,486 - httpx - INFO - HTTP Request: GET https://fapi.binance.com/fapi/v1/klines?symbol=STXUSDT&interval=1d&limit=2 "HTTP/1.1 200 OK"
2026-03-20 08:05:01: 2026-03-20 08:05:01,493 - httpx - INFO - HTTP Request: GET https://fapi.binance.com/fapi/v1/klines?symbol=ACHUSDT&interval=1d&limit=2 "HTTP/1.1 200 OK"
2026-03-20 08:05:01: 2026-03-20 08:05:01,535 - httpx - INFO - HTTP Request: GET https://fapi.binance.com/fapi/v1/klines?symbol=SSVUSDT&interval=1d&limit=2 "HTTP/1.1 200 OK"
2026-03-20 08:05:01: 2026-03-20 08:05:01,540 - httpx - INFO - HTTP Request: GET https://fapi.binance.com/fapi/v1/klines?symbol=CKBUSDT&interval=1d&limit=2 "HTTP/1.1 200 OK"
2026-03-20 08:05:01: 2026-03-20 08:05:01,541 - httpx - INFO - HTTP Request: GET https://fapi.binance.com/fapi/v1/klines?symbol=TRUUSDT&interval=1d&limit=2 "HTTP/1.1 200 OK"
2026-03-20 08:05:01: 2026-03-20 08:05:01,566 - httpx - INFO - HTTP Request: GET https://fapi.binance.com/fapi/v1/klines?symbol=USDCUSDT&interval=1d&limit=2 "HTTP/1.1 200 OK"
2026-03-20 08:05:01: 2026-03-20 08:05:01,569 - httpx - INFO - HTTP Request: GET https://fapi.binance.com/fapi/v1/klines?symbol=LQTYUSDT&interval=1d&limit=2 "HTTP/1.1 200 OK"
2026-03-20 08:05:01: 2026-03-20 08:05:01,570 - httpx - INFO - HTTP Request: GET https://fapi.binance.com/fapi/v1/klines?symbol=IDUSDT&interval=1d&limit=2 "HTTP/1.1 200 OK"
2026-03-20 08:05:01: 2026-03-20 08:05:01,582 - httpx - INFO - HTTP Request: GET https://fapi.binance.com/fapi/v1/klines?symbol=ARBUSDT&interval=1d&limit=2 "HTTP/1.1 200 OK"
2026-03-20 08:05:01: 2026-03-20 08:05:01,584 - httpx - INFO - HTTP Request: GET https://fapi.binance.com/fapi/v1/klines?symbol=JOEUSDT&interval=1d&limit=2 "HTTP/1.1 200 OK"
2026-03-20 08:05:01: 2026-03-20 08:05:01,590 - httpx - INFO - HTTP Request: GET https://fapi.binance.com/fapi/v1/klines?symbol=TLMUSDT&interval=1d&limit=2 "HTTP/1.1 200 OK"
2026-03-20 08:05:01: 2026-03-20 08:05:01,596 - httpx - INFO - HTTP Request: GET https://fapi.binance.com/fapi/v1/klines?symbol=RDNTUSDT&interval=1d&limit=2 "HTTP/1.1 200 OK"
2026-03-20 08:05:01: 2026-03-20 08:05:01,599 - httpx - INFO - HTTP Request: GET https://fapi.binance.com/fapi/v1/klines?symbol=XVSUSDT&interval=1d&limit=2 "HTTP/1.1 200 OK"
2026-03-20 08:05:01: 2026-03-20 08:05:01,602 - httpx - INFO - HTTP Request: GET https://fapi.binance.com/fapi/v1/klines?symbol=BLURUSDT&interval=1d&limit=2 "HTTP/1.1 200 OK"
2026-03-20 08:05:01: 2026-03-20 08:05:01,606 - httpx - INFO - HTTP Request: GET https://fapi.binance.com/fapi/v1/klines?symbol=UMAUSDT&interval=1d&limit=2 "HTTP/1.1 200 OK"
2026-03-20 08:05:01: 2026-03-20 08:05:01,606 - httpx - INFO - HTTP Request: GET https://fapi.binance.com/fapi/v1/klines?symbol=1000PEPEUSDT&interval=1d&limit=2 "HTTP/1.1 200 OK"
2026-03-20 08:05:01: 2026-03-20 08:05:01,607 - httpx - INFO - HTTP Request: GET https://fapi.binance.com/fapi/v1/klines?symbol=HFTUSDT&interval=1d&limit=2 "HTTP/1.1 200 OK"
2026-03-20 08:05:01: 2026-03-20 08:05:01,607 - httpx - INFO - HTTP Request: GET https://fapi.binance.com/fapi/v1/klines?symbol=NMRUSDT&interval=1d&limit=2 "HTTP/1.1 200 OK"
2026-03-20 08:05:01: 2026-03-20 08:05:01,610 - httpx - INFO - HTTP Request: GET https://fapi.binance.com/fapi/v1/klines?symbol=MAVUSDT&interval=1d&limit=2 "HTTP/1.1 200 OK"
2026-03-20 08:05:01: 2026-03-20 08:05:01,614 - httpx - INFO - HTTP Request: GET https://fapi.binance.com/fapi/v1/klines?symbol=1000FLOKIUSDT&interval=1d&limit=2 "HTTP/1.1 200 OK"
2026-03-20 08:05:01: 2026-03-20 08:05:01,615 - httpx - INFO - HTTP Request: GET https://fapi.binance.com/fapi/v1/klines?symbol=EDUUSDT&interval=1d&limit=2 "HTTP/1.1 200 OK"
2026-03-20 08:05:01: 2026-03-20 08:05:01,618 - httpx - INFO - HTTP Request: GET https://fapi.binance.com/fapi/v1/klines?symbol=SUIUSDT&interval=1d&limit=2 "HTTP/1.1 200 OK"
2026-03-20 08:05:01: 2026-03-20 08:05:01,651 - httpx - INFO - HTTP Request: GET https://fapi.binance.com/fapi/v1/klines?symbol=XVGUSDT&interval=1d&limit=2 "HTTP/1.1 200 OK"
2026-03-20 08:05:01: 2026-03-20 08:05:01,654 - httpx - INFO - HTTP Request: GET https://fapi.binance.com/fapi/v1/klines?symbol=PENDLEUSDT&interval=1d&limit=2 "HTTP/1.1 200 OK"
2026-03-20 08:05:01: 2026-03-20 08:05:01,657 - httpx - INFO - HTTP Request: GET https://fapi.binance.com/fapi/v1/klines?symbol=WLDUSDT&interval=1d&limit=2 "HTTP/1.1 200 OK"
2026-03-20 08:05:01: 2026-03-20 08:05:01,683 - httpx - INFO - HTTP Request: GET https://fapi.binance.com/fapi/v1/klines?symbol=ARKMUSDT&interval=1d&limit=2 "HTTP/1.1 200 OK"
2026-03-20 08:05:01: 2026-03-20 08:05:01,687 - httpx - INFO - HTTP Request: GET https://fapi.binance.com/fapi/v1/klines?symbol=YGGUSDT&interval=1d&limit=2 "HTTP/1.1 200 OK"
2026-03-20 08:05:01: 2026-03-20 08:05:01,690 - httpx - INFO - HTTP Request: GET https://fapi.binance.com/fapi/v1/klines?symbol=AGLDUSDT&interval=1d&limit=2 "HTTP/1.1 200 OK"
2026-03-20 08:05:01: 2026-03-20 08:05:01,697 - httpx - INFO - HTTP Request: GET https://fapi.binance.com/fapi/v1/klines?symbol=DODOXUSDT&interval=1d&limit=2 "HTTP/1.1 200 OK"
2026-03-20 08:05:01: 2026-03-20 08:05:01,702 - httpx - INFO - HTTP Request: GET https://fapi.binance.com/fapi/v1/klines?symbol=BNTUSDT&interval=1d&limit=2 "HTTP/1.1 200 OK"
2026-03-20 08:05:01: 2026-03-20 08:05:01,708 - httpx - INFO - HTTP Request: GET https://fapi.binance.com/fapi/v1/klines?symbol=OXTUSDT&interval=1d&limit=2 "HTTP/1.1 200 OK"
2026-03-20 08:05:01: 2026-03-20 08:05:01,713 - httpx - INFO - HTTP Request: GET https://fapi.binance.com/fapi/v1/klines?symbol=SEIUSDT&interval=1d&limit=2 "HTTP/1.1 200 OK"
2026-03-20 08:05:01: 2026-03-20 08:05:01,729 - httpx - INFO - HTTP Request: GET https://fapi.binance.com/fapi/v1/klines?symbol=CYBERUSDT&interval=1d&limit=2 "HTTP/1.1 200 OK"
2026-03-20 08:05:01: 2026-03-20 08:05:01,734 - httpx - INFO - HTTP Request: GET https://fapi.binance.com/fapi/v1/klines?symbol=RIFUSDT&interval=1d&limit=2 "HTTP/1.1 200 OK"
2026-03-20 08:05:01: 2026-03-20 08:05:01,738 - httpx - INFO - HTTP Request: GET https://fapi.binance.com/fapi/v1/klines?symbol=POWRUSDT&interval=1d&limit=2 "HTTP/1.1 200 OK"
2026-03-20 08:05:01: 2026-03-20 08:05:01,739 - httpx - INFO - HTTP Request: GET https://fapi.binance.com/fapi/v1/klines?symbol=ARKUSDT&interval=1d&limit=2 "HTTP/1.1 200 OK"
2026-03-20 08:05:01: 2026-03-20 08:05:01,740 - httpx - INFO - HTTP Request: GET https://fapi.binance.com/fapi/v1/klines?symbol=WAXPUSDT&interval=1d&limit=2 "HTTP/1.1 200 OK"
2026-03-20 08:05:01: 2026-03-20 08:05:01,742 - httpx - INFO - HTTP Request: GET https://fapi.binance.com/fapi/v1/klines?symbol=BIGTIMEUSDT&interval=1d&limit=2 "HTTP/1.1 200 OK"
2026-03-20 08:05:01: 2026-03-20 08:05:01,743 - httpx - INFO - HTTP Request: GET https://fapi.binance.com/fapi/v1/klines?symbol=GASUSDT&interval=1d&limit=2 "HTTP/1.1 200 OK"
2026-03-20 08:05:01: 2026-03-20 08:05:01,744 - httpx - INFO - HTTP Request: GET https://fapi.binance.com/fapi/v1/klines?symbol=BSVUSDT&interval=1d&limit=2 "HTTP/1.1 200 OK"
2026-03-20 08:05:01: 2026-03-20 08:05:01,745 - httpx - INFO - HTTP Request: GET https://fapi.binance.com/fapi/v1/klines?symbol=POLYXUSDT&interval=1d&limit=2 "HTTP/1.1 200 OK"
2026-03-20 08:05:01: 2026-03-20 08:05:01,746 - httpx - INFO - HTTP Request: GET https://fapi.binance.com/fapi/v1/klines?symbol=BICOUSDT&interval=1d&limit=2 "HTTP/1.1 200 OK"
2026-03-20 08:05:01: 2026-03-20 08:05:01,768 - httpx - INFO - HTTP Request: GET https://fapi.binance.com/fapi/v1/klines?symbol=TIAUSDT&interval=1d&limit=2 "HTTP/1.1 200 OK"
2026-03-20 08:05:01: 2026-03-20 08:05:01,769 - httpx - INFO - HTTP Request: GET https://fapi.binance.com/fapi/v1/klines?symbol=CAKEUSDT&interval=1d&limit=2 "HTTP/1.1 200 OK"
2026-03-20 08:05:01: 2026-03-20 08:05:01,773 - httpx - INFO - HTTP Request: GET https://fapi.binance.com/fapi/v1/klines?symbol=MEMEUSDT&interval=1d&limit=2 "HTTP/1.1 200 OK"
2026-03-20 08:05:01: 2026-03-20 08:05:01,797 - httpx - INFO - HTTP Request: GET https://fapi.binance.com/fapi/v1/klines?symbol=TWTUSDT&interval=1d&limit=2 "HTTP/1.1 200 OK"
2026-03-20 08:05:01: 2026-03-20 08:05:01,806 - httpx - INFO - HTTP Request: GET https://fapi.binance.com/fapi/v1/klines?symbol=ORDIUSDT&interval=1d&limit=2 "HTTP/1.1 200 OK"
2026-03-20 08:05:01: 2026-03-20 08:05:01,809 - httpx - INFO - HTTP Request: GET https://fapi.binance.com/fapi/v1/klines?symbol=STEEMUSDT&interval=1d&limit=2 "HTTP/1.1 200 OK"
2026-03-20 08:05:01: 2026-03-20 08:05:01,820 - httpx - INFO - HTTP Request: GET https://fapi.binance.com/fapi/v1/klines?symbol=NTRNUSDT&interval=1d&limit=2 "HTTP/1.1 200 OK"
2026-03-20 08:05:01: 2026-03-20 08:05:01,823 - httpx - INFO - HTTP Request: GET https://fapi.binance.com/fapi/v1/klines?symbol=ILVUSDT&interval=1d&limit=2 "HTTP/1.1 200 OK"
2026-03-20 08:05:01: 2026-03-20 08:05:01,825 - httpx - INFO - HTTP Request: GET https://fapi.binance.com/fapi/v1/klines?symbol=KASUSDT&interval=1d&limit=2 "HTTP/1.1 200 OK"
2026-03-20 08:05:01: 2026-03-20 08:05:01,827 - httpx - INFO - HTTP Request: GET https://fapi.binance.com/fapi/v1/klines?symbol=BEAMXUSDT&interval=1d&limit=2 "HTTP/1.1 200 OK"
2026-03-20 08:05:01: 2026-03-20 08:05:01,862 - httpx - INFO - HTTP Request: GET https://fapi.binance.com/fapi/v1/klines?symbol=USTCUSDT&interval=1d&limit=2 "HTTP/1.1 200 OK"
2026-03-20 08:05:01: 2026-03-20 08:05:01,867 - httpx - INFO - HTTP Request: GET https://fapi.binance.com/fapi/v1/klines?symbol=AUCTIONUSDT&interval=1d&limit=2 "HTTP/1.1 200 OK"
2026-03-20 08:05:01: 2026-03-20 08:05:01,868 - httpx - INFO - HTTP Request: GET https://fapi.binance.com/fapi/v1/klines?symbol=JTOUSDT&interval=1d&limit=2 "HTTP/1.1 200 OK"
2026-03-20 08:05:01: 2026-03-20 08:05:01,869 - httpx - INFO - HTTP Request: GET https://fapi.binance.com/fapi/v1/klines?symbol=SUPERUSDT&interval=1d&limit=2 "HTTP/1.1 200 OK"
2026-03-20 08:05:01: 2026-03-20 08:05:01,870 - httpx - INFO - HTTP Request: GET https://fapi.binance.com/fapi/v1/klines?symbol=1000RATSUSDT&interval=1d&limit=2 "HTTP/1.1 200 OK"
2026-03-20 08:05:01: 2026-03-20 08:05:01,870 - httpx - INFO - HTTP Request: GET https://fapi.binance.com/fapi/v1/klines?symbol=PYTHUSDT&interval=1d&limit=2 "HTTP/1.1 200 OK"
2026-03-20 08:05:01: 2026-03-20 08:05:01,871 - httpx - INFO - HTTP Request: GET https://fapi.binance.com/fapi/v1/klines?symbol=1000BONKUSDT&interval=1d&limit=2 "HTTP/1.1 200 OK"
2026-03-20 08:05:01: 2026-03-20 08:05:01,874 - httpx - INFO - HTTP Request: GET https://fapi.binance.com/fapi/v1/klines?symbol=ONGUSDT&interval=1d&limit=2 "HTTP/1.1 200 OK"
2026-03-20 08:05:01: 2026-03-20 08:05:01,885 - httpx - INFO - HTTP Request: GET https://fapi.binance.com/fapi/v1/klines?symbol=1000SATSUSDT&interval=1d&limit=2 "HTTP/1.1 200 OK"
2026-03-20 08:05:01: 2026-03-20 08:05:01,885 - httpx - INFO - HTTP Request: GET https://fapi.binance.com/fapi/v1/klines?symbol=ETHWUSDT&interval=1d&limit=2 "HTTP/1.1 200 OK"
2026-03-20 08:05:01: 2026-03-20 08:05:01,888 - httpx - INFO - HTTP Request: GET https://fapi.binance.com/fapi/v1/klines?symbol=MOVRUSDT&interval=1d&limit=2 "HTTP/1.1 200 OK"
2026-03-20 08:05:01: 2026-03-20 08:05:01,889 - httpx - INFO - HTTP Request: GET https://fapi.binance.com/fapi/v1/klines?symbol=ACEUSDT&interval=1d&limit=2 "HTTP/1.1 200 OK"
2026-03-20 08:05:01: 2026-03-20 08:05:01,892 - httpx - INFO - HTTP Request: GET https://fapi.binance.com/fapi/v1/klines?symbol=NFPUSDT&interval=1d&limit=2 "HTTP/1.1 200 OK"
2026-03-20 08:05:01: 2026-03-20 08:05:01,915 - httpx - INFO - HTTP Request: GET https://fapi.binance.com/fapi/v1/klines?symbol=AIUSDT&interval=1d&limit=2 "HTTP/1.1 200 OK"
2026-03-20 08:05:01: 2026-03-20 08:05:01,922 - httpx - INFO - HTTP Request: GET https://fapi.binance.com/fapi/v1/klines?symbol=XAIUSDT&interval=1d&limit=2 "HTTP/1.1 200 OK"
2026-03-20 08:05:01: 2026-03-20 08:05:01,933 - httpx - INFO - HTTP Request: GET https://fapi.binance.com/fapi/v1/klines?symbol=WIFUSDT&interval=1d&limit=2 "HTTP/1.1 200 OK"
2026-03-20 08:05:01: 2026-03-20 08:05:01,937 - httpx - INFO - HTTP Request: GET https://fapi.binance.com/fapi/v1/klines?symbol=MANTAUSDT&interval=1d&limit=2 "HTTP/1.1 200 OK"
2026-03-20 08:05:01: 2026-03-20 08:05:01,939 - httpx - INFO - HTTP Request: GET https://fapi.binance.com/fapi/v1/klines?symbol=ONDOUSDT&interval=1d&limit=2 "HTTP/1.1 200 OK"
2026-03-20 08:05:01: 2026-03-20 08:05:01,942 - httpx - INFO - HTTP Request: GET https://fapi.binance.com/fapi/v1/klines?symbol=LSKUSDT&interval=1d&limit=2 "HTTP/1.1 200 OK"
2026-03-20 08:05:01: 2026-03-20 08:05:01,943 - httpx - INFO - HTTP Request: GET https://fapi.binance.com/fapi/v1/klines?symbol=ALTUSDT&interval=1d&limit=2 "HTTP/1.1 200 OK"
2026-03-20 08:05:02: 2026-03-20 08:05:02,000 - httpx - INFO - HTTP Request: GET https://fapi.binance.com/fapi/v1/klines?symbol=JUPUSDT&interval=1d&limit=2 "HTTP/1.1 200 OK"
2026-03-20 08:05:02: 2026-03-20 08:05:02,003 - httpx - INFO - HTTP Request: GET https://fapi.binance.com/fapi/v1/klines?symbol=ZETAUSDT&interval=1d&limit=2 "HTTP/1.1 200 OK"
2026-03-20 08:05:02: 2026-03-20 08:05:02,007 - httpx - INFO - HTTP Request: GET https://fapi.binance.com/fapi/v1/klines?symbol=TONUSDT&interval=1d&limit=2 "HTTP/1.1 200 OK"
2026-03-20 08:05:02: 2026-03-20 08:05:02,014 - httpx - INFO - HTTP Request: GET https://fapi.binance.com/fapi/v1/klines?symbol=RONINUSDT&interval=1d&limit=2 "HTTP/1.1 200 OK"
2026-03-20 08:05:02: 2026-03-20 08:05:02,018 - httpx - INFO - HTTP Request: GET https://fapi.binance.com/fapi/v1/klines?symbol=DYMUSDT&interval=1d&limit=2 "HTTP/1.1 200 OK"
2026-03-20 08:05:02: 2026-03-20 08:05:02,019 - httpx - INFO - HTTP Request: GET https://fapi.binance.com/fapi/v1/klines?symbol=PIXELUSDT&interval=1d&limit=2 "HTTP/1.1 200 OK"
2026-03-20 08:05:02: 2026-03-20 08:05:02,029 - httpx - INFO - HTTP Request: GET https://fapi.binance.com/fapi/v1/klines?symbol=STRKUSDT&interval=1d&limit=2 "HTTP/1.1 200 OK"
2026-03-20 08:05:02: 2026-03-20 08:05:02,031 - httpx - INFO - HTTP Request: GET https://fapi.binance.com/fapi/v1/klines?symbol=METISUSDT&interval=1d&limit=2 "HTTP/1.1 200 OK"
2026-03-20 08:05:02: 2026-03-20 08:05:02,032 - httpx - INFO - HTTP Request: GET https://fapi.binance.com/fapi/v1/klines?symbol=AXLUSDT&interval=1d&limit=2 "HTTP/1.1 200 OK"
2026-03-20 08:05:02: 2026-03-20 08:05:02,037 - httpx - INFO - HTTP Request: GET https://fapi.binance.com/fapi/v1/klines?symbol=AEVOUSDT&interval=1d&limit=2 "HTTP/1.1 200 OK"
2026-03-20 08:05:02: 2026-03-20 08:05:02,037 - httpx - INFO - HTTP Request: GET https://fapi.binance.com/fapi/v1/klines?symbol=GLMUSDT&interval=1d&limit=2 "HTTP/1.1 200 OK"
2026-03-20 08:05:02: 2026-03-20 08:05:02,038 - httpx - INFO - HTTP Request: GET https://fapi.binance.com/fapi/v1/klines?symbol=PORTALUSDT&interval=1d&limit=2 "HTTP/1.1 200 OK"
2026-03-20 08:05:02: 2026-03-20 08:05:02,038 - httpx - INFO - HTTP Request: GET https://fapi.binance.com/fapi/v1/klines?symbol=VANRYUSDT&interval=1d&limit=2 "HTTP/1.1 200 OK"
2026-03-20 08:05:02: 2026-03-20 08:05:02,042 - httpx - INFO - HTTP Request: GET https://fapi.binance.com/fapi/v1/klines?symbol=BOMEUSDT&interval=1d&limit=2 "HTTP/1.1 200 OK"
2026-03-20 08:05:02: 2026-03-20 08:05:02,047 - httpx - INFO - HTTP Request: GET https://fapi.binance.com/fapi/v1/klines?symbol=ETHFIUSDT&interval=1d&limit=2 "HTTP/1.1 200 OK"
2026-03-20 08:05:02: 2026-03-20 08:05:02,051 - httpx - INFO - HTTP Request: GET https://fapi.binance.com/fapi/v1/klines?symbol=ENAUSDT&interval=1d&limit=2 "HTTP/1.1 200 OK"
2026-03-20 08:05:02: 2026-03-20 08:05:02,054 - httpx - INFO - HTTP Request: GET https://fapi.binance.com/fapi/v1/klines?symbol=WUSDT&interval=1d&limit=2 "HTTP/1.1 200 OK"
2026-03-20 08:05:02: 2026-03-20 08:05:02,068 - httpx - INFO - HTTP Request: GET https://fapi.binance.com/fapi/v1/klines?symbol=TNSRUSDT&interval=1d&limit=2 "HTTP/1.1 200 OK"
2026-03-20 08:05:02: 2026-03-20 08:05:02,073 - httpx - INFO - HTTP Request: GET https://fapi.binance.com/fapi/v1/klines?symbol=SAGAUSDT&interval=1d&limit=2 "HTTP/1.1 200 OK"
2026-03-20 08:05:02: 2026-03-20 08:05:02,074 - httpx - INFO - HTTP Request: GET https://fapi.binance.com/fapi/v1/klines?symbol=TAOUSDT&interval=1d&limit=2 "HTTP/1.1 200 OK"
2026-03-20 08:05:02: 2026-03-20 08:05:02,121 - httpx - INFO - HTTP Request: GET https://fapi.binance.com/fapi/v1/klines?symbol=BBUSDT&interval=1d&limit=2 "HTTP/1.1 200 OK"
2026-03-20 08:05:02: 2026-03-20 08:05:02,132 - httpx - INFO - HTTP Request: GET https://fapi.binance.com/fapi/v1/klines?symbol=REZUSDT&interval=1d&limit=2 "HTTP/1.1 200 OK"
2026-03-20 08:05:02: 2026-03-20 08:05:02,138 - httpx - INFO - HTTP Request: GET https://fapi.binance.com/fapi/v1/klines?symbol=NOTUSDT&interval=1d&limit=2 "HTTP/1.1 200 OK"
2026-03-20 08:05:02: 2026-03-20 08:05:02,160 - httpx - INFO - HTTP Request: GET https://fapi.binance.com/fapi/v1/klines?symbol=TURBOUSDT&interval=1d&limit=2 "HTTP/1.1 200 OK"
2026-03-20 08:05:02: 2026-03-20 08:05:02,169 - httpx - INFO - HTTP Request: GET https://fapi.binance.com/fapi/v1/klines?symbol=LISTAUSDT&interval=1d&limit=2 "HTTP/1.1 200 OK"
2026-03-20 08:05:02: 2026-03-20 08:05:02,170 - httpx - INFO - HTTP Request: GET https://fapi.binance.com/fapi/v1/klines?symbol=RENDERUSDT&interval=1d&limit=2 "HTTP/1.1 200 OK"
2026-03-20 08:05:02: 2026-03-20 08:05:02,174 - httpx - INFO - HTTP Request: GET https://fapi.binance.com/fapi/v1/klines?symbol=ZKUSDT&interval=1d&limit=2 "HTTP/1.1 200 OK"
2026-03-20 08:05:02: 2026-03-20 08:05:02,176 - httpx - INFO - HTTP Request: GET https://fapi.binance.com/fapi/v1/klines?symbol=SYSUSDT&interval=1d&limit=2 "HTTP/1.1 200 OK"
2026-03-20 08:05:02: 2026-03-20 08:05:02,180 - httpx - INFO - HTTP Request: GET https://fapi.binance.com/fapi/v1/klines?symbol=BANANAUSDT&interval=1d&limit=2 "HTTP/1.1 200 OK"
2026-03-20 08:05:02: 2026-03-20 08:05:02,180 - httpx - INFO - HTTP Request: GET https://fapi.binance.com/fapi/v1/klines?symbol=POPCATUSDT&interval=1d&limit=2 "HTTP/1.1 200 OK"
2026-03-20 08:05:02: 2026-03-20 08:05:02,181 - httpx - INFO - HTTP Request: GET https://fapi.binance.com/fapi/v1/klines?symbol=ZROUSDT&interval=1d&limit=2 "HTTP/1.1 200 OK"
2026-03-20 08:05:02: 2026-03-20 08:05:02,181 - httpx - INFO - HTTP Request: GET https://fapi.binance.com/fapi/v1/klines?symbol=SYNUSDT&interval=1d&limit=2 "HTTP/1.1 200 OK"
2026-03-20 08:05:02: 2026-03-20 08:05:02,182 - httpx - INFO - HTTP Request: GET https://fapi.binance.com/fapi/v1/klines?symbol=BRETTUSDT&interval=1d&limit=2 "HTTP/1.1 200 OK"
2026-03-20 08:05:02: 2026-03-20 08:05:02,187 - httpx - INFO - HTTP Request: GET https://fapi.binance.com/fapi/v1/klines?symbol=RAREUSDT&interval=1d&limit=2 "HTTP/1.1 200 OK"
2026-03-20 08:05:02: 2026-03-20 08:05:02,187 - httpx - INFO - HTTP Request: GET https://fapi.binance.com/fapi/v1/klines?symbol=MEWUSDT&interval=1d&limit=2 "HTTP/1.1 200 OK"
2026-03-20 08:05:02: 2026-03-20 08:05:02,187 - httpx - INFO - HTTP Request: GET https://fapi.binance.com/fapi/v1/klines?symbol=SUNUSDT&interval=1d&limit=2 "HTTP/1.1 200 OK"
2026-03-20 08:05:02: 2026-03-20 08:05:02,189 - httpx - INFO - HTTP Request: GET https://fapi.binance.com/fapi/v1/klines?symbol=GUSDT&interval=1d&limit=2 "HTTP/1.1 200 OK"
2026-03-20 08:05:02: 2026-03-20 08:05:02,189 - httpx - INFO - HTTP Request: GET https://fapi.binance.com/fapi/v1/klines?symbol=IOUSDT&interval=1d&limit=2 "HTTP/1.1 200 OK"
2026-03-20 08:05:02: 2026-03-20 08:05:02,194 - httpx - INFO - HTTP Request: GET https://fapi.binance.com/fapi/v1/klines?symbol=MBOXUSDT&interval=1d&limit=2 "HTTP/1.1 200 OK"
2026-03-20 08:05:02: 2026-03-20 08:05:02,194 - httpx - INFO - HTTP Request: GET https://fapi.binance.com/fapi/v1/klines?symbol=DOGSUSDT&interval=1d&limit=2 "HTTP/1.1 200 OK"
2026-03-20 08:05:02: 2026-03-20 08:05:02,237 - httpx - INFO - HTTP Request: GET https://fapi.binance.com/fapi/v1/klines?symbol=FLUXUSDT&interval=1d&limit=2 "HTTP/1.1 200 OK"
2026-03-20 08:05:02: 2026-03-20 08:05:02,247 - httpx - INFO - HTTP Request: GET https://fapi.binance.com/fapi/v1/klines?symbol=RPLUSDT&interval=1d&limit=2 "HTTP/1.1 200 OK"
2026-03-20 08:05:02: 2026-03-20 08:05:02,254 - httpx - INFO - HTTP Request: GET https://fapi.binance.com/fapi/v1/klines?symbol=POLUSDT&interval=1d&limit=2 "HTTP/1.1 200 OK"
2026-03-20 08:05:02: 2026-03-20 08:05:02,286 - httpx - INFO - HTTP Request: GET https://fapi.binance.com/fapi/v1/klines?symbol=1MBABYDOGEUSDT&interval=1d&limit=2 "HTTP/1.1 200 OK"
2026-03-20 08:05:02: 2026-03-20 08:05:02,296 - httpx - INFO - HTTP Request: GET https://fapi.binance.com/fapi/v1/klines?symbol=NEIROUSDT&interval=1d&limit=2 "HTTP/1.1 200 OK"
2026-03-20 08:05:02: 2026-03-20 08:05:02,301 - httpx - INFO - HTTP Request: GET https://fapi.binance.com/fapi/v1/klines?symbol=FIOUSDT&interval=1d&limit=2 "HTTP/1.1 200 OK"
2026-03-20 08:05:02: 2026-03-20 08:05:02,306 - httpx - INFO - HTTP Request: GET https://fapi.binance.com/fapi/v1/klines?symbol=FIDAUSDT&interval=1d&limit=2 "HTTP/1.1 200 OK"
2026-03-20 08:05:02: 2026-03-20 08:05:02,310 - httpx - INFO - HTTP Request: GET https://fapi.binance.com/fapi/v1/klines?symbol=CATIUSDT&interval=1d&limit=2 "HTTP/1.1 200 OK"
2026-03-20 08:05:02: 2026-03-20 08:05:02,312 - httpx - INFO - HTTP Request: GET https://fapi.binance.com/fapi/v1/klines?symbol=HMSTRUSDT&interval=1d&limit=2 "HTTP/1.1 200 OK"
2026-03-20 08:05:02: 2026-03-20 08:05:02,313 - httpx - INFO - HTTP Request: GET https://fapi.binance.com/fapi/v1/klines?symbol=SCRUSDT&interval=1d&limit=2 "HTTP/1.1 200 OK"
2026-03-20 08:05:02: 2026-03-20 08:05:02,315 - httpx - INFO - HTTP Request: GET https://fapi.binance.com/fapi/v1/klines?symbol=GOATUSDT&interval=1d&limit=2 "HTTP/1.1 200 OK"
2026-03-20 08:05:02: 2026-03-20 08:05:02,318 - httpx - INFO - HTTP Request: GET https://fapi.binance.com/fapi/v1/klines?symbol=SAFEUSDT&interval=1d&limit=2 "HTTP/1.1 200 OK"
2026-03-20 08:05:02: 2026-03-20 08:05:02,319 - httpx - INFO - HTTP Request: GET https://fapi.binance.com/fapi/v1/klines?symbol=COSUSDT&interval=1d&limit=2 "HTTP/1.1 200 OK"
2026-03-20 08:05:02: 2026-03-20 08:05:02,320 - httpx - INFO - HTTP Request: GET https://fapi.binance.com/fapi/v1/klines?symbol=COWUSDT&interval=1d&limit=2 "HTTP/1.1 200 OK"
2026-03-20 08:05:02: 2026-03-20 08:05:02,320 - httpx - INFO - HTTP Request: GET https://fapi.binance.com/fapi/v1/klines?symbol=DIAUSDT&interval=1d&limit=2 "HTTP/1.1 200 OK"
2026-03-20 08:05:02: 2026-03-20 08:05:02,322 - httpx - INFO - HTTP Request: GET https://fapi.binance.com/fapi/v1/klines?symbol=MOODENGUSDT&interval=1d&limit=2 "HTTP/1.1 200 OK"
2026-03-20 08:05:02: 2026-03-20 08:05:02,322 - httpx - INFO - HTTP Request: GET https://fapi.binance.com/fapi/v1/klines?symbol=SANTOSUSDT&interval=1d&limit=2 "HTTP/1.1 200 OK"
2026-03-20 08:05:02: 2026-03-20 08:05:02,323 - httpx - INFO - HTTP Request: GET https://fapi.binance.com/fapi/v1/klines?symbol=CETUSUSDT&interval=1d&limit=2 "HTTP/1.1 200 OK"
2026-03-20 08:05:02: 2026-03-20 08:05:02,327 - httpx - INFO - HTTP Request: GET https://fapi.binance.com/fapi/v1/klines?symbol=1000CATUSDT&interval=1d&limit=2 "HTTP/1.1 200 OK"
2026-03-20 08:05:02: 2026-03-20 08:05:02,328 - httpx - INFO - HTTP Request: GET https://fapi.binance.com/fapi/v1/klines?symbol=EIGENUSDT&interval=1d&limit=2 "HTTP/1.1 200 OK"
2026-03-20 08:05:02: 2026-03-20 08:05:02,349 - httpx - INFO - HTTP Request: GET https://fapi.binance.com/fapi/v1/klines?symbol=1000000MOGUSDT&interval=1d&limit=2 "HTTP/1.1 200 OK"
2026-03-20 08:05:02: 2026-03-20 08:05:02,363 - httpx - INFO - HTTP Request: GET https://fapi.binance.com/fapi/v1/klines?symbol=GRASSUSDT&interval=1d&limit=2 "HTTP/1.1 200 OK"
2026-03-20 08:05:02: 2026-03-20 08:05:02,368 - httpx - INFO - HTTP Request: GET https://fapi.binance.com/fapi/v1/klines?symbol=DRIFTUSDT&interval=1d&limit=2 "HTTP/1.1 200 OK"
2026-03-20 08:05:02: 2026-03-20 08:05:02,407 - httpx - INFO - HTTP Request: GET https://fapi.binance.com/fapi/v1/klines?symbol=ACTUSDT&interval=1d&limit=2 "HTTP/1.1 200 OK"
2026-03-20 08:05:02: 2026-03-20 08:05:02,413 - httpx - INFO - HTTP Request: GET https://fapi.binance.com/fapi/v1/klines?symbol=PNUTUSDT&interval=1d&limit=2 "HTTP/1.1 200 OK"
2026-03-20 08:05:02: 2026-03-20 08:05:02,422 - httpx - INFO - HTTP Request: GET https://fapi.binance.com/fapi/v1/klines?symbol=HIPPOUSDT&interval=1d&limit=2 "HTTP/1.1 200 OK"
2026-03-20 08:05:02: 2026-03-20 08:05:02,426 - httpx - INFO - HTTP Request: GET https://fapi.binance.com/fapi/v1/klines?symbol=DEGENUSDT&interval=1d&limit=2 "HTTP/1.1 200 OK"
2026-03-20 08:05:02: 2026-03-20 08:05:02,432 - httpx - INFO - HTTP Request: GET https://fapi.binance.com/fapi/v1/klines?symbol=BANUSDT&interval=1d&limit=2 "HTTP/1.1 200 OK"
2026-03-20 08:05:02: 2026-03-20 08:05:02,434 - httpx - INFO - HTTP Request: GET https://fapi.binance.com/fapi/v1/klines?symbol=SCRTUSDT&interval=1d&limit=2 "HTTP/1.1 200 OK"
2026-03-20 08:05:02: 2026-03-20 08:05:02,434 - httpx - INFO - HTTP Request: GET https://fapi.binance.com/fapi/v1/klines?symbol=AKTUSDT&interval=1d&limit=2 "HTTP/1.1 200 OK"
2026-03-20 08:05:02: 2026-03-20 08:05:02,439 - httpx - INFO - HTTP Request: GET https://fapi.binance.com/fapi/v1/klines?symbol=1000CHEEMSUSDT&interval=1d&limit=2 "HTTP/1.1 200 OK"
2026-03-20 08:05:02: 2026-03-20 08:05:02,444 - httpx - INFO - HTTP Request: GET https://fapi.binance.com/fapi/v1/klines?symbol=AEROUSDT&interval=1d&limit=2 "HTTP/1.1 200 OK"
2026-03-20 08:05:02: 2026-03-20 08:05:02,446 - httpx - INFO - HTTP Request: GET https://fapi.binance.com/fapi/v1/klines?symbol=MORPHOUSDT&interval=1d&limit=2 "HTTP/1.1 200 OK"
2026-03-20 08:05:02: 2026-03-20 08:05:02,448 - httpx - INFO - HTTP Request: GET https://fapi.binance.com/fapi/v1/klines?symbol=RAYSOLUSDT&interval=1d&limit=2 "HTTP/1.1 200 OK"
2026-03-20 08:05:02: 2026-03-20 08:05:02,448 - httpx - INFO - HTTP Request: GET https://fapi.binance.com/fapi/v1/klines?symbol=ORCAUSDT&interval=1d&limit=2 "HTTP/1.1 200 OK"
2026-03-20 08:05:02: 2026-03-20 08:05:02,449 - httpx - INFO - HTTP Request: GET https://fapi.binance.com/fapi/v1/klines?symbol=KAIAUSDT&interval=1d&limit=2 "HTTP/1.1 200 OK"
2026-03-20 08:05:02: 2026-03-20 08:05:02,449 - httpx - INFO - HTTP Request: GET https://fapi.binance.com/fapi/v1/klines?symbol=THEUSDT&interval=1d&limit=2 "HTTP/1.1 200 OK"
2026-03-20 08:05:02: 2026-03-20 08:05:02,453 - httpx - INFO - HTTP Request: GET https://fapi.binance.com/fapi/v1/klines?symbol=ACXUSDT&interval=1d&limit=2 "HTTP/1.1 200 OK"
2026-03-20 08:05:02: 2026-03-20 08:05:02,454 - httpx - INFO - HTTP Request: GET https://fapi.binance.com/fapi/v1/klines?symbol=CHILLGUYUSDT&interval=1d&limit=2 "HTTP/1.1 200 OK"
2026-03-20 08:05:02: 2026-03-20 08:05:02,463 - httpx - INFO - HTTP Request: GET https://fapi.binance.com/fapi/v1/klines?symbol=KOMAUSDT&interval=1d&limit=2 "HTTP/1.1 200 OK"
2026-03-20 08:05:02: 2026-03-20 08:05:02,464 - httpx - INFO - HTTP Request: GET https://fapi.binance.com/fapi/v1/klines?symbol=MOVEUSDT&interval=1d&limit=2 "HTTP/1.1 200 OK"
2026-03-20 08:05:02: 2026-03-20 08:05:02,476 - httpx - INFO - HTTP Request: GET https://fapi.binance.com/fapi/v1/klines?symbol=VIRTUALUSDT&interval=1d&limit=2 "HTTP/1.1 200 OK"
2026-03-20 08:05:02: 2026-03-20 08:05:02,482 - httpx - INFO - HTTP Request: GET https://fapi.binance.com/fapi/v1/klines?symbol=SPXUSDT&interval=1d&limit=2 "HTTP/1.1 200 OK"
2026-03-20 08:05:02: 2026-03-20 08:05:02,526 - httpx - INFO - HTTP Request: GET https://fapi.binance.com/fapi/v1/klines?symbol=MEUSDT&interval=1d&limit=2 "HTTP/1.1 200 OK"
2026-03-20 08:05:02: 2026-03-20 08:05:02,529 - httpx - INFO - HTTP Request: GET https://fapi.binance.com/fapi/v1/klines?symbol=AVAUSDT&interval=1d&limit=2 "HTTP/1.1 200 OK"
2026-03-20 08:05:02: 2026-03-20 08:05:02,542 - httpx - INFO - HTTP Request: GET https://fapi.binance.com/fapi/v1/klines?symbol=DEGOUSDT&interval=1d&limit=2 "HTTP/1.1 200 OK"
2026-03-20 08:05:02: 2026-03-20 08:05:02,548 - httpx - INFO - HTTP Request: GET https://fapi.binance.com/fapi/v1/klines?symbol=PENGUUSDT&interval=1d&limit=2 "HTTP/1.1 200 OK"
2026-03-20 08:05:02: 2026-03-20 08:05:02,550 - httpx - INFO - HTTP Request: GET https://fapi.binance.com/fapi/v1/klines?symbol=VELODROMEUSDT&interval=1d&limit=2 "HTTP/1.1 200 OK"
2026-03-20 08:05:02: 2026-03-20 08:05:02,555 - httpx - INFO - HTTP Request: GET https://fapi.binance.com/fapi/v1/klines?symbol=VANAUSDT&interval=1d&limit=2 "HTTP/1.1 200 OK"
2026-03-20 08:05:02: 2026-03-20 08:05:02,556 - httpx - INFO - HTTP Request: GET https://fapi.binance.com/fapi/v1/klines?symbol=LUMIAUSDT&interval=1d&limit=2 "HTTP/1.1 200 OK"
2026-03-20 08:05:02: 2026-03-20 08:05:02,556 - httpx - INFO - HTTP Request: GET https://fapi.binance.com/fapi/v1/klines?symbol=MOCAUSDT&interval=1d&limit=2 "HTTP/1.1 200 OK"
2026-03-20 08:05:02: 2026-03-20 08:05:02,562 - httpx - INFO - HTTP Request: GET https://fapi.binance.com/fapi/v1/klines?symbol=USUALUSDT&interval=1d&limit=2 "HTTP/1.1 200 OK"
2026-03-20 08:05:02: 2026-03-20 08:05:02,564 - httpx - INFO - HTTP Request: GET https://fapi.binance.com/fapi/v1/klines?symbol=FARTCOINUSDT&interval=1d&limit=2 "HTTP/1.1 200 OK"
2026-03-20 08:05:02: 2026-03-20 08:05:02,566 - httpx - INFO - HTTP Request: GET https://fapi.binance.com/fapi/v1/klines?symbol=HIVEUSDT&interval=1d&limit=2 "HTTP/1.1 200 OK"
2026-03-20 08:05:02: 2026-03-20 08:05:02,567 - httpx - INFO - HTTP Request: GET https://fapi.binance.com/fapi/v1/klines?symbol=AIXBTUSDT&interval=1d&limit=2 "HTTP/1.1 200 OK"
2026-03-20 08:05:02: 2026-03-20 08:05:02,569 - httpx - INFO - HTTP Request: GET https://fapi.binance.com/fapi/v1/klines?symbol=KMNOUSDT&interval=1d&limit=2 "HTTP/1.1 200 OK"
2026-03-20 08:05:02: 2026-03-20 08:05:02,570 - httpx - INFO - HTTP Request: GET https://fapi.binance.com/fapi/v1/klines?symbol=CGPTUSDT&interval=1d&limit=2 "HTTP/1.1 200 OK"
2026-03-20 08:05:02: 2026-03-20 08:05:02,571 - httpx - INFO - HTTP Request: GET https://fapi.binance.com/fapi/v1/klines?symbol=PHAUSDT&interval=1d&limit=2 "HTTP/1.1 200 OK"
2026-03-20 08:05:02: 2026-03-20 08:05:02,573 - httpx - INFO - HTTP Request: GET https://fapi.binance.com/fapi/v1/klines?symbol=DEXEUSDT&interval=1d&limit=2 "HTTP/1.1 200 OK"
2026-03-20 08:05:02: 2026-03-20 08:05:02,581 - httpx - INFO - HTTP Request: GET https://fapi.binance.com/fapi/v1/klines?symbol=GRIFFAINUSDT&interval=1d&limit=2 "HTTP/1.1 200 OK"
2026-03-20 08:05:02: 2026-03-20 08:05:02,584 - httpx - INFO - HTTP Request: GET https://fapi.binance.com/fapi/v1/klines?symbol=ZEREBROUSDT&interval=1d&limit=2 "HTTP/1.1 200 OK"
2026-03-20 08:05:02: 2026-03-20 08:05:02,590 - httpx - INFO - HTTP Request: GET https://fapi.binance.com/fapi/v1/klines?symbol=BIOUSDT&interval=1d&limit=2 "HTTP/1.1 200 OK"
2026-03-20 08:05:02: 2026-03-20 08:05:02,596 - httpx - INFO - HTTP Request: GET https://fapi.binance.com/fapi/v1/klines?symbol=COOKIEUSDT&interval=1d&limit=2 "HTTP/1.1 200 OK"
2026-03-20 08:05:02: 2026-03-20 08:05:02,646 - httpx - INFO - HTTP Request: GET https://fapi.binance.com/fapi/v1/klines?symbol=SWARMSUSDT&interval=1d&limit=2 "HTTP/1.1 200 OK"
2026-03-20 08:05:02: 2026-03-20 08:05:02,649 - httpx - INFO - HTTP Request: GET https://fapi.binance.com/fapi/v1/klines?symbol=ALCHUSDT&interval=1d&limit=2 "HTTP/1.1 200 OK"
2026-03-20 08:05:02: 2026-03-20 08:05:02,677 - httpx - INFO - HTTP Request: GET https://fapi.binance.com/fapi/v1/klines?symbol=SONICUSDT&interval=1d&limit=2 "HTTP/1.1 200 OK"
2026-03-20 08:05:02: 2026-03-20 08:05:02,682 - httpx - INFO - HTTP Request: GET https://fapi.binance.com/fapi/v1/klines?symbol=SOLVUSDT&interval=1d&limit=2 "HTTP/1.1 200 OK"
2026-03-20 08:05:02: 2026-03-20 08:05:02,685 - httpx - INFO - HTTP Request: GET https://fapi.binance.com/fapi/v1/klines?symbol=DUSDT&interval=1d&limit=2 "HTTP/1.1 200 OK"
2026-03-20 08:05:02: 2026-03-20 08:05:02,698 - httpx - INFO - HTTP Request: GET https://fapi.binance.com/fapi/v1/klines?symbol=MELANIAUSDT&interval=1d&limit=2 "HTTP/1.1 200 OK"
2026-03-20 08:05:02: 2026-03-20 08:05:02,699 - httpx - INFO - HTTP Request: GET https://fapi.binance.com/fapi/v1/klines?symbol=PROMUSDT&interval=1d&limit=2 "HTTP/1.1 200 OK"
2026-03-20 08:05:02: 2026-03-20 08:05:02,700 - httpx - INFO - HTTP Request: GET https://fapi.binance.com/fapi/v1/klines?symbol=TRUMPUSDT&interval=1d&limit=2 "HTTP/1.1 200 OK"
2026-03-20 08:05:02: 2026-03-20 08:05:02,703 - httpx - INFO - HTTP Request: GET https://fapi.binance.com/fapi/v1/klines?symbol=SUSDT&interval=1d&limit=2 "HTTP/1.1 200 OK"
2026-03-20 08:05:02: 2026-03-20 08:05:02,705 - httpx - INFO - HTTP Request: GET https://fapi.binance.com/fapi/v1/klines?symbol=AVAAIUSDT&interval=1d&limit=2 "HTTP/1.1 200 OK"
2026-03-20 08:05:02: 2026-03-20 08:05:02,705 - httpx - INFO - HTTP Request: GET https://fapi.binance.com/fapi/v1/klines?symbol=ARCUSDT&interval=1d&limit=2 "HTTP/1.1 200 OK"
2026-03-20 08:05:02: 2026-03-20 08:05:02,709 - httpx - INFO - HTTP Request: GET https://fapi.binance.com/fapi/v1/klines?symbol=ANIMEUSDT&interval=1d&limit=2 "HTTP/1.1 200 OK"
2026-03-20 08:05:02: 2026-03-20 08:05:02,710 - httpx - INFO - HTTP Request: GET https://fapi.binance.com/fapi/v1/klines?symbol=VTHOUSDT&interval=1d&limit=2 "HTTP/1.1 200 OK"
2026-03-20 08:05:02: 2026-03-20 08:05:02,710 - httpx - INFO - HTTP Request: GET https://fapi.binance.com/fapi/v1/klines?symbol=VINEUSDT&interval=1d&limit=2 "HTTP/1.1 200 OK"
2026-03-20 08:05:02: 2026-03-20 08:05:02,711 - httpx - INFO - HTTP Request: GET https://fapi.binance.com/fapi/v1/klines?symbol=PIPPINUSDT&interval=1d&limit=2 "HTTP/1.1 200 OK"
2026-03-20 08:05:02: 2026-03-20 08:05:02,711 - httpx - INFO - HTTP Request: GET https://fapi.binance.com/fapi/v1/klines?symbol=VVVUSDT&interval=1d&limit=2 "HTTP/1.1 200 OK"
2026-03-20 08:05:02: 2026-03-20 08:05:02,717 - httpx - INFO - HTTP Request: GET https://fapi.binance.com/fapi/v1/klines?symbol=BERAUSDT&interval=1d&limit=2 "HTTP/1.1 200 OK"
2026-03-20 08:05:02: 2026-03-20 08:05:02,718 - httpx - INFO - HTTP Request: GET https://fapi.binance.com/fapi/v1/klines?symbol=TSTUSDT&interval=1d&limit=2 "HTTP/1.1 200 OK"
2026-03-20 08:05:02: 2026-03-20 08:05:02,719 - httpx - INFO - HTTP Request: GET https://fapi.binance.com/fapi/v1/klines?symbol=LAYERUSDT&interval=1d&limit=2 "HTTP/1.1 200 OK"
2026-03-20 08:05:02: 2026-03-20 08:05:02,723 - httpx - INFO - HTTP Request: GET https://fapi.binance.com/fapi/v1/klines?symbol=HEIUSDT&interval=1d&limit=2 "HTTP/1.1 200 OK"
2026-03-20 08:05:02: 2026-03-20 08:05:02,763 - httpx - INFO - HTTP Request: GET https://fapi.binance.com/fapi/v1/klines?symbol=B3USDT&interval=1d&limit=2 "HTTP/1.1 200 OK"
2026-03-20 08:05:02: 2026-03-20 08:05:02,767 - httpx - INFO - HTTP Request: GET https://fapi.binance.com/fapi/v1/klines?symbol=IPUSDT&interval=1d&limit=2 "HTTP/1.1 200 OK"
2026-03-20 08:05:02: 2026-03-20 08:05:02,794 - httpx - INFO - HTTP Request: GET https://fapi.binance.com/fapi/v1/klines?symbol=GPSUSDT&interval=1d&limit=2 "HTTP/1.1 200 OK"
2026-03-20 08:05:02: 2026-03-20 08:05:02,837 - httpx - INFO - HTTP Request: GET https://fapi.binance.com/fapi/v1/klines?symbol=SHELLUSDT&interval=1d&limit=2 "HTTP/1.1 200 OK"
2026-03-20 08:05:02: 2026-03-20 08:05:02,841 - httpx - INFO - HTTP Request: GET https://fapi.binance.com/fapi/v1/klines?symbol=KAITOUSDT&interval=1d&limit=2 "HTTP/1.1 200 OK"
2026-03-20 08:05:02: 2026-03-20 08:05:02,842 - httpx - INFO - HTTP Request: GET https://fapi.binance.com/fapi/v1/klines?symbol=BRUSDT&interval=1d&limit=2 "HTTP/1.1 200 OK"
2026-03-20 08:05:02: 2026-03-20 08:05:02,842 - httpx - INFO - HTTP Request: GET https://fapi.binance.com/fapi/v1/klines?symbol=REDUSDT&interval=1d&limit=2 "HTTP/1.1 200 OK"
2026-03-20 08:05:02: 2026-03-20 08:05:02,847 - httpx - INFO - HTTP Request: GET https://fapi.binance.com/fapi/v1/klines?symbol=BMTUSDT&interval=1d&limit=2 "HTTP/1.1 200 OK"
2026-03-20 08:05:02: 2026-03-20 08:05:02,847 - httpx - INFO - HTTP Request: GET https://fapi.binance.com/fapi/v1/klines?symbol=VICUSDT&interval=1d&limit=2 "HTTP/1.1 200 OK"
2026-03-20 08:05:02: 2026-03-20 08:05:02,851 - httpx - INFO - HTTP Request: GET https://fapi.binance.com/fapi/v1/klines?symbol=PARTIUSDT&interval=1d&limit=2 "HTTP/1.1 200 OK"
2026-03-20 08:05:02: 2026-03-20 08:05:02,852 - httpx - INFO - HTTP Request: GET https://fapi.binance.com/fapi/v1/klines?symbol=BROCCOLIF3BUSDT&interval=1d&limit=2 "HTTP/1.1 200 OK"
2026-03-20 08:05:02: 2026-03-20 08:05:02,853 - httpx - INFO - HTTP Request: GET https://fapi.binance.com/fapi/v1/klines?symbol=SIRENUSDT&interval=1d&limit=2 "HTTP/1.1 200 OK"
2026-03-20 08:05:02: 2026-03-20 08:05:02,857 - httpx - INFO - HTTP Request: GET https://fapi.binance.com/fapi/v1/klines?symbol=TUTUSDT&interval=1d&limit=2 "HTTP/1.1 200 OK"
2026-03-20 08:05:02: 2026-03-20 08:05:02,857 - httpx - INFO - HTTP Request: GET https://fapi.binance.com/fapi/v1/klines?symbol=NILUSDT&interval=1d&limit=2 "HTTP/1.1 200 OK"
2026-03-20 08:05:02: 2026-03-20 08:05:02,858 - httpx - INFO - HTTP Request: GET https://fapi.binance.com/fapi/v1/klines?symbol=FORMUSDT&interval=1d&limit=2 "HTTP/1.1 200 OK"
2026-03-20 08:05:02: 2026-03-20 08:05:02,858 - httpx - INFO - HTTP Request: GET https://fapi.binance.com/fapi/v1/klines?symbol=PLUMEUSDT&interval=1d&limit=2 "HTTP/1.1 200 OK"
2026-03-20 08:05:02: 2026-03-20 08:05:02,861 - httpx - INFO - HTTP Request: GET https://fapi.binance.com/fapi/v1/klines?symbol=MUBARAKUSDT&interval=1d&limit=2 "HTTP/1.1 200 OK"
2026-03-20 08:05:02: 2026-03-20 08:05:02,861 - httpx - INFO - HTTP Request: GET https://fapi.binance.com/fapi/v1/klines?symbol=EPICUSDT&interval=1d&limit=2 "HTTP/1.1 200 OK"
2026-03-20 08:05:02: 2026-03-20 08:05:02,864 - httpx - INFO - HTTP Request: GET https://fapi.binance.com/fapi/v1/klines?symbol=BROCCOLI714USDT&interval=1d&limit=2 "HTTP/1.1 200 OK"
2026-03-20 08:05:02: 2026-03-20 08:05:02,866 - httpx - INFO - HTTP Request: GET https://fapi.binance.com/fapi/v1/klines?symbol=BANANAS31USDT&interval=1d&limit=2 "HTTP/1.1 200 OK"
2026-03-20 08:05:02: 2026-03-20 08:05:02,877 - httpx - INFO - HTTP Request: GET https://fapi.binance.com/fapi/v1/klines?symbol=JELLYJELLYUSDT&interval=1d&limit=2 "HTTP/1.1 200 OK"
2026-03-20 08:05:02: 2026-03-20 08:05:02,883 - httpx - INFO - HTTP Request: GET https://fapi.binance.com/fapi/v1/klines?symbol=MAVIAUSDT&interval=1d&limit=2 "HTTP/1.1 200 OK"
2026-03-20 08:05:02: 2026-03-20 08:05:02,908 - httpx - INFO - HTTP Request: GET https://fapi.binance.com/fapi/v1/klines?symbol=PAXGUSDT&interval=1d&limit=2 "HTTP/1.1 200 OK"
2026-03-20 08:05:02: 2026-03-20 08:05:02,957 - httpx - INFO - HTTP Request: GET https://fapi.binance.com/fapi/v1/klines?symbol=MLNUSDT&interval=1d&limit=2 "HTTP/1.1 200 OK"
2026-03-20 08:05:02: 2026-03-20 08:05:02,961 - httpx - INFO - HTTP Request: GET https://fapi.binance.com/fapi/v1/klines?symbol=WALUSDT&interval=1d&limit=2 "HTTP/1.1 200 OK"
2026-03-20 08:05:02: 2026-03-20 08:05:02,966 - httpx - INFO - HTTP Request: GET https://fapi.binance.com/fapi/v1/klines?symbol=FUNUSDT&interval=1d&limit=2 "HTTP/1.1 200 OK"
2026-03-20 08:05:02: 2026-03-20 08:05:02,971 - httpx - INFO - HTTP Request: GET https://fapi.binance.com/fapi/v1/klines?symbol=GUNUSDT&interval=1d&limit=2 "HTTP/1.1 200 OK"
2026-03-20 08:05:02: 2026-03-20 08:05:02,972 - httpx - INFO - HTTP Request: GET https://fapi.binance.com/fapi/v1/klines?symbol=BABYUSDT&interval=1d&limit=2 "HTTP/1.1 200 OK"
2026-03-20 08:05:02: 2026-03-20 08:05:02,973 - httpx - INFO - HTTP Request: GET https://fapi.binance.com/fapi/v1/klines?symbol=ATHUSDT&interval=1d&limit=2 "HTTP/1.1 200 OK"
2026-03-20 08:05:02: 2026-03-20 08:05:02,976 - httpx - INFO - HTTP Request: GET https://fapi.binance.com/fapi/v1/klines?symbol=FORTHUSDT&interval=1d&limit=2 "HTTP/1.1 200 OK"
2026-03-20 08:05:02: 2026-03-20 08:05:02,987 - httpx - INFO - HTTP Request: GET https://fapi.binance.com/fapi/v1/klines?symbol=PROMPTUSDT&interval=1d&limit=2 "HTTP/1.1 200 OK"
2026-03-20 08:05:02: 2026-03-20 08:05:02,988 - httpx - INFO - HTTP Request: GET https://fapi.binance.com/fapi/v1/klines?symbol=AERGOUSDT&interval=1d&limit=2 "HTTP/1.1 200 OK"
2026-03-20 08:05:02: 2026-03-20 08:05:02,988 - httpx - INFO - HTTP Request: GET https://fapi.binance.com/fapi/v1/klines?symbol=HYPERUSDT&interval=1d&limit=2 "HTTP/1.1 200 OK"
2026-03-20 08:05:02: 2026-03-20 08:05:02,989 - httpx - INFO - HTTP Request: GET https://fapi.binance.com/fapi/v1/klines?symbol=DEEPUSDT&interval=1d&limit=2 "HTTP/1.1 200 OK"
2026-03-20 08:05:02: 2026-03-20 08:05:02,989 - httpx - INFO - HTTP Request: GET https://fapi.binance.com/fapi/v1/klines?symbol=BANKUSDT&interval=1d&limit=2 "HTTP/1.1 200 OK"
2026-03-20 08:05:02: 2026-03-20 08:05:02,989 - httpx - INFO - HTTP Request: GET https://fapi.binance.com/fapi/v1/klines?symbol=INITUSDT&interval=1d&limit=2 "HTTP/1.1 200 OK"
2026-03-20 08:05:02: 2026-03-20 08:05:02,995 - httpx - INFO - HTTP Request: GET https://fapi.binance.com/fapi/v1/klines?symbol=KERNELUSDT&interval=1d&limit=2 "HTTP/1.1 200 OK"
2026-03-20 08:05:02: 2026-03-20 08:05:02,996 - httpx - INFO - HTTP Request: GET https://fapi.binance.com/fapi/v1/klines?symbol=FHEUSDT&interval=1d&limit=2 "HTTP/1.1 200 OK"
2026-03-20 08:05:02: 2026-03-20 08:05:02,996 - httpx - INFO - HTTP Request: GET https://fapi.binance.com/fapi/v1/klines?symbol=STOUSDT&interval=1d&limit=2 "HTTP/1.1 200 OK"
2026-03-20 08:05:02: 2026-03-20 08:05:02,997 - httpx - INFO - HTTP Request: GET https://fapi.binance.com/fapi/v1/klines?symbol=WCTUSDT&interval=1d&limit=2 "HTTP/1.1 200 OK"
2026-03-20 08:05:03: 2026-03-20 08:05:03,002 - httpx - INFO - HTTP Request: GET https://fapi.binance.com/fapi/v1/klines?symbol=JSTUSDT&interval=1d&limit=2 "HTTP/1.1 200 OK"
2026-03-20 08:05:03: 2026-03-20 08:05:03,004 - httpx - INFO - HTTP Request: GET https://fapi.binance.com/fapi/v1/klines?symbol=SIGNUSDT&interval=1d&limit=2 "HTTP/1.1 200 OK"
2026-03-20 08:05:03: 2026-03-20 08:05:03,036 - httpx - INFO - HTTP Request: GET https://fapi.binance.com/fapi/v1/klines?symbol=PUNDIXUSDT&interval=1d&limit=2 "HTTP/1.1 200 OK"
2026-03-20 08:05:03: 2026-03-20 08:05:03,086 - httpx - INFO - HTTP Request: GET https://fapi.binance.com/fapi/v1/klines?symbol=CTKUSDT&interval=1d&limit=2 "HTTP/1.1 200 OK"
2026-03-20 08:05:03: 2026-03-20 08:05:03,096 - httpx - INFO - HTTP Request: GET https://fapi.binance.com/fapi/v1/klines?symbol=AIOTUSDT&interval=1d&limit=2 "HTTP/1.1 200 OK"
2026-03-20 08:05:03: 2026-03-20 08:05:03,099 - httpx - INFO - HTTP Request: GET https://fapi.binance.com/fapi/v1/klines?symbol=DOLOUSDT&interval=1d&limit=2 "HTTP/1.1 200 OK"
2026-03-20 08:05:03: 2026-03-20 08:05:03,101 - httpx - INFO - HTTP Request: GET https://fapi.binance.com/fapi/v1/klines?symbol=HAEDALUSDT&interval=1d&limit=2 "HTTP/1.1 200 OK"
2026-03-20 08:05:03: 2026-03-20 08:05:03,113 - httpx - INFO - HTTP Request: GET https://fapi.binance.com/fapi/v1/klines?symbol=SXTUSDT&interval=1d&limit=2 "HTTP/1.1 200 OK"
2026-03-20 08:05:03: 2026-03-20 08:05:03,116 - httpx - INFO - HTTP Request: GET https://fapi.binance.com/fapi/v1/klines?symbol=B2USDT&interval=1d&limit=2 "HTTP/1.1 200 OK"
2026-03-20 08:05:03: 2026-03-20 08:05:03,121 - httpx - INFO - HTTP Request: GET https://fapi.binance.com/fapi/v1/klines?symbol=DOODUSDT&interval=1d&limit=2 "HTTP/1.1 200 OK"
2026-03-20 08:05:03: 2026-03-20 08:05:03,126 - httpx - INFO - HTTP Request: GET https://fapi.binance.com/fapi/v1/klines?symbol=NXPCUSDT&interval=1d&limit=2 "HTTP/1.1 200 OK"
2026-03-20 08:05:03: 2026-03-20 08:05:03,127 - httpx - INFO - HTTP Request: GET https://fapi.binance.com/fapi/v1/klines?symbol=OGUSDT&interval=1d&limit=2 "HTTP/1.1 200 OK"
2026-03-20 08:05:03: 2026-03-20 08:05:03,128 - httpx - INFO - HTTP Request: GET https://fapi.binance.com/fapi/v1/klines?symbol=ZKJUSDT&interval=1d&limit=2 "HTTP/1.1 200 OK"
2026-03-20 08:05:03: 2026-03-20 08:05:03,128 - httpx - INFO - HTTP Request: GET https://fapi.binance.com/fapi/v1/klines?symbol=SKYAIUSDT&interval=1d&limit=2 "HTTP/1.1 200 OK"
2026-03-20 08:05:03: 2026-03-20 08:05:03,129 - httpx - INFO - HTTP Request: GET https://fapi.binance.com/fapi/v1/klines?symbol=ALPINEUSDT&interval=1d&limit=2 "HTTP/1.1 200 OK"
2026-03-20 08:05:03: 2026-03-20 08:05:03,133 - httpx - INFO - HTTP Request: GET https://fapi.binance.com/fapi/v1/klines?symbol=BUSDT&interval=1d&limit=2 "HTTP/1.1 200 OK"
2026-03-20 08:05:03: 2026-03-20 08:05:03,133 - httpx - INFO - HTTP Request: GET https://fapi.binance.com/fapi/v1/klines?symbol=AGTUSDT&interval=1d&limit=2 "HTTP/1.1 200 OK"
2026-03-20 08:05:03: 2026-03-20 08:05:03,134 - httpx - INFO - HTTP Request: GET https://fapi.binance.com/fapi/v1/klines?symbol=ASRUSDT&interval=1d&limit=2 "HTTP/1.1 200 OK"
2026-03-20 08:05:03: 2026-03-20 08:05:03,135 - httpx - INFO - HTTP Request: GET https://fapi.binance.com/fapi/v1/klines?symbol=SYRUPUSDT&interval=1d&limit=2 "HTTP/1.1 200 OK"
2026-03-20 08:05:03: 2026-03-20 08:05:03,137 - httpx - INFO - HTTP Request: GET https://fapi.binance.com/fapi/v1/klines?symbol=CVCUSDT&interval=1d&limit=2 "HTTP/1.1 200 OK"
2026-03-20 08:05:03: 2026-03-20 08:05:03,139 - httpx - INFO - HTTP Request: GET https://fapi.binance.com/fapi/v1/klines?symbol=AWEUSDT&interval=1d&limit=2 "HTTP/1.1 200 OK"
2026-03-20 08:05:03: 2026-03-20 08:05:03,139 - httpx - INFO - HTTP Request: GET https://fapi.binance.com/fapi/v1/klines?symbol=SOONUSDT&interval=1d&limit=2 "HTTP/1.1 200 OK"
2026-03-20 08:05:03: 2026-03-20 08:05:03,151 - httpx - INFO - HTTP Request: GET https://fapi.binance.com/fapi/v1/klines?symbol=HUMAUSDT&interval=1d&limit=2 "HTTP/1.1 200 OK"
2026-03-20 08:05:03: 2026-03-20 08:05:03,198 - httpx - INFO - HTTP Request: GET https://fapi.binance.com/fapi/v1/klines?symbol=AUSDT&interval=1d&limit=2 "HTTP/1.1 200 OK"
2026-03-20 08:05:03: 2026-03-20 08:05:03,213 - httpx - INFO - HTTP Request: GET https://fapi.binance.com/fapi/v1/klines?symbol=SOPHUSDT&interval=1d&limit=2 "HTTP/1.1 200 OK"
2026-03-20 08:05:03: 2026-03-20 08:05:03,214 - httpx - INFO - HTTP Request: GET https://fapi.binance.com/fapi/v1/klines?symbol=MERLUSDT&interval=1d&limit=2 "HTTP/1.1 200 OK"
2026-03-20 08:05:03: 2026-03-20 08:05:03,223 - httpx - INFO - HTTP Request: GET https://fapi.binance.com/fapi/v1/klines?symbol=HYPEUSDT&interval=1d&limit=2 "HTTP/1.1 200 OK"
2026-03-20 08:05:03: 2026-03-20 08:05:03,231 - httpx - INFO - HTTP Request: GET https://fapi.binance.com/fapi/v1/klines?symbol=PUFFERUSDT&interval=1d&limit=2 "HTTP/1.1 200 OK"
2026-03-20 08:05:03: 2026-03-20 08:05:03,233 - httpx - INFO - HTTP Request: GET https://fapi.binance.com/fapi/v1/klines?symbol=1000000BOBUSDT&interval=1d&limit=2 "HTTP/1.1 200 OK"
2026-03-20 08:05:03: 2026-03-20 08:05:03,239 - httpx - INFO - HTTP Request: GET https://fapi.binance.com/fapi/v1/klines?symbol=LAUSDT&interval=1d&limit=2 "HTTP/1.1 200 OK"
2026-03-20 08:05:03: 2026-03-20 08:05:03,253 - httpx - INFO - HTTP Request: GET https://fapi.binance.com/fapi/v1/klines?symbol=HOMEUSDT&interval=1d&limit=2 "HTTP/1.1 200 OK"
2026-03-20 08:05:03: 2026-03-20 08:05:03,261 - httpx - INFO - HTTP Request: GET https://fapi.binance.com/fapi/v1/klines?symbol=RESOLVUSDT&interval=1d&limit=2 "HTTP/1.1 200 OK"
2026-03-20 08:05:03: 2026-03-20 08:05:03,264 - httpx - INFO - HTTP Request: GET https://fapi.binance.com/fapi/v1/klines?symbol=HUSDT&interval=1d&limit=2 "HTTP/1.1 200 OK"
2026-03-20 08:05:03: 2026-03-20 08:05:03,267 - httpx - INFO - HTTP Request: GET https://fapi.binance.com/fapi/v1/klines?symbol=SPKUSDT&interval=1d&limit=2 "HTTP/1.1 200 OK"
2026-03-20 08:05:03: 2026-03-20 08:05:03,268 - httpx - INFO - HTTP Request: GET https://fapi.binance.com/fapi/v1/klines?symbol=MYXUSDT&interval=1d&limit=2 "HTTP/1.1 200 OK"
2026-03-20 08:05:03: 2026-03-20 08:05:03,269 - httpx - INFO - HTTP Request: GET https://fapi.binance.com/fapi/v1/klines?symbol=OLUSDT&interval=1d&limit=2 "HTTP/1.1 200 OK"
2026-03-20 08:05:03: 2026-03-20 08:05:03,270 - httpx - INFO - HTTP Request: GET https://fapi.binance.com/fapi/v1/klines?symbol=NEWTUSDT&interval=1d&limit=2 "HTTP/1.1 200 OK"
2026-03-20 08:05:03: 2026-03-20 08:05:03,270 - httpx - INFO - HTTP Request: GET https://fapi.binance.com/fapi/v1/klines?symbol=SAHARAUSDT&interval=1d&limit=2 "HTTP/1.1 200 OK"
2026-03-20 08:05:03: 2026-03-20 08:05:03,273 - httpx - INFO - HTTP Request: GET https://fapi.binance.com/fapi/v1/klines?symbol=SQDUSDT&interval=1d&limit=2 "HTTP/1.1 200 OK"
2026-03-20 08:05:03: 2026-03-20 08:05:03,274 - httpx - INFO - HTTP Request: GET https://fapi.binance.com/fapi/v1/klines?symbol=FUSDT&interval=1d&limit=2 "HTTP/1.1 200 OK"
2026-03-20 08:05:03: 2026-03-20 08:05:03,278 - httpx - INFO - HTTP Request: GET https://fapi.binance.com/fapi/v1/klines?symbol=TAIKOUSDT&interval=1d&limit=2 "HTTP/1.1 200 OK"
2026-03-20 08:05:03: 2026-03-20 08:05:03,279 - httpx - INFO - HTTP Request: GET https://fapi.binance.com/fapi/v1/klines?symbol=PUMPBTCUSDT&interval=1d&limit=2 "HTTP/1.1 200 OK"
2026-03-20 08:05:03: 2026-03-20 08:05:03,282 - httpx - INFO - HTTP Request: GET https://fapi.binance.com/fapi/v1/klines?symbol=ICNTUSDT&interval=1d&limit=2 "HTTP/1.1 200 OK"
2026-03-20 08:05:03: 2026-03-20 08:05:03,318 - httpx - INFO - HTTP Request: GET https://fapi.binance.com/fapi/v1/klines?symbol=BULLAUSDT&interval=1d&limit=2 "HTTP/1.1 200 OK"
2026-03-20 08:05:03: 2026-03-20 08:05:03,328 - httpx - INFO - HTTP Request: GET https://fapi.binance.com/fapi/v1/klines?symbol=MUSDT&interval=1d&limit=2 "HTTP/1.1 200 OK"
2026-03-20 08:05:03: 2026-03-20 08:05:03,330 - httpx - INFO - HTTP Request: GET https://fapi.binance.com/fapi/v1/klines?symbol=IDOLUSDT&interval=1d&limit=2 "HTTP/1.1 200 OK"
2026-03-20 08:05:03: 2026-03-20 08:05:03,339 - httpx - INFO - HTTP Request: GET https://fapi.binance.com/fapi/v1/klines?symbol=PUMPUSDT&interval=1d&limit=2 "HTTP/1.1 200 OK"
2026-03-20 08:05:03: 2026-03-20 08:05:03,350 - httpx - INFO - HTTP Request: GET https://fapi.binance.com/fapi/v1/klines?symbol=AINUSDT&interval=1d&limit=2 "HTTP/1.1 200 OK"
2026-03-20 08:05:03: 2026-03-20 08:05:03,351 - httpx - INFO - HTTP Request: GET https://fapi.binance.com/fapi/v1/klines?symbol=CROSSUSDT&interval=1d&limit=2 "HTTP/1.1 200 OK"
2026-03-20 08:05:03: 2026-03-20 08:05:03,354 - httpx - INFO - HTTP Request: GET https://fapi.binance.com/fapi/v1/klines?symbol=CUSDT&interval=1d&limit=2 "HTTP/1.1 200 OK"
2026-03-20 08:05:03: 2026-03-20 08:05:03,372 - httpx - INFO - HTTP Request: GET https://fapi.binance.com/fapi/v1/klines?symbol=VELVETUSDT&interval=1d&limit=2 "HTTP/1.1 200 OK"
2026-03-20 08:05:03: 2026-03-20 08:05:03,385 - httpx - INFO - HTTP Request: GET https://fapi.binance.com/fapi/v1/klines?symbol=TACUSDT&interval=1d&limit=2 "HTTP/1.1 200 OK"
2026-03-20 08:05:03: 2026-03-20 08:05:03,393 - httpx - INFO - HTTP Request: GET https://fapi.binance.com/fapi/v1/klines?symbol=ERAUSDT&interval=1d&limit=2 "HTTP/1.1 200 OK"
2026-03-20 08:05:03: 2026-03-20 08:05:03,401 - httpx - INFO - HTTP Request: GET https://fapi.binance.com/fapi/v1/klines?symbol=TAUSDT&interval=1d&limit=2 "HTTP/1.1 200 OK"
2026-03-20 08:05:03: 2026-03-20 08:05:03,403 - httpx - INFO - HTTP Request: GET https://fapi.binance.com/fapi/v1/klines?symbol=ESPORTSUSDT&interval=1d&limit=2 "HTTP/1.1 200 OK"
2026-03-20 08:05:03: 2026-03-20 08:05:03,407 - httpx - INFO - HTTP Request: GET https://fapi.binance.com/fapi/v1/klines?symbol=TAGUSDT&interval=1d&limit=2 "HTTP/1.1 200 OK"
2026-03-20 08:05:03: 2026-03-20 08:05:03,409 - httpx - INFO - HTTP Request: GET https://fapi.binance.com/fapi/v1/klines?symbol=NAORISUSDT&interval=1d&limit=2 "HTTP/1.1 200 OK"
2026-03-20 08:05:03: 2026-03-20 08:05:03,410 - httpx - INFO - HTTP Request: GET https://fapi.binance.com/fapi/v1/klines?symbol=A2ZUSDT&interval=1d&limit=2 "HTTP/1.1 200 OK"
2026-03-20 08:05:03: 2026-03-20 08:05:03,412 - httpx - INFO - HTTP Request: GET https://fapi.binance.com/fapi/v1/klines?symbol=CVXUSDT&interval=1d&limit=2 "HTTP/1.1 200 OK"
2026-03-20 08:05:03: 2026-03-20 08:05:03,412 - httpx - INFO - HTTP Request: GET https://fapi.binance.com/fapi/v1/klines?symbol=ZORAUSDT&interval=1d&limit=2 "HTTP/1.1 200 OK"
2026-03-20 08:05:03: 2026-03-20 08:05:03,416 - httpx - INFO - HTTP Request: GET https://fapi.binance.com/fapi/v1/klines?symbol=PLAYUSDT&interval=1d&limit=2 "HTTP/1.1 200 OK"
2026-03-20 08:05:03: 2026-03-20 08:05:03,416 - httpx - INFO - HTTP Request: GET https://fapi.binance.com/fapi/v1/klines?symbol=SLPUSDT&interval=1d&limit=2 "HTTP/1.1 200 OK"
2026-03-20 08:05:03: 2026-03-20 08:05:03,416 - httpx - INFO - HTTP Request: GET https://fapi.binance.com/fapi/v1/klines?symbol=TREEUSDT&interval=1d&limit=2 "HTTP/1.1 200 OK"
2026-03-20 08:05:03: 2026-03-20 08:05:03,444 - httpx - INFO - HTTP Request: GET https://fapi.binance.com/fapi/v1/klines?symbol=TOWNSUSDT&interval=1d&limit=2 "HTTP/1.1 200 OK"
2026-03-20 08:05:03: 2026-03-20 08:05:03,446 - httpx - INFO - HTTP Request: GET https://fapi.binance.com/fapi/v1/klines?symbol=ALLUSDT&interval=1d&limit=2 "HTTP/1.1 200 OK"
2026-03-20 08:05:03: 2026-03-20 08:05:03,446 - httpx - INFO - HTTP Request: GET https://fapi.binance.com/fapi/v1/klines?symbol=PROVEUSDT&interval=1d&limit=2 "HTTP/1.1 200 OK"
2026-03-20 08:05:03: 2026-03-20 08:05:03,455 - httpx - INFO - HTTP Request: GET https://fapi.binance.com/fapi/v1/klines?symbol=INUSDT&interval=1d&limit=2 "HTTP/1.1 200 OK"
2026-03-20 08:05:03: 2026-03-20 08:05:03,469 - httpx - INFO - HTTP Request: GET https://fapi.binance.com/fapi/v1/klines?symbol=AIOUSDT&interval=1d&limit=2 "HTTP/1.1 200 OK"
2026-03-20 08:05:03: 2026-03-20 08:05:03,470 - httpx - INFO - HTTP Request: GET https://fapi.binance.com/fapi/v1/klines?symbol=CARVUSDT&interval=1d&limit=2 "HTTP/1.1 200 OK"
2026-03-20 08:05:03: 2026-03-20 08:05:03,471 - httpx - INFO - HTTP Request: GET https://fapi.binance.com/fapi/v1/klines?symbol=XNYUSDT&interval=1d&limit=2 "HTTP/1.1 200 OK"
2026-03-20 08:05:03: 2026-03-20 08:05:03,496 - httpx - INFO - HTTP Request: GET https://fapi.binance.com/fapi/v1/klines?symbol=USELESSUSDT&interval=1d&limit=2 "HTTP/1.1 200 OK"
2026-03-20 08:05:03: 2026-03-20 08:05:03,502 - httpx - INFO - HTTP Request: GET https://fapi.binance.com/fapi/v1/klines?symbol=DAMUSDT&interval=1d&limit=2 "HTTP/1.1 200 OK"
2026-03-20 08:05:03: 2026-03-20 08:05:03,508 - httpx - INFO - HTTP Request: GET https://fapi.binance.com/fapi/v1/klines?symbol=SAPIENUSDT&interval=1d&limit=2 "HTTP/1.1 200 OK"
2026-03-20 08:05:03: 2026-03-20 08:05:03,533 - httpx - INFO - HTTP Request: GET https://fapi.binance.com/fapi/v1/klines?symbol=WLFIUSDT&interval=1d&limit=2 "HTTP/1.1 200 OK"
2026-03-20 08:05:03: 2026-03-20 08:05:03,535 - httpx - INFO - HTTP Request: GET https://fapi.binance.com/fapi/v1/klines?symbol=LINEAUSDT&interval=1d&limit=2 "HTTP/1.1 200 OK"
2026-03-20 08:05:03: 2026-03-20 08:05:03,537 - httpx - INFO - HTTP Request: GET https://fapi.binance.com/fapi/v1/klines?symbol=BTRUSDT&interval=1d&limit=2 "HTTP/1.1 200 OK"
2026-03-20 08:05:03: 2026-03-20 08:05:03,538 - httpx - INFO - HTTP Request: GET https://fapi.binance.com/fapi/v1/klines?symbol=SOMIUSDT&interval=1d&limit=2 "HTTP/1.1 200 OK"
2026-03-20 08:05:03: 2026-03-20 08:05:03,538 - httpx - INFO - HTTP Request: GET https://fapi.binance.com/fapi/v1/klines?symbol=XPLUSDT&interval=1d&limit=2 "HTTP/1.1 200 OK"
2026-03-20 08:05:03: 2026-03-20 08:05:03,539 - httpx - INFO - HTTP Request: GET https://fapi.binance.com/fapi/v1/klines?symbol=HEMIUSDT&interval=1d&limit=2 "HTTP/1.1 200 OK"
2026-03-20 08:05:03: 2026-03-20 08:05:03,539 - httpx - INFO - HTTP Request: GET https://fapi.binance.com/fapi/v1/klines?symbol=BASUSDT&interval=1d&limit=2 "HTTP/1.1 200 OK"
2026-03-20 08:05:03: 2026-03-20 08:05:03,541 - httpx - INFO - HTTP Request: GET https://fapi.binance.com/fapi/v1/klines?symbol=MITOUSDT&interval=1d&limit=2 "HTTP/1.1 200 OK"
2026-03-20 08:05:03: 2026-03-20 08:05:03,545 - httpx - INFO - HTTP Request: GET https://fapi.binance.com/fapi/v1/klines?symbol=ARIAUSDT&interval=1d&limit=2 "HTTP/1.1 200 OK"
2026-03-20 08:05:03: 2026-03-20 08:05:03,546 - httpx - INFO - HTTP Request: GET https://fapi.binance.com/fapi/v1/klines?symbol=QUSDT&interval=1d&limit=2 "HTTP/1.1 200 OK"
2026-03-20 08:05:03: 2026-03-20 08:05:03,558 - httpx - INFO - HTTP Request: GET https://fapi.binance.com/fapi/v1/klines?symbol=TAKEUSDT&interval=1d&limit=2 "HTTP/1.1 200 OK"
2026-03-20 08:05:03: 2026-03-20 08:05:03,560 - httpx - INFO - HTTP Request: GET https://fapi.binance.com/fapi/v1/klines?symbol=OPENUSDT&interval=1d&limit=2 "HTTP/1.1 200 OK"
2026-03-20 08:05:03: 2026-03-20 08:05:03,563 - httpx - INFO - HTTP Request: GET https://fapi.binance.com/fapi/v1/klines?symbol=PTBUSDT&interval=1d&limit=2 "HTTP/1.1 200 OK"
2026-03-20 08:05:03: 2026-03-20 08:05:03,572 - httpx - INFO - HTTP Request: GET https://fapi.binance.com/fapi/v1/klines?symbol=FLOCKUSDT&interval=1d&limit=2 "HTTP/1.1 200 OK"
2026-03-20 08:05:03: 2026-03-20 08:05:03,582 - httpx - INFO - HTTP Request: GET https://fapi.binance.com/fapi/v1/klines?symbol=SKYUSDT&interval=1d&limit=2 "HTTP/1.1 200 OK"
2026-03-20 08:05:03: 2026-03-20 08:05:03,586 - httpx - INFO - HTTP Request: GET https://fapi.binance.com/fapi/v1/klines?symbol=HOLOUSDT&interval=1d&limit=2 "HTTP/1.1 200 OK"
2026-03-20 08:05:03: 2026-03-20 08:05:03,590 - httpx - INFO - HTTP Request: GET https://fapi.binance.com/fapi/v1/klines?symbol=AVNTUSDT&interval=1d&limit=2 "HTTP/1.1 200 OK"
2026-03-20 08:05:03: 2026-03-20 08:05:03,614 - httpx - INFO - HTTP Request: GET https://fapi.binance.com/fapi/v1/klines?symbol=XPINUSDT&interval=1d&limit=2 "HTTP/1.1 200 OK"
2026-03-20 08:05:03: 2026-03-20 08:05:03,623 - httpx - INFO - HTTP Request: GET https://fapi.binance.com/fapi/v1/klines?symbol=UBUSDT&interval=1d&limit=2 "HTTP/1.1 200 OK"
2026-03-20 08:05:03: 2026-03-20 08:05:03,625 - httpx - INFO - HTTP Request: GET https://fapi.binance.com/fapi/v1/klines?symbol=ZKCUSDT&interval=1d&limit=2 "HTTP/1.1 200 OK"
2026-03-20 08:05:03: 2026-03-20 08:05:03,655 - httpx - INFO - HTTP Request: GET https://fapi.binance.com/fapi/v1/klines?symbol=TOSHIUSDT&interval=1d&limit=2 "HTTP/1.1 200 OK"
2026-03-20 08:05:03: 2026-03-20 08:05:03,665 - httpx - INFO - HTTP Request: GET https://fapi.binance.com/fapi/v1/klines?symbol=0GUSDT&interval=1d&limit=2 "HTTP/1.1 200 OK"
2026-03-20 08:05:03: 2026-03-20 08:05:03,666 - httpx - INFO - HTTP Request: GET https://fapi.binance.com/fapi/v1/klines?symbol=TRADOORUSDT&interval=1d&limit=2 "HTTP/1.1 200 OK"
2026-03-20 08:05:03: 2026-03-20 08:05:03,673 - httpx - INFO - HTTP Request: GET https://fapi.binance.com/fapi/v1/klines?symbol=BARDUSDT&interval=1d&limit=2 "HTTP/1.1 200 OK"
2026-03-20 08:05:03: 2026-03-20 08:05:03,674 - httpx - INFO - HTTP Request: GET https://fapi.binance.com/fapi/v1/klines?symbol=STBLUSDT&interval=1d&limit=2 "HTTP/1.1 200 OK"
2026-03-20 08:05:03: 2026-03-20 08:05:03,674 - httpx - INFO - HTTP Request: GET https://fapi.binance.com/fapi/v1/klines?symbol=ASTERUSDT&interval=1d&limit=2 "HTTP/1.1 200 OK"
2026-03-20 08:05:03: 2026-03-20 08:05:03,675 - httpx - INFO - HTTP Request: GET https://fapi.binance.com/fapi/v1/klines?symbol=HANAUSDT&interval=1d&limit=2 "HTTP/1.1 200 OK"
2026-03-20 08:05:03: 2026-03-20 08:05:03,681 - httpx - INFO - HTTP Request: GET https://fapi.binance.com/fapi/v1/klines?symbol=BLESSUSDT&interval=1d&limit=2 "HTTP/1.1 200 OK"
2026-03-20 08:05:03: 2026-03-20 08:05:03,682 - httpx - INFO - HTTP Request: GET https://fapi.binance.com/fapi/v1/klines?symbol=FLUIDUSDT&interval=1d&limit=2 "HTTP/1.1 200 OK"
2026-03-20 08:05:03: 2026-03-20 08:05:03,683 - httpx - INFO - HTTP Request: GET https://fapi.binance.com/fapi/v1/klines?symbol=MIRAUSDT&interval=1d&limit=2 "HTTP/1.1 200 OK"
2026-03-20 08:05:03: 2026-03-20 08:05:03,683 - httpx - INFO - HTTP Request: GET https://fapi.binance.com/fapi/v1/klines?symbol=COAIUSDT&interval=1d&limit=2 "HTTP/1.1 200 OK"
2026-03-20 08:05:03: 2026-03-20 08:05:03,684 - httpx - INFO - HTTP Request: GET https://fapi.binance.com/fapi/v1/klines?symbol=AKEUSDT&interval=1d&limit=2 "HTTP/1.1 200 OK"
2026-03-20 08:05:03: 2026-03-20 08:05:03,686 - httpx - INFO - HTTP Request: GET https://fapi.binance.com/fapi/v1/klines?symbol=ORDERUSDT&interval=1d&limit=2 "HTTP/1.1 200 OK"
2026-03-20 08:05:03: 2026-03-20 08:05:03,692 - httpx - INFO - HTTP Request: GET https://fapi.binance.com/fapi/v1/klines?symbol=LIGHTUSDT&interval=1d&limit=2 "HTTP/1.1 200 OK"
2026-03-20 08:05:03: 2026-03-20 08:05:03,698 - httpx - INFO - HTTP Request: GET https://fapi.binance.com/fapi/v1/klines?symbol=XANUSDT&interval=1d&limit=2 "HTTP/1.1 200 OK"
2026-03-20 08:05:03: 2026-03-20 08:05:03,704 - httpx - INFO - HTTP Request: GET https://fapi.binance.com/fapi/v1/klines?symbol=FFUSDT&interval=1d&limit=2 "HTTP/1.1 200 OK"
2026-03-20 08:05:03: 2026-03-20 08:05:03,706 - httpx - INFO - HTTP Request: GET https://fapi.binance.com/fapi/v1/klines?symbol=EDENUSDT&interval=1d&limit=2 "HTTP/1.1 200 OK"
2026-03-20 08:05:03: 2026-03-20 08:05:03,733 - httpx - INFO - HTTP Request: GET https://fapi.binance.com/fapi/v1/klines?symbol=NOMUSDT&interval=1d&limit=2 "HTTP/1.1 200 OK"
2026-03-20 08:05:03: 2026-03-20 08:05:03,744 - httpx - INFO - HTTP Request: GET https://fapi.binance.com/fapi/v1/klines?symbol=TRUTHUSDT&interval=1d&limit=2 "HTTP/1.1 200 OK"
2026-03-20 08:05:03: 2026-03-20 08:05:03,745 - httpx - INFO - HTTP Request: GET https://fapi.binance.com/fapi/v1/klines?symbol=2ZUSDT&interval=1d&limit=2 "HTTP/1.1 200 OK"
2026-03-20 08:05:03: 2026-03-20 08:05:03,771 - httpx - INFO - HTTP Request: GET https://fapi.binance.com/fapi/v1/klines?symbol=EVAAUSDT&interval=1d&limit=2 "HTTP/1.1 200 OK"
2026-03-20 08:05:03: 2026-03-20 08:05:03,801 - httpx - INFO - HTTP Request: GET https://fapi.binance.com/fapi/v1/klines?symbol=LYNUSDT&interval=1d&limit=2 "HTTP/1.1 200 OK"
2026-03-20 08:05:03: 2026-03-20 08:05:03,804 - httpx - INFO - HTTP Request: GET https://fapi.binance.com/fapi/v1/klines?symbol=METUSDT&interval=1d&limit=2 "HTTP/1.1 200 OK"
2026-03-20 08:05:03: 2026-03-20 08:05:03,809 - httpx - INFO - HTTP Request: GET https://fapi.binance.com/fapi/v1/klines?symbol=4USDT&interval=1d&limit=2 "HTTP/1.1 200 OK"
2026-03-20 08:05:03: 2026-03-20 08:05:03,811 - httpx - INFO - HTTP Request: GET https://fapi.binance.com/fapi/v1/klines?symbol=KGENUSDT&interval=1d&limit=2 "HTTP/1.1 200 OK"
2026-03-20 08:05:03: 2026-03-20 08:05:03,816 - httpx - INFO - HTTP Request: GET https://fapi.binance.com/fapi/v1/klines?symbol=EULUSDT&interval=1d&limit=2 "HTTP/1.1 200 OK"
2026-03-20 08:05:03: 2026-03-20 08:05:03,817 - httpx - INFO - HTTP Request: GET https://fapi.binance.com/fapi/v1/klines?symbol=YBUSDT&interval=1d&limit=2 "HTTP/1.1 200 OK"
2026-03-20 08:05:03: 2026-03-20 08:05:03,818 - httpx - INFO - HTTP Request: GET https://fapi.binance.com/fapi/v1/klines?symbol=ZBTUSDT&interval=1d&limit=2 "HTTP/1.1 200 OK"
2026-03-20 08:05:03: 2026-03-20 08:05:03,818 - httpx - INFO - HTTP Request: GET https://fapi.binance.com/fapi/v1/klines?symbol=GIGGLEUSDT&interval=1d&limit=2 "HTTP/1.1 200 OK"
2026-03-20 08:05:03: 2026-03-20 08:05:03,821 - httpx - INFO - HTTP Request: GET https://fapi.binance.com/fapi/v1/klines?symbol=MONUSDT&interval=1d&limit=2 "HTTP/1.1 200 OK"
2026-03-20 08:05:03: 2026-03-20 08:05:03,821 - httpx - INFO - HTTP Request: GET https://fapi.binance.com/fapi/v1/klines?symbol=LABUSDT&interval=1d&limit=2 "HTTP/1.1 200 OK"
2026-03-20 08:05:03: 2026-03-20 08:05:03,822 - httpx - INFO - HTTP Request: GET https://fapi.binance.com/fapi/v1/klines?symbol=BLUAIUSDT&interval=1d&limit=2 "HTTP/1.1 200 OK"
2026-03-20 08:05:03: 2026-03-20 08:05:03,824 - httpx - INFO - HTTP Request: GET https://fapi.binance.com/fapi/v1/klines?symbol=RIVERUSDT&interval=1d&limit=2 "HTTP/1.1 200 OK"
2026-03-20 08:05:03: 2026-03-20 08:05:03,825 - httpx - INFO - HTTP Request: GET https://fapi.binance.com/fapi/v1/klines?symbol=%E5%B8%81%E5%AE%89%E4%BA%BA%E7%94%9FUSDT&interval=1d&limit=2 "HTTP/1.1 200 OK"
2026-03-20 08:05:03: 2026-03-20 08:05:03,825 - httpx - INFO - HTTP Request: GET https://fapi.binance.com/fapi/v1/klines?symbol=CLOUSDT&interval=1d&limit=2 "HTTP/1.1 200 OK"
2026-03-20 08:05:03: 2026-03-20 08:05:03,829 - httpx - INFO - HTTP Request: GET https://fapi.binance.com/fapi/v1/klines?symbol=ENSOUSDT&interval=1d&limit=2 "HTTP/1.1 200 OK"
2026-03-20 08:05:03: 2026-03-20 08:05:03,831 - httpx - INFO - HTTP Request: GET https://fapi.binance.com/fapi/v1/klines?symbol=RECALLUSDT&interval=1d&limit=2 "HTTP/1.1 200 OK"
2026-03-20 08:05:03: 2026-03-20 08:05:03,849 - httpx - INFO - HTTP Request: GET https://fapi.binance.com/fapi/v1/klines?symbol=TURTLEUSDT&interval=1d&limit=2 "HTTP/1.1 200 OK"
2026-03-20 08:05:03: 2026-03-20 08:05:03,859 - httpx - INFO - HTTP Request: GET https://fapi.binance.com/fapi/v1/klines?symbol=ONUSDT&interval=1d&limit=2 "HTTP/1.1 200 OK"
2026-03-20 08:05:03: 2026-03-20 08:05:03,860 - httpx - INFO - HTTP Request: GET https://fapi.binance.com/fapi/v1/klines?symbol=APRUSDT&interval=1d&limit=2 "HTTP/1.1 200 OK"
2026-03-20 08:05:03: 2026-03-20 08:05:03,884 - httpx - INFO - HTTP Request: GET https://fapi.binance.com/fapi/v1/klines?symbol=KITEUSDT&interval=1d&limit=2 "HTTP/1.1 200 OK"
2026-03-20 08:05:03: 2026-03-20 08:05:03,921 - httpx - INFO - HTTP Request: GET https://fapi.binance.com/fapi/v1/klines?symbol=CCUSDT&interval=1d&limit=2 "HTTP/1.1 200 OK"
2026-03-20 08:05:03: 2026-03-20 08:05:03,924 - httpx - INFO - HTTP Request: GET https://fapi.binance.com/fapi/v1/klines?symbol=ATUSDT&interval=1d&limit=2 "HTTP/1.1 200 OK"
2026-03-20 08:05:03: 2026-03-20 08:05:03,932 - httpx - INFO - HTTP Request: GET https://fapi.binance.com/fapi/v1/klines?symbol=MMTUSDT&interval=1d&limit=2 "HTTP/1.1 200 OK"
2026-03-20 08:05:03: 2026-03-20 08:05:03,935 - httpx - INFO - HTTP Request: GET https://fapi.binance.com/fapi/v1/klines?symbol=TRUSTUSDT&interval=1d&limit=2 "HTTP/1.1 200 OK"
2026-03-20 08:05:03: 2026-03-20 08:05:03,937 - httpx - INFO - HTTP Request: GET https://fapi.binance.com/fapi/v1/klines?symbol=UAIUSDT&interval=1d&limit=2 "HTTP/1.1 200 OK"
2026-03-20 08:05:03: 2026-03-20 08:05:03,939 - httpx - INFO - HTTP Request: GET https://fapi.binance.com/fapi/v1/klines?symbol=FOLKSUSDT&interval=1d&limit=2 "HTTP/1.1 200 OK"
2026-03-20 08:05:03: 2026-03-20 08:05:03,942 - httpx - INFO - HTTP Request: GET https://fapi.binance.com/fapi/v1/klines?symbol=ALLOUSDT&interval=1d&limit=2 "HTTP/1.1 200 OK"
2026-03-20 08:05:03: 2026-03-20 08:05:03,945 - httpx - INFO - HTTP Request: GET https://fapi.binance.com/fapi/v1/klines?symbol=JCTUSDT&interval=1d&limit=2 "HTTP/1.1 200 OK"
2026-03-20 08:05:03: 2026-03-20 08:05:03,948 - httpx - INFO - HTTP Request: GET https://fapi.binance.com/fapi/v1/klines?symbol=RLSUSDT&interval=1d&limit=2 "HTTP/1.1 200 OK"
2026-03-20 08:05:03: 2026-03-20 08:05:03,950 - httpx - INFO - HTTP Request: GET https://fapi.binance.com/fapi/v1/klines?symbol=STABLEUSDT&interval=1d&limit=2 "HTTP/1.1 200 OK"
2026-03-20 08:05:03: 2026-03-20 08:05:03,951 - httpx - INFO - HTTP Request: GET https://fapi.binance.com/fapi/v1/klines?symbol=SENTUSDT&interval=1d&limit=2 "HTTP/1.1 200 OK"
2026-03-20 08:05:03: 2026-03-20 08:05:03,954 - httpx - INFO - HTTP Request: GET https://fapi.binance.com/fapi/v1/klines?symbol=PIEVERSEUSDT&interval=1d&limit=2 "HTTP/1.1 200 OK"
2026-03-20 08:05:03: 2026-03-20 08:05:03,955 - httpx - INFO - HTTP Request: GET https://fapi.binance.com/fapi/v1/klines?symbol=CLANKERUSDT&interval=1d&limit=2 "HTTP/1.1 200 OK"
2026-03-20 08:05:03: 2026-03-20 08:05:03,955 - httpx - INFO - HTTP Request: GET https://fapi.binance.com/fapi/v1/klines?symbol=BEATUSDT&interval=1d&limit=2 "HTTP/1.1 200 OK"
2026-03-20 08:05:03: 2026-03-20 08:05:03,956 - httpx - INFO - HTTP Request: GET https://fapi.binance.com/fapi/v1/klines?symbol=BOBUSDT&interval=1d&limit=2 "HTTP/1.1 200 OK"
2026-03-20 08:05:03: 2026-03-20 08:05:03,956 - httpx - INFO - HTTP Request: GET https://fapi.binance.com/fapi/v1/klines?symbol=IRYSUSDT&interval=1d&limit=2 "HTTP/1.1 200 OK"
2026-03-20 08:05:03: 2026-03-20 08:05:03,984 - httpx - INFO - HTTP Request: GET https://fapi.binance.com/fapi/v1/klines?symbol=WETUSDT&interval=1d&limit=2 "HTTP/1.1 200 OK"
2026-03-20 08:05:03: 2026-03-20 08:05:03,987 - httpx - INFO - HTTP Request: GET https://fapi.binance.com/fapi/v1/klines?symbol=POWERUSDT&interval=1d&limit=2 "HTTP/1.1 200 OK"
2026-03-20 08:05:03: 2026-03-20 08:05:03,988 - httpx - INFO - HTTP Request: GET https://fapi.binance.com/fapi/v1/klines?symbol=NIGHTUSDT&interval=1d&limit=2 "HTTP/1.1 200 OK"
2026-03-20 08:05:04: 2026-03-20 08:05:04,000 - httpx - INFO - HTTP Request: GET https://fapi.binance.com/fapi/v1/klines?symbol=USUSDT&interval=1d&limit=2 "HTTP/1.1 200 OK"
2026-03-20 08:05:04: 2026-03-20 08:05:04,051 - httpx - INFO - HTTP Request: GET https://fapi.binance.com/fapi/v1/klines?symbol=CYSUSDT&interval=1d&limit=2 "HTTP/1.1 200 OK"
2026-03-20 08:05:04: 2026-03-20 08:05:04,052 - httpx - INFO - HTTP Request: GET https://fapi.binance.com/fapi/v1/klines?symbol=RAVEUSDT&interval=1d&limit=2 "HTTP/1.1 200 OK"
2026-03-20 08:05:04: 2026-03-20 08:05:04,055 - httpx - INFO - HTTP Request: GET https://fapi.binance.com/fapi/v1/klines?symbol=ZKPUSDT&interval=1d&limit=2 "HTTP/1.1 200 OK"
2026-03-20 08:05:04: 2026-03-20 08:05:04,066 - httpx - INFO - HTTP Request: GET https://fapi.binance.com/fapi/v1/klines?symbol=BREVUSDT&interval=1d&limit=2 "HTTP/1.1 200 OK"
2026-03-20 08:05:04: 2026-03-20 08:05:04,070 - httpx - INFO - HTTP Request: GET https://fapi.binance.com/fapi/v1/klines?symbol=IRUSDT&interval=1d&limit=2 "HTTP/1.1 200 OK"
2026-03-20 08:05:04: 2026-03-20 08:05:04,074 - httpx - INFO - HTTP Request: GET https://fapi.binance.com/fapi/v1/klines?symbol=LITUSDT&interval=1d&limit=2 "HTTP/1.1 200 OK"
2026-03-20 08:05:04: 2026-03-20 08:05:04,080 - httpx - INFO - HTTP Request: GET https://fapi.binance.com/fapi/v1/klines?symbol=GUAUSDT&interval=1d&limit=2 "HTTP/1.1 200 OK"
2026-03-20 08:05:04: 2026-03-20 08:05:04,081 - httpx - INFO - HTTP Request: GET https://fapi.binance.com/fapi/v1/klines?symbol=COLLECTUSDT&interval=1d&limit=2 "HTTP/1.1 200 OK"
2026-03-20 08:05:04: 2026-03-20 08:05:04,085 - httpx - INFO - HTTP Request: GET https://fapi.binance.com/fapi/v1/klines?symbol=MAGMAUSDT&interval=1d&limit=2 "HTTP/1.1 200 OK"
2026-03-20 08:05:04: 2026-03-20 08:05:04,086 - httpx - INFO - HTTP Request: GET https://fapi.binance.com/fapi/v1/klines?symbol=AIAUSDT&interval=1d&limit=2 "HTTP/1.1 200 OK"
2026-03-20 08:05:04: 2026-03-20 08:05:04,086 - httpx - INFO - HTTP Request: GET https://fapi.binance.com/fapi/v1/klines?symbol=FOGOUSDT&interval=1d&limit=2 "HTTP/1.1 200 OK"
2026-03-20 08:05:04: 2026-03-20 08:05:04,087 - httpx - INFO - HTTP Request: GET https://fapi.binance.com/fapi/v1/klines?symbol=SPORTFUNUSDT&interval=1d&limit=2 "HTTP/1.1 200 OK"
2026-03-20 08:05:04: 2026-03-20 08:05:04,087 - httpx - INFO - HTTP Request: GET https://fapi.binance.com/fapi/v1/klines?symbol=ACUUSDT&interval=1d&limit=2 "HTTP/1.1 200 OK"
2026-03-20 08:05:04: 2026-03-20 08:05:04,087 - httpx - INFO - HTTP Request: GET https://fapi.binance.com/fapi/v1/klines?symbol=ZAMAUSDT&interval=1d&limit=2 "HTTP/1.1 200 OK"
2026-03-20 08:05:04: 2026-03-20 08:05:04,092 - httpx - INFO - HTTP Request: GET https://fapi.binance.com/fapi/v1/klines?symbol=FRAXUSDT&interval=1d&limit=2 "HTTP/1.1 200 OK"
2026-03-20 08:05:04: 2026-03-20 08:05:04,092 - httpx - INFO - HTTP Request: GET https://fapi.binance.com/fapi/v1/klines?symbol=%E6%88%91%E8%B8%8F%E9%A9%AC%E6%9D%A5%E4%BA%86USDT&interval=1d&limit=2 "HTTP/1.1 200 OK"
2026-03-20 08:05:04: 2026-03-20 08:05:04,105 - httpx - INFO - HTTP Request: GET https://fapi.binance.com/fapi/v1/klines?symbol=ELSAUSDT&interval=1d&limit=2 "HTTP/1.1 200 OK"
2026-03-20 08:05:04: 2026-03-20 08:05:04,107 - httpx - INFO - HTTP Request: GET https://fapi.binance.com/fapi/v1/klines?symbol=SPACEUSDT&interval=1d&limit=2 "HTTP/1.1 200 OK"
2026-03-20 08:05:04: 2026-03-20 08:05:04,108 - httpx - INFO - HTTP Request: GET https://fapi.binance.com/fapi/v1/klines?symbol=SKRUSDT&interval=1d&limit=2 "HTTP/1.1 200 OK"
2026-03-20 08:05:04: 2026-03-20 08:05:04,116 - httpx - INFO - HTTP Request: GET https://fapi.binance.com/fapi/v1/klines?symbol=FIGHTUSDT&interval=1d&limit=2 "HTTP/1.1 200 OK"
2026-03-20 08:05:04: 2026-03-20 08:05:04,172 - httpx - INFO - HTTP Request: GET https://fapi.binance.com/fapi/v1/klines?symbol=BIRBUSDT&interval=1d&limit=2 "HTTP/1.1 200 OK"
2026-03-20 08:05:04: 2026-03-20 08:05:04,208 - httpx - INFO - HTTP Request: GET https://fapi.binance.com/fapi/v1/klines?symbol=GWEIUSDT&interval=1d&limit=2 "HTTP/1.1 200 OK"
2026-03-20 08:05:04: 2026-03-20 08:05:04,211 - httpx - INFO - HTTP Request: GET https://fapi.binance.com/fapi/v1/klines?symbol=INXUSDT&interval=1d&limit=2 "HTTP/1.1 200 OK"
2026-03-20 08:05:04: 2026-03-20 08:05:04,212 - httpx - INFO - HTTP Request: GET https://fapi.binance.com/fapi/v1/klines?symbol=MEGAUSDT&interval=1d&limit=2 "HTTP/1.1 200 OK"
2026-03-20 08:05:04: 2026-03-20 08:05:04,216 - httpx - INFO - HTTP Request: GET https://fapi.binance.com/fapi/v1/klines?symbol=OPNUSDT&interval=1d&limit=2 "HTTP/1.1 200 OK"
2026-03-20 08:05:04: 2026-03-20 08:05:04,219 - httpx - INFO - HTTP Request: GET https://fapi.binance.com/fapi/v1/klines?symbol=TRIAUSDT&interval=1d&limit=2 "HTTP/1.1 200 OK"
2026-03-20 08:05:04: 2026-03-20 08:05:04,224 - httpx - INFO - HTTP Request: GET https://fapi.binance.com/fapi/v1/klines?symbol=ROBOUSDT&interval=1d&limit=2 "HTTP/1.1 200 OK"
2026-03-20 08:05:04: 2026-03-20 08:05:04,226 - httpx - INFO - HTTP Request: GET https://fapi.binance.com/fapi/v1/klines?symbol=ESPUSDT&interval=1d&limit=2 "HTTP/1.1 200 OK"
2026-03-20 08:05:04: 2026-03-20 08:05:04,228 - httpx - INFO - HTTP Request: GET https://fapi.binance.com/fapi/v1/klines?symbol=MANTRAUSDT&interval=1d&limit=2 "HTTP/1.1 200 OK"
2026-03-20 08:05:04: 2026-03-20 08:05:04,230 - httpx - INFO - HTTP Request: GET https://fapi.binance.com/fapi/v1/klines?symbol=CFGUSDT&interval=1d&limit=2 "HTTP/1.1 200 OK"
2026-03-20 08:05:04: 2026-03-20 08:05:04,231 - httpx - INFO - HTTP Request: GET https://fapi.binance.com/fapi/v1/klines?symbol=KATUSDT&interval=1d&limit=2 "HTTP/1.1 200 OK"
2026-03-20 08:05:04: 2026-03-20 08:05:04,235 - httpx - INFO - HTTP Request: GET https://fapi.binance.com/fapi/v1/klines?symbol=AZTECUSDT&interval=1d&limit=2 "HTTP/1.1 200 OK"
2026-03-20 08:05:04: 2026-03-20 08:05:04,236 - httpx - INFO - HTTP Request: GET https://fapi.binance.com/fapi/v1/klines?symbol=%E9%BE%99%E8%99%BEUSDT&interval=1d&limit=2 "HTTP/1.1 200 OK"
2026-03-20 08:05:04: 2026-03-20 08:05:04,241 - moonshot.paper.runner - INFO - ScannerLoop: Waiting 24.0 hours until scan
2026-03-20 09:27:00: INFO:     Shutting down
2026-03-20 09:27:00: INFO:     Waiting for connections to close. (CTRL+C to force quit)
2026-03-20 09:27:19: 2026-03-20 09:27:19,226 - moonshot.paper.runner - INFO - PaperRunner: Starting...
2026-03-20 09:27:19: INFO:     Started server process [45020]
2026-03-20 09:27:19: INFO:     Waiting for application startup.
2026-03-20 09:27:19: 2026-03-20 09:27:19,292 - moonshot.paper.ws_feed - INFO - PriceFeedWS: Starting...
2026-03-20 09:27:19: 2026-03-20 09:27:19,292 - moonshot.paper.ws_feed - INFO - PriceFeedWS: Connecting to wss://fstream.binance.com ...
2026-03-20 09:27:19: 2026-03-20 09:27:19,297 - moonshot.paper.runner - INFO - ScannerLoop: Waiting 22.6 hours until scan
2026-03-20 09:27:19: INFO:     Application startup complete.
2026-03-20 09:27:19: INFO:     Uvicorn running on http://0.0.0.0:8100 (Press CTRL+C to quit)
2026-03-20 09:27:20: 2026-03-20 09:27:20,971 - httpx - INFO - HTTP Request: GET https://fapi.binance.com/fapi/v1/ticker/price?symbol=SIRENUSDT "HTTP/1.1 200 OK"
2026-03-20 09:27:20: 2026-03-20 09:27:20,977 - moonshot.paper.ws_feed - INFO - PriceFeedWS: ✅ Connected! Receiving mark prices...
2026-03-20 09:27:21: 2026-03-20 09:27:21,059 - httpx - INFO - HTTP Request: GET https://fapi.binance.com/fapi/v1/ticker/price?symbol=SIRENUSDT "HTTP/1.1 200 OK"
2026-03-20 09:27:21: 2026-03-20 09:27:21,147 - moonshot.paper.ws_feed - INFO - PriceFeedWS: First batch — 682 symbols
2026-03-20 09:27:21: 2026-03-20 09:27:21,408 - httpx - INFO - HTTP Request: GET https://fapi.binance.com/fapi/v1/ticker/price?symbol=SIRENUSDT "HTTP/1.1 200 OK"
2026-03-20 09:27:56: 2026-03-20 09:27:56,310 - httpx - INFO - HTTP Request: GET https://fapi.binance.com/fapi/v1/ticker/24hr "HTTP/1.1 200 OK"
2026-03-20 09:28:15: 2026-03-20 09:28:15,199 - httpx - INFO - HTTP Request: GET https://fapi.binance.com/fapi/v1/exchangeInfo "HTTP/1.1 200 OK"
2026-03-20 09:28:15: 2026-03-20 09:28:15,240 - moonshot.paper.live_feed - INFO - LiveFeed: 544 USDT perpetual symbols
2026-03-20 09:28:17: 2026-03-20 09:28:17,033 - httpx - INFO - HTTP Request: GET https://fapi.binance.com/fapi/v1/klines?symbol=BTCUSDT&interval=1d&limit=2 "HTTP/1.1 200 OK"
2026-03-20 09:28:35: 2026-03-20 09:28:35,985 - moonshot.paper.ws_feed - WARNING - PriceFeedWS: ConnectionClosedError: sent 1011 (internal error) keepalive ping timeout; no close frame received (url=wss://fstream.binance.com/ws/!markPrice@arr@1s), retry in 1s...
2026-03-20 09:28:36: 2026-03-20 09:28:36,986 - moonshot.paper.ws_feed - INFO - PriceFeedWS: Connecting to wss://fstream.binance.com ...
2026-03-20 09:28:46: 2026-03-20 09:28:46,988 - moonshot.paper.ws_feed - WARNING - PriceFeedWS: TimeoutError: timed out during opening handshake (url=wss://fstream.binance.com/ws/!markPrice@arr@1s), retry in 2s...
2026-03-20 09:28:48: 2026-03-20 09:28:48,993 - moonshot.paper.ws_feed - INFO - PriceFeedWS: Connecting to wss://fstream.binance.com ...
2026-03-20 09:28:58: 2026-03-20 09:28:58,995 - moonshot.paper.ws_feed - WARNING - PriceFeedWS: TimeoutError: timed out during opening handshake (url=wss://fstream.binance.com/ws/!markPrice@arr@1s), retry in 4s...
2026-03-20 09:29:02: 2026-03-20 09:29:02,995 - moonshot.paper.ws_feed - INFO - PriceFeedWS: Connecting to wss://fstream.binance.com ...
2026-03-20 09:29:12: 2026-03-20 09:29:12,997 - moonshot.paper.ws_feed - WARNING - PriceFeedWS: TimeoutError: timed out during opening handshake (url=wss://fstream.binance.com/ws/!markPrice@arr@1s), retry in 8s...
2026-03-20 09:29:12: 2026-03-20 09:29:12,997 - moonshot.paper.ws_feed - INFO - PriceFeedWS: Switching to URL #1
2026-03-20 09:29:20: 2026-03-20 09:29:20,998 - moonshot.paper.ws_feed - INFO - PriceFeedWS: Connecting to wss://fstream.binancefuture.com ...
2026-03-20 09:29:30: 2026-03-20 09:29:30,999 - moonshot.paper.ws_feed - WARNING - PriceFeedWS: TimeoutError: timed out during opening handshake (url=wss://fstream.binancefuture.com/ws/!markPrice@arr@1s), retry in 16s...
2026-03-20 09:29:31: 2026-03-20 09:29:30,999 - moonshot.paper.ws_feed - INFO - PriceFeedWS: Switching to URL #0
2026-03-20 09:29:37: 2026-03-20 09:29:37,870 - asyncio - ERROR - Fatal error: protocol.data_received() call failed.
2026-03-20 09:29:37: protocol: <websockets.asyncio.client.HTTPProxyConnection object at 0x107d90690>
2026-03-20 09:29:37: transport: <_SelectorSocketTransport fd=37 read=polling write=<idle, bufsize=0>>
2026-03-20 09:29:37: Traceback (most recent call last):
2026-03-20 09:29:37:   File "/Users/tony/Documents/crypto/duo-moonshot/.venv/lib/python3.13/site-packages/websockets/asyncio/client.py", line 749, in run_parser
2026-03-20 09:29:37:     next(self.parser)
2026-03-20 09:29:37:     ~~~~^^^^^^^^^^^^^
2026-03-20 09:29:37: StopIteration: Response(status_code=200, reason_phrase='Connection established', headers=Headers([]), body=b'', _exception=None)
2026-03-20 09:29:37: 
2026-03-20 09:29:37: During handling of the above exception, another exception occurred:
2026-03-20 09:29:37: 
2026-03-20 09:29:37: Traceback (most recent call last):
2026-03-20 09:29:37:   File "/Users/tony/.local/share/uv/python/cpython-3.13.2-macos-aarch64-none/lib/python3.13/asyncio/selector_events.py", line 1019, in _read_ready__data_received
2026-03-20 09:29:37:     self._protocol.data_received(data)
2026-03-20 09:29:37:     ~~~~~~~~~~~~~~~~~~~~~~~~~~~~^^^^^^
2026-03-20 09:29:37:   File "/Users/tony/Documents/crypto/duo-moonshot/.venv/lib/python3.13/site-packages/websockets/asyncio/client.py", line 772, in data_received
2026-03-20 09:29:37:     self.run_parser()
2026-03-20 09:29:37:     ~~~~~~~~~~~~~~~^^
2026-03-20 09:29:37:   File "/Users/tony/Documents/crypto/duo-moonshot/.venv/lib/python3.13/site-packages/websockets/asyncio/client.py", line 753, in run_parser
2026-03-20 09:29:37:     self.response.set_result(response)
2026-03-20 09:29:37:     ~~~~~~~~~~~~~~~~~~~~~~~~^^^^^^^^^^
2026-03-20 09:29:37: asyncio.exceptions.InvalidStateError: invalid state
2026-03-20 09:29:37: 2026-03-20 09:29:37,874 - asyncio - ERROR - Exception in callback _SelectorSocketTransport._call_connection_lost()
2026-03-20 09:29:37: handle: <Handle _SelectorSocketTransport._call_connection_lost()>
2026-03-20 09:29:37: Traceback (most recent call last):
2026-03-20 09:29:37:   File "/Users/tony/.local/share/uv/python/cpython-3.13.2-macos-aarch64-none/lib/python3.13/asyncio/events.py", line 89, in _run
2026-03-20 09:29:37:     self._context.run(self._callback, *self._args)
2026-03-20 09:29:37:     ~~~~~~~~~~~~~~~~~^^^^^^^^^^^^^^^^^^^^^^^^^^^^^
2026-03-20 09:29:37:   File "/Users/tony/.local/share/uv/python/cpython-3.13.2-macos-aarch64-none/lib/python3.13/asyncio/selector_events.py", line 1185, in _call_connection_lost
2026-03-20 09:29:37:     super()._call_connection_lost(exc)
2026-03-20 09:29:37:     ~~~~~~~~~~~~~~~~~~~~~~~~~~~~~^^^^^
2026-03-20 09:29:37:   File "/Users/tony/.local/share/uv/python/cpython-3.13.2-macos-aarch64-none/lib/python3.13/asyncio/selector_events.py", line 903, in _call_connection_lost
2026-03-20 09:29:37:     self._protocol.connection_lost(exc)
2026-03-20 09:29:37:     ~~~~~~~~~~~~~~~~~~~~~~~~~~~~~~^^^^^
2026-03-20 09:29:37:   File "/Users/tony/Documents/crypto/duo-moonshot/.venv/lib/python3.13/site-packages/websockets/asyncio/client.py", line 781, in connection_lost
2026-03-20 09:29:37:     self.response.set_exception(exc)
2026-03-20 09:29:37:     ~~~~~~~~~~~~~~~~~~~~~~~~~~~^^^^^
2026-03-20 09:29:37: asyncio.exceptions.InvalidStateError: invalid state
2026-03-20 09:29:47: 2026-03-20 09:29:47,000 - moonshot.paper.ws_feed - INFO - PriceFeedWS: Connecting to wss://fstream.binance.com ...
2026-03-20 09:29:57: 2026-03-20 09:29:57,002 - moonshot.paper.ws_feed - WARNING - PriceFeedWS: TimeoutError: timed out during opening handshake (url=wss://fstream.binance.com/ws/!markPrice@arr@1s), retry in 30s...
2026-03-20 09:29:57: 2026-03-20 09:29:57,002 - moonshot.paper.ws_feed - INFO - PriceFeedWS: Switching to URL #1
2026-03-20 09:30:18: 2026-03-20 09:30:18,977 - asyncio - ERROR - Fatal error: protocol.data_received() call failed.
2026-03-20 09:30:18: protocol: <websockets.asyncio.client.HTTPProxyConnection object at 0x10c1d8410>
2026-03-20 09:30:18: transport: <_SelectorSocketTransport fd=44 read=polling write=<idle, bufsize=0>>
2026-03-20 09:30:18: Traceback (most recent call last):
2026-03-20 09:30:18:   File "/Users/tony/Documents/crypto/duo-moonshot/.venv/lib/python3.13/site-packages/websockets/asyncio/client.py", line 749, in run_parser
2026-03-20 09:30:18:     next(self.parser)
2026-03-20 09:30:18:     ~~~~^^^^^^^^^^^^^
2026-03-20 09:30:18: StopIteration: Response(status_code=200, reason_phrase='Connection established', headers=Headers([]), body=b'', _exception=None)
2026-03-20 09:30:18: 
2026-03-20 09:30:18: During handling of the above exception, another exception occurred:
2026-03-20 09:30:18: 
2026-03-20 09:30:18: Traceback (most recent call last):
2026-03-20 09:30:18:   File "/Users/tony/.local/share/uv/python/cpython-3.13.2-macos-aarch64-none/lib/python3.13/asyncio/selector_events.py", line 1019, in _read_ready__data_received
2026-03-20 09:30:18:     self._protocol.data_received(data)
2026-03-20 09:30:18:     ~~~~~~~~~~~~~~~~~~~~~~~~~~~~^^^^^^
2026-03-20 09:30:18:   File "/Users/tony/Documents/crypto/duo-moonshot/.venv/lib/python3.13/site-packages/websockets/asyncio/client.py", line 772, in data_received
2026-03-20 09:30:18:     self.run_parser()
2026-03-20 09:30:18:     ~~~~~~~~~~~~~~~^^
2026-03-20 09:30:18:   File "/Users/tony/Documents/crypto/duo-moonshot/.venv/lib/python3.13/site-packages/websockets/asyncio/client.py", line 753, in run_parser
2026-03-20 09:30:18:     self.response.set_result(response)
2026-03-20 09:30:18:     ~~~~~~~~~~~~~~~~~~~~~~~~^^^^^^^^^^
2026-03-20 09:30:18: asyncio.exceptions.InvalidStateError: invalid state
2026-03-20 09:30:18: 2026-03-20 09:30:18,978 - asyncio - ERROR - Exception in callback _SelectorSocketTransport._call_connection_lost()
2026-03-20 09:30:18: handle: <Handle _SelectorSocketTransport._call_connection_lost()>
2026-03-20 09:30:18: Traceback (most recent call last):
2026-03-20 09:30:18:   File "/Users/tony/.local/share/uv/python/cpython-3.13.2-macos-aarch64-none/lib/python3.13/asyncio/events.py", line 89, in _run
2026-03-20 09:30:18:     self._context.run(self._callback, *self._args)
2026-03-20 09:30:18:     ~~~~~~~~~~~~~~~~~^^^^^^^^^^^^^^^^^^^^^^^^^^^^^
2026-03-20 09:30:18:   File "/Users/tony/.local/share/uv/python/cpython-3.13.2-macos-aarch64-none/lib/python3.13/asyncio/selector_events.py", line 1185, in _call_connection_lost
2026-03-20 09:30:18:     super()._call_connection_lost(exc)
2026-03-20 09:30:18:     ~~~~~~~~~~~~~~~~~~~~~~~~~~~~~^^^^^
2026-03-20 09:30:18:   File "/Users/tony/.local/share/uv/python/cpython-3.13.2-macos-aarch64-none/lib/python3.13/asyncio/selector_events.py", line 903, in _call_connection_lost
2026-03-20 09:30:18:     self._protocol.connection_lost(exc)
2026-03-20 09:30:18:     ~~~~~~~~~~~~~~~~~~~~~~~~~~~~~~^^^^^
2026-03-20 09:30:18:   File "/Users/tony/Documents/crypto/duo-moonshot/.venv/lib/python3.13/site-packages/websockets/asyncio/client.py", line 781, in connection_lost
2026-03-20 09:30:18:     self.response.set_exception(exc)
2026-03-20 09:30:18:     ~~~~~~~~~~~~~~~~~~~~~~~~~~~^^^^^
2026-03-20 09:30:18: asyncio.exceptions.InvalidStateError: invalid state
2026-03-20 09:30:27: 2026-03-20 09:30:27,003 - moonshot.paper.ws_feed - INFO - PriceFeedWS: Connecting to wss://fstream.binancefuture.com ...
2026-03-20 09:30:37: 2026-03-20 09:30:37,005 - moonshot.paper.ws_feed - WARNING - PriceFeedWS: TimeoutError: timed out during opening handshake (url=wss://fstream.binancefuture.com/ws/!markPrice@arr@1s), retry in 30s...
2026-03-20 09:30:37: 2026-03-20 09:30:37,005 - moonshot.paper.ws_feed - INFO - PriceFeedWS: Switching to URL #0
2026-03-20 09:30:52: 2026-03-20 09:30:52,855 - asyncio - ERROR - Fatal error: protocol.data_received() call failed.
2026-03-20 09:30:52: protocol: <websockets.asyncio.client.HTTPProxyConnection object at 0x1079f7a80>
2026-03-20 09:30:52: transport: <_SelectorSocketTransport fd=31 read=polling write=<idle, bufsize=0>>
2026-03-20 09:30:52: Traceback (most recent call last):
2026-03-20 09:30:52:   File "/Users/tony/Documents/crypto/duo-moonshot/.venv/lib/python3.13/site-packages/websockets/asyncio/client.py", line 749, in run_parser
2026-03-20 09:30:52:     next(self.parser)
2026-03-20 09:30:52:     ~~~~^^^^^^^^^^^^^
2026-03-20 09:30:52: StopIteration: Response(status_code=200, reason_phrase='Connection established', headers=Headers([]), body=b'', _exception=None)
2026-03-20 09:30:52: 
2026-03-20 09:30:52: During handling of the above exception, another exception occurred:
2026-03-20 09:30:52: 
2026-03-20 09:30:52: Traceback (most recent call last):
2026-03-20 09:30:52:   File "/Users/tony/.local/share/uv/python/cpython-3.13.2-macos-aarch64-none/lib/python3.13/asyncio/selector_events.py", line 1019, in _read_ready__data_received
2026-03-20 09:30:52:     self._protocol.data_received(data)
2026-03-20 09:30:52:     ~~~~~~~~~~~~~~~~~~~~~~~~~~~~^^^^^^
2026-03-20 09:30:52:   File "/Users/tony/Documents/crypto/duo-moonshot/.venv/lib/python3.13/site-packages/websockets/asyncio/client.py", line 772, in data_received
2026-03-20 09:30:52:     self.run_parser()
2026-03-20 09:30:52:     ~~~~~~~~~~~~~~~^^
2026-03-20 09:30:52:   File "/Users/tony/Documents/crypto/duo-moonshot/.venv/lib/python3.13/site-packages/websockets/asyncio/client.py", line 753, in run_parser
2026-03-20 09:30:52:     self.response.set_result(response)
2026-03-20 09:30:52:     ~~~~~~~~~~~~~~~~~~~~~~~~^^^^^^^^^^
2026-03-20 09:30:52: asyncio.exceptions.InvalidStateError: invalid state
2026-03-20 09:30:52: 2026-03-20 09:30:52,856 - asyncio - ERROR - Exception in callback _SelectorSocketTransport._call_connection_lost()
2026-03-20 09:30:52: handle: <Handle _SelectorSocketTransport._call_connection_lost()>
2026-03-20 09:30:52: Traceback (most recent call last):
2026-03-20 09:30:52:   File "/Users/tony/.local/share/uv/python/cpython-3.13.2-macos-aarch64-none/lib/python3.13/asyncio/events.py", line 89, in _run
2026-03-20 09:30:52:     self._context.run(self._callback, *self._args)
2026-03-20 09:30:52:     ~~~~~~~~~~~~~~~~~^^^^^^^^^^^^^^^^^^^^^^^^^^^^^
2026-03-20 09:30:52:   File "/Users/tony/.local/share/uv/python/cpython-3.13.2-macos-aarch64-none/lib/python3.13/asyncio/selector_events.py", line 1185, in _call_connection_lost
2026-03-20 09:30:52:     super()._call_connection_lost(exc)
2026-03-20 09:30:52:     ~~~~~~~~~~~~~~~~~~~~~~~~~~~~~^^^^^
2026-03-20 09:30:52:   File "/Users/tony/.local/share/uv/python/cpython-3.13.2-macos-aarch64-none/lib/python3.13/asyncio/selector_events.py", line 903, in _call_connection_lost
2026-03-20 09:30:52:     self._protocol.connection_lost(exc)
2026-03-20 09:30:52:     ~~~~~~~~~~~~~~~~~~~~~~~~~~~~~~^^^^^
2026-03-20 09:30:52:   File "/Users/tony/Documents/crypto/duo-moonshot/.venv/lib/python3.13/site-packages/websockets/asyncio/client.py", line 781, in connection_lost
2026-03-20 09:30:52:     self.response.set_exception(exc)
2026-03-20 09:30:52:     ~~~~~~~~~~~~~~~~~~~~~~~~~~~^^^^^
2026-03-20 09:30:52: asyncio.exceptions.InvalidStateError: invalid state
2026-03-20 09:31:07: 2026-03-20 09:31:07,008 - moonshot.paper.ws_feed - INFO - PriceFeedWS: Connecting to wss://fstream.binance.com ...
2026-03-20 09:31:17: 2026-03-20 09:31:17,010 - moonshot.paper.ws_feed - WARNING - PriceFeedWS: TimeoutError: timed out during opening handshake (url=wss://fstream.binance.com/ws/!markPrice@arr@1s), retry in 30s...
2026-03-20 09:31:17: 2026-03-20 09:31:17,010 - moonshot.paper.ws_feed - INFO - PriceFeedWS: Switching to URL #1
2026-03-20 09:31:31: INFO:     Shutting down
2026-03-20 09:31:31: INFO:     Waiting for connections to close. (CTRL+C to force quit)
2026-03-20 09:32:38: 2026-03-20 09:32:38,036 - moonshot.paper.runner - INFO - PaperRunner: Starting...
2026-03-20 09:32:38: INFO:     Started server process [52441]
2026-03-20 09:32:38: INFO:     Waiting for application startup.
2026-03-20 09:32:38: 2026-03-20 09:32:38,101 - moonshot.paper.ws_feed - INFO - PriceFeedWS: Starting...
2026-03-20 09:32:38: 2026-03-20 09:32:38,101 - moonshot.paper.ws_feed - INFO - PriceFeedWS: Connecting to wss://fstream.binance.com ...
2026-03-20 09:32:38: 2026-03-20 09:32:38,107 - moonshot.paper.runner - INFO - ScannerLoop: Waiting 22.5 hours until scan
2026-03-20 09:32:38: INFO:     Application startup complete.
2026-03-20 09:32:38: INFO:     Uvicorn running on http://0.0.0.0:8100 (Press CTRL+C to quit)
2026-03-20 09:32:40: 2026-03-20 09:32:40,890 - httpx - INFO - HTTP Request: GET https://fapi.binance.com/fapi/v1/ticker/price?symbol=SIRENUSDT "HTTP/1.1 200 OK"
2026-03-20 09:32:40: 2026-03-20 09:32:40,901 - httpx - INFO - HTTP Request: GET https://fapi.binance.com/fapi/v1/ticker/price?symbol=SIRENUSDT "HTTP/1.1 200 OK"
2026-03-20 09:32:40: 2026-03-20 09:32:40,904 - moonshot.paper.ws_feed - INFO - PriceFeedWS: ✅ Connected! Receiving mark prices...
2026-03-20 09:32:41: 2026-03-20 09:32:41,117 - httpx - INFO - HTTP Request: GET https://fapi.binance.com/fapi/v1/ticker/price?symbol=SIRENUSDT "HTTP/1.1 200 OK"
2026-03-20 09:32:41: 2026-03-20 09:32:41,144 - moonshot.paper.ws_feed - INFO - PriceFeedWS: First batch — 682 symbols
2026-03-20 09:32:41: 2026-03-20 09:32:41,276 - httpx - INFO - HTTP Request: GET https://fapi.binance.com/fapi/v1/ticker/price?symbol=SIRENUSDT "HTTP/1.1 200 OK"
2026-03-20 09:32:58: 2026-03-20 09:32:58,312 - httpx - INFO - HTTP Request: GET https://fapi.binance.com/fapi/v1/ticker/24hr "HTTP/1.1 200 OK"
2026-03-20 09:32:58: 2026-03-20 09:32:58,412 - httpx - INFO - HTTP Request: GET https://fapi.binance.com/fapi/v1/ticker/24hr "HTTP/1.1 200 OK"
2026-03-20 09:33:03: 2026-03-20 09:33:03,039 - httpx - INFO - HTTP Request: GET https://fapi.binance.com/fapi/v1/exchangeInfo "HTTP/1.1 200 OK"
2026-03-20 09:33:03: 2026-03-20 09:33:03,111 - moonshot.paper.live_feed - INFO - LiveFeed: 544 USDT perpetual symbols
2026-03-20 09:33:04: 2026-03-20 09:33:04,786 - httpx - INFO - HTTP Request: GET https://fapi.binance.com/fapi/v1/klines?symbol=BTCUSDT&interval=1d&limit=2 "HTTP/1.1 200 OK"
2026-03-20 09:33:04: 2026-03-20 09:33:04,789 - httpx - INFO - HTTP Request: GET https://fapi.binance.com/fapi/v1/klines?symbol=ETHUSDT&interval=1d&limit=2 "HTTP/1.1 200 OK"
2026-03-20 09:33:35: 2026-03-20 09:33:35,914 - moonshot.paper.ws_feed - WARNING - PriceFeedWS: ConnectionClosedError: sent 1011 (internal error) keepalive ping timeout; no close frame received (url=wss://fstream.binance.com/ws/!markPrice@arr@1s), retry in 1s...
2026-03-20 09:33:36: 2026-03-20 09:33:36,916 - moonshot.paper.ws_feed - INFO - PriceFeedWS: Connecting to wss://fstream.binance.com ...
2026-03-20 09:33:46: 2026-03-20 09:33:46,917 - moonshot.paper.ws_feed - WARNING - PriceFeedWS: TimeoutError: timed out during opening handshake (url=wss://fstream.binance.com/ws/!markPrice@arr@1s), retry in 2s...
2026-03-20 09:33:48: 2026-03-20 09:33:48,919 - moonshot.paper.ws_feed - INFO - PriceFeedWS: Connecting to wss://fstream.binance.com ...
2026-03-20 09:33:58: 2026-03-20 09:33:58,920 - moonshot.paper.ws_feed - WARNING - PriceFeedWS: TimeoutError: timed out during opening handshake (url=wss://fstream.binance.com/ws/!markPrice@arr@1s), retry in 4s...
2026-03-20 09:34:02: 2026-03-20 09:34:02,937 - moonshot.paper.ws_feed - INFO - PriceFeedWS: Connecting to wss://fstream.binance.com ...
2026-03-20 09:34:12: 2026-03-20 09:34:12,938 - moonshot.paper.ws_feed - WARNING - PriceFeedWS: TimeoutError: timed out during opening handshake (url=wss://fstream.binance.com/ws/!markPrice@arr@1s), retry in 8s...
2026-03-20 09:34:12: 2026-03-20 09:34:12,938 - moonshot.paper.ws_feed - INFO - PriceFeedWS: Switching to URL #1
2026-03-20 09:34:20: 2026-03-20 09:34:20,939 - moonshot.paper.ws_feed - INFO - PriceFeedWS: Connecting to wss://fstream.binancefuture.com ...
2026-03-20 09:34:30: 2026-03-20 09:34:30,941 - moonshot.paper.ws_feed - WARNING - PriceFeedWS: TimeoutError: timed out during opening handshake (url=wss://fstream.binancefuture.com/ws/!markPrice@arr@1s), retry in 16s...
2026-03-20 09:34:30: 2026-03-20 09:34:30,941 - moonshot.paper.ws_feed - INFO - PriceFeedWS: Switching to URL #0
2026-03-20 09:34:46: 2026-03-20 09:34:46,942 - moonshot.paper.ws_feed - INFO - PriceFeedWS: Connecting to wss://fstream.binance.com ...
2026-03-20 09:34:56: 2026-03-20 09:34:56,944 - moonshot.paper.ws_feed - WARNING - PriceFeedWS: TimeoutError: timed out during opening handshake (url=wss://fstream.binance.com/ws/!markPrice@arr@1s), retry in 30s...
2026-03-20 09:34:56: 2026-03-20 09:34:56,944 - moonshot.paper.ws_feed - INFO - PriceFeedWS: Switching to URL #1
2026-03-20 09:35:16: 2026-03-20 09:35:16,260 - asyncio - ERROR - Fatal error: protocol.data_received() call failed.
2026-03-20 09:35:16: protocol: <websockets.asyncio.client.HTTPProxyConnection object at 0x107588910>
2026-03-20 09:35:16: transport: <_SelectorSocketTransport fd=7 read=polling write=<idle, bufsize=0>>
2026-03-20 09:35:16: Traceback (most recent call last):
2026-03-20 09:35:16:   File "/Users/tony/Documents/crypto/duo-moonshot/.venv/lib/python3.13/site-packages/websockets/asyncio/client.py", line 749, in run_parser
2026-03-20 09:35:16:     next(self.parser)
2026-03-20 09:35:16:     ~~~~^^^^^^^^^^^^^
2026-03-20 09:35:16: StopIteration: Response(status_code=503, reason_phrase='Service Unavailable', headers=Headers([('Content-Length', '0'), ('Proxy-Connection', 'close'), ('Connection', 'close')]), body=b'', _exception=None)
2026-03-20 09:35:16: 
2026-03-20 09:35:16: During handling of the above exception, another exception occurred:
2026-03-20 09:35:16: 
2026-03-20 09:35:16: Traceback (most recent call last):
2026-03-20 09:35:16:   File "/Users/tony/.local/share/uv/python/cpython-3.13.2-macos-aarch64-none/lib/python3.13/asyncio/selector_events.py", line 1019, in _read_ready__data_received
2026-03-20 09:35:16:     self._protocol.data_received(data)
2026-03-20 09:35:16:     ~~~~~~~~~~~~~~~~~~~~~~~~~~~~^^^^^^
2026-03-20 09:35:16:   File "/Users/tony/Documents/crypto/duo-moonshot/.venv/lib/python3.13/site-packages/websockets/asyncio/client.py", line 772, in data_received
2026-03-20 09:35:16:     self.run_parser()
2026-03-20 09:35:16:     ~~~~~~~~~~~~~~~^^
2026-03-20 09:35:16:   File "/Users/tony/Documents/crypto/duo-moonshot/.venv/lib/python3.13/site-packages/websockets/asyncio/client.py", line 755, in run_parser
2026-03-20 09:35:16:     self.response.set_exception(InvalidProxyStatus(response))
2026-03-20 09:35:16:     ~~~~~~~~~~~~~~~~~~~~~~~~~~~^^^^^^^^^^^^^^^^^^^^^^^^^^^^^^
2026-03-20 09:35:16: asyncio.exceptions.InvalidStateError: invalid state
2026-03-20 09:35:16: 2026-03-20 09:35:16,265 - asyncio - ERROR - Exception in callback _SelectorSocketTransport._call_connection_lost()
2026-03-20 09:35:16: handle: <Handle _SelectorSocketTransport._call_connection_lost()>
2026-03-20 09:35:16: Traceback (most recent call last):
2026-03-20 09:35:16:   File "/Users/tony/.local/share/uv/python/cpython-3.13.2-macos-aarch64-none/lib/python3.13/asyncio/events.py", line 89, in _run
2026-03-20 09:35:16:     self._context.run(self._callback, *self._args)
2026-03-20 09:35:16:     ~~~~~~~~~~~~~~~~~^^^^^^^^^^^^^^^^^^^^^^^^^^^^^
2026-03-20 09:35:16:   File "/Users/tony/.local/share/uv/python/cpython-3.13.2-macos-aarch64-none/lib/python3.13/asyncio/selector_events.py", line 1185, in _call_connection_lost
2026-03-20 09:35:16:     super()._call_connection_lost(exc)
2026-03-20 09:35:16:     ~~~~~~~~~~~~~~~~~~~~~~~~~~~~~^^^^^
2026-03-20 09:35:16:   File "/Users/tony/.local/share/uv/python/cpython-3.13.2-macos-aarch64-none/lib/python3.13/asyncio/selector_events.py", line 903, in _call_connection_lost
2026-03-20 09:35:16:     self._protocol.connection_lost(exc)
2026-03-20 09:35:16:     ~~~~~~~~~~~~~~~~~~~~~~~~~~~~~~^^^^^
2026-03-20 09:35:16:   File "/Users/tony/Documents/crypto/duo-moonshot/.venv/lib/python3.13/site-packages/websockets/asyncio/client.py", line 781, in connection_lost
2026-03-20 09:35:16:     self.response.set_exception(exc)
2026-03-20 09:35:16:     ~~~~~~~~~~~~~~~~~~~~~~~~~~~^^^^^
2026-03-20 09:35:16: asyncio.exceptions.InvalidStateError: invalid state
2026-03-20 09:35:26: 2026-03-20 09:35:26,945 - moonshot.paper.ws_feed - INFO - PriceFeedWS: Connecting to wss://fstream.binancefuture.com ...
2026-03-20 09:35:34: 2026-03-20 09:35:34,729 - moonshot.paper.ws_feed - WARNING - PriceFeedWS: TimeoutError: timed out during opening handshake (url=wss://fstream.binancefuture.com/ws/!markPrice@arr@1s), retry in 30s...
2026-03-20 09:35:34: 2026-03-20 09:35:34,729 - moonshot.paper.ws_feed - INFO - PriceFeedWS: Switching to URL #0
2026-03-20 09:35:50: 2026-03-20 09:35:50,918 - asyncio - ERROR - Fatal error: protocol.data_received() call failed.
2026-03-20 09:35:50: protocol: <websockets.asyncio.client.HTTPProxyConnection object at 0x106cdb4d0>
2026-03-20 09:35:50: transport: <_SelectorSocketTransport fd=32 read=polling write=<idle, bufsize=0>>
2026-03-20 09:35:50: Traceback (most recent call last):
2026-03-20 09:35:50:   File "/Users/tony/Documents/crypto/duo-moonshot/.venv/lib/python3.13/site-packages/websockets/asyncio/client.py", line 749, in run_parser
2026-03-20 09:35:50:     next(self.parser)
2026-03-20 09:35:50:     ~~~~^^^^^^^^^^^^^
2026-03-20 09:35:50: StopIteration: Response(status_code=503, reason_phrase='Service Unavailable', headers=Headers([('Content-Length', '0'), ('Proxy-Connection', 'close'), ('Connection', 'close')]), body=b'', _exception=None)
2026-03-20 09:35:50: 
2026-03-20 09:35:50: During handling of the above exception, another exception occurred:
2026-03-20 09:35:50: 
2026-03-20 09:35:50: Traceback (most recent call last):
2026-03-20 09:35:50:   File "/Users/tony/.local/share/uv/python/cpython-3.13.2-macos-aarch64-none/lib/python3.13/asyncio/selector_events.py", line 1019, in _read_ready__data_received
2026-03-20 09:35:50:     self._protocol.data_received(data)
2026-03-20 09:35:50:     ~~~~~~~~~~~~~~~~~~~~~~~~~~~~^^^^^^
2026-03-20 09:35:50:   File "/Users/tony/Documents/crypto/duo-moonshot/.venv/lib/python3.13/site-packages/websockets/asyncio/client.py", line 772, in data_received
2026-03-20 09:35:50:     self.run_parser()
2026-03-20 09:35:50:     ~~~~~~~~~~~~~~~^^
2026-03-20 09:35:50:   File "/Users/tony/Documents/crypto/duo-moonshot/.venv/lib/python3.13/site-packages/websockets/asyncio/client.py", line 755, in run_parser
2026-03-20 09:35:50:     self.response.set_exception(InvalidProxyStatus(response))
2026-03-20 09:35:50:     ~~~~~~~~~~~~~~~~~~~~~~~~~~~^^^^^^^^^^^^^^^^^^^^^^^^^^^^^^
2026-03-20 09:35:50: asyncio.exceptions.InvalidStateError: invalid state
2026-03-20 09:35:50: 2026-03-20 09:35:50,920 - asyncio - ERROR - Exception in callback _SelectorSocketTransport._call_connection_lost()
2026-03-20 09:35:50: handle: <Handle _SelectorSocketTransport._call_connection_lost()>
2026-03-20 09:35:50: Traceback (most recent call last):
2026-03-20 09:35:50:   File "/Users/tony/.local/share/uv/python/cpython-3.13.2-macos-aarch64-none/lib/python3.13/asyncio/events.py", line 89, in _run
2026-03-20 09:35:50:     self._context.run(self._callback, *self._args)
2026-03-20 09:35:50:     ~~~~~~~~~~~~~~~~~^^^^^^^^^^^^^^^^^^^^^^^^^^^^^
2026-03-20 09:35:50:   File "/Users/tony/.local/share/uv/python/cpython-3.13.2-macos-aarch64-none/lib/python3.13/asyncio/selector_events.py", line 1185, in _call_connection_lost
2026-03-20 09:35:50:     super()._call_connection_lost(exc)
2026-03-20 09:35:50:     ~~~~~~~~~~~~~~~~~~~~~~~~~~~~~^^^^^
2026-03-20 09:35:50:   File "/Users/tony/.local/share/uv/python/cpython-3.13.2-macos-aarch64-none/lib/python3.13/asyncio/selector_events.py", line 903, in _call_connection_lost
2026-03-20 09:35:50:     self._protocol.connection_lost(exc)
2026-03-20 09:35:50:     ~~~~~~~~~~~~~~~~~~~~~~~~~~~~~~^^^^^
2026-03-20 09:35:50:   File "/Users/tony/Documents/crypto/duo-moonshot/.venv/lib/python3.13/site-packages/websockets/asyncio/client.py", line 781, in connection_lost
2026-03-20 09:35:50:     self.response.set_exception(exc)
2026-03-20 09:35:50:     ~~~~~~~~~~~~~~~~~~~~~~~~~~~^^^^^
2026-03-20 09:35:50: asyncio.exceptions.InvalidStateError: invalid state
2026-03-20 09:36:04: 2026-03-20 09:36:04,731 - moonshot.paper.ws_feed - INFO - PriceFeedWS: Connecting to wss://fstream.binance.com ...
2026-03-20 09:36:14: 2026-03-20 09:36:14,732 - moonshot.paper.ws_feed - WARNING - PriceFeedWS: TimeoutError: timed out during opening handshake (url=wss://fstream.binance.com/ws/!markPrice@arr@1s), retry in 30s...
2026-03-20 09:36:14: 2026-03-20 09:36:14,732 - moonshot.paper.ws_feed - INFO - PriceFeedWS: Switching to URL #1
2026-03-20 09:36:24: 2026-03-20 09:36:24,529 - asyncio - ERROR - Fatal error: protocol.data_received() call failed.
2026-03-20 09:36:24: protocol: <websockets.asyncio.client.HTTPProxyConnection object at 0x106d809d0>
2026-03-20 09:36:24: transport: <_SelectorSocketTransport fd=33 read=polling write=<idle, bufsize=0>>
2026-03-20 09:36:24: Traceback (most recent call last):
2026-03-20 09:36:24:   File "/Users/tony/Documents/crypto/duo-moonshot/.venv/lib/python3.13/site-packages/websockets/asyncio/client.py", line 749, in run_parser
2026-03-20 09:36:24:     next(self.parser)
2026-03-20 09:36:24:     ~~~~^^^^^^^^^^^^^
2026-03-20 09:36:24: StopIteration: Response(status_code=503, reason_phrase='Service Unavailable', headers=Headers([('Content-Length', '0'), ('Proxy-Connection', 'close'), ('Connection', 'close')]), body=b'', _exception=None)
2026-03-20 09:36:24: 
2026-03-20 09:36:24: During handling of the above exception, another exception occurred:
2026-03-20 09:36:24: 
2026-03-20 09:36:24: Traceback (most recent call last):
2026-03-20 09:36:24:   File "/Users/tony/.local/share/uv/python/cpython-3.13.2-macos-aarch64-none/lib/python3.13/asyncio/selector_events.py", line 1019, in _read_ready__data_received
2026-03-20 09:36:24:     self._protocol.data_received(data)
2026-03-20 09:36:24:     ~~~~~~~~~~~~~~~~~~~~~~~~~~~~^^^^^^
2026-03-20 09:36:24:   File "/Users/tony/Documents/crypto/duo-moonshot/.venv/lib/python3.13/site-packages/websockets/asyncio/client.py", line 772, in data_received
2026-03-20 09:36:24:     self.run_parser()
2026-03-20 09:36:24:     ~~~~~~~~~~~~~~~^^
2026-03-20 09:36:24:   File "/Users/tony/Documents/crypto/duo-moonshot/.venv/lib/python3.13/site-packages/websockets/asyncio/client.py", line 755, in run_parser
2026-03-20 09:36:24:     self.response.set_exception(InvalidProxyStatus(response))
2026-03-20 09:36:24:     ~~~~~~~~~~~~~~~~~~~~~~~~~~~^^^^^^^^^^^^^^^^^^^^^^^^^^^^^^
2026-03-20 09:36:24: asyncio.exceptions.InvalidStateError: invalid state
2026-03-20 09:36:24: 2026-03-20 09:36:24,532 - asyncio - ERROR - Exception in callback _SelectorSocketTransport._call_connection_lost()
2026-03-20 09:36:24: handle: <Handle _SelectorSocketTransport._call_connection_lost()>
2026-03-20 09:36:24: Traceback (most recent call last):
2026-03-20 09:36:24:   File "/Users/tony/.local/share/uv/python/cpython-3.13.2-macos-aarch64-none/lib/python3.13/asyncio/events.py", line 89, in _run
2026-03-20 09:36:24:     self._context.run(self._callback, *self._args)
2026-03-20 09:36:24:     ~~~~~~~~~~~~~~~~~^^^^^^^^^^^^^^^^^^^^^^^^^^^^^
2026-03-20 09:36:24:   File "/Users/tony/.local/share/uv/python/cpython-3.13.2-macos-aarch64-none/lib/python3.13/asyncio/selector_events.py", line 1185, in _call_connection_lost
2026-03-20 09:36:24:     super()._call_connection_lost(exc)
2026-03-20 09:36:24:     ~~~~~~~~~~~~~~~~~~~~~~~~~~~~~^^^^^
2026-03-20 09:36:24:   File "/Users/tony/.local/share/uv/python/cpython-3.13.2-macos-aarch64-none/lib/python3.13/asyncio/selector_events.py", line 903, in _call_connection_lost
2026-03-20 09:36:24:     self._protocol.connection_lost(exc)
2026-03-20 09:36:24:     ~~~~~~~~~~~~~~~~~~~~~~~~~~~~~~^^^^^
2026-03-20 09:36:24:   File "/Users/tony/Documents/crypto/duo-moonshot/.venv/lib/python3.13/site-packages/websockets/asyncio/client.py", line 781, in connection_lost
2026-03-20 09:36:24:     self.response.set_exception(exc)
2026-03-20 09:36:24:     ~~~~~~~~~~~~~~~~~~~~~~~~~~~^^^^^
2026-03-20 09:36:24: asyncio.exceptions.InvalidStateError: invalid state
2026-03-20 09:36:44: 2026-03-20 09:36:44,733 - moonshot.paper.ws_feed - INFO - PriceFeedWS: Connecting to wss://fstream.binancefuture.com ...
2026-03-20 09:36:53: 2026-03-20 09:36:53,025 - asyncio - ERROR - Fatal error: protocol.data_received() call failed.
2026-03-20 09:36:53: protocol: <websockets.asyncio.client.HTTPProxyConnection object at 0x106d816e0>
2026-03-20 09:36:53: transport: <_SelectorSocketTransport fd=29 read=polling write=<idle, bufsize=0>>
2026-03-20 09:36:53: Traceback (most recent call last):
2026-03-20 09:36:53:   File "/Users/tony/Documents/crypto/duo-moonshot/.venv/lib/python3.13/site-packages/websockets/asyncio/client.py", line 749, in run_parser
2026-03-20 09:36:53:     next(self.parser)
2026-03-20 09:36:53:     ~~~~^^^^^^^^^^^^^
2026-03-20 09:36:53: StopIteration: Response(status_code=503, reason_phrase='Service Unavailable', headers=Headers([('Content-Length', '0'), ('Proxy-Connection', 'close'), ('Connection', 'close')]), body=b'', _exception=None)
2026-03-20 09:36:53: 
2026-03-20 09:36:53: During handling of the above exception, another exception occurred:
2026-03-20 09:36:53: 
2026-03-20 09:36:53: Traceback (most recent call last):
2026-03-20 09:36:53:   File "/Users/tony/.local/share/uv/python/cpython-3.13.2-macos-aarch64-none/lib/python3.13/asyncio/selector_events.py", line 1019, in _read_ready__data_received
2026-03-20 09:36:53:     self._protocol.data_received(data)
2026-03-20 09:36:53:     ~~~~~~~~~~~~~~~~~~~~~~~~~~~~^^^^^^
2026-03-20 09:36:53:   File "/Users/tony/Documents/crypto/duo-moonshot/.venv/lib/python3.13/site-packages/websockets/asyncio/client.py", line 772, in data_received
2026-03-20 09:36:53:     self.run_parser()
2026-03-20 09:36:53:     ~~~~~~~~~~~~~~~^^
2026-03-20 09:36:53:   File "/Users/tony/Documents/crypto/duo-moonshot/.venv/lib/python3.13/site-packages/websockets/asyncio/client.py", line 755, in run_parser
2026-03-20 09:36:53:     self.response.set_exception(InvalidProxyStatus(response))
2026-03-20 09:36:53:     ~~~~~~~~~~~~~~~~~~~~~~~~~~~^^^^^^^^^^^^^^^^^^^^^^^^^^^^^^
2026-03-20 09:36:53: asyncio.exceptions.InvalidStateError: invalid state
2026-03-20 09:36:53: 2026-03-20 09:36:53,028 - asyncio - ERROR - Exception in callback _SelectorSocketTransport._call_connection_lost()
2026-03-20 09:36:53: handle: <Handle _SelectorSocketTransport._call_connection_lost()>
2026-03-20 09:36:53: Traceback (most recent call last):
2026-03-20 09:36:53:   File "/Users/tony/.local/share/uv/python/cpython-3.13.2-macos-aarch64-none/lib/python3.13/asyncio/events.py", line 89, in _run
2026-03-20 09:36:53:     self._context.run(self._callback, *self._args)
2026-03-20 09:36:53:     ~~~~~~~~~~~~~~~~~^^^^^^^^^^^^^^^^^^^^^^^^^^^^^
2026-03-20 09:36:53:   File "/Users/tony/.local/share/uv/python/cpython-3.13.2-macos-aarch64-none/lib/python3.13/asyncio/selector_events.py", line 1185, in _call_connection_lost
2026-03-20 09:36:53:     super()._call_connection_lost(exc)
2026-03-20 09:36:53:     ~~~~~~~~~~~~~~~~~~~~~~~~~~~~~^^^^^
2026-03-20 09:36:53:   File "/Users/tony/.local/share/uv/python/cpython-3.13.2-macos-aarch64-none/lib/python3.13/asyncio/selector_events.py", line 903, in _call_connection_lost
2026-03-20 09:36:53:     self._protocol.connection_lost(exc)
2026-03-20 09:36:53:     ~~~~~~~~~~~~~~~~~~~~~~~~~~~~~~^^^^^
2026-03-20 09:36:53:   File "/Users/tony/Documents/crypto/duo-moonshot/.venv/lib/python3.13/site-packages/websockets/asyncio/client.py", line 781, in connection_lost
2026-03-20 09:36:53:     self.response.set_exception(exc)
2026-03-20 09:36:53:     ~~~~~~~~~~~~~~~~~~~~~~~~~~~^^^^^
2026-03-20 09:36:53: asyncio.exceptions.InvalidStateError: invalid state
2026-03-20 09:36:54: 2026-03-20 09:36:54,735 - moonshot.paper.ws_feed - WARNING - PriceFeedWS: TimeoutError: timed out during opening handshake (url=wss://fstream.binancefuture.com/ws/!markPrice@arr@1s), retry in 30s...
2026-03-20 09:36:54: 2026-03-20 09:36:54,735 - moonshot.paper.ws_feed - INFO - PriceFeedWS: Switching to URL #0
2026-03-20 09:37:21: 2026-03-20 09:37:21,756 - asyncio - ERROR - Fatal error: protocol.data_received() call failed.
2026-03-20 09:37:21: protocol: <websockets.asyncio.client.HTTPProxyConnection object at 0x1074ec3b0>
2026-03-20 09:37:21: transport: <_SelectorSocketTransport fd=36 read=polling write=<idle, bufsize=0>>
2026-03-20 09:37:21: Traceback (most recent call last):
2026-03-20 09:37:21:   File "/Users/tony/Documents/crypto/duo-moonshot/.venv/lib/python3.13/site-packages/websockets/asyncio/client.py", line 749, in run_parser
2026-03-20 09:37:21:     next(self.parser)
2026-03-20 09:37:21:     ~~~~^^^^^^^^^^^^^
2026-03-20 09:37:21: StopIteration: Response(status_code=503, reason_phrase='Service Unavailable', headers=Headers([('Content-Length', '0'), ('Proxy-Connection', 'close'), ('Connection', 'close')]), body=b'', _exception=None)
2026-03-20 09:37:21: 
2026-03-20 09:37:21: During handling of the above exception, another exception occurred:
2026-03-20 09:37:21: 
2026-03-20 09:37:21: Traceback (most recent call last):
2026-03-20 09:37:21:   File "/Users/tony/.local/share/uv/python/cpython-3.13.2-macos-aarch64-none/lib/python3.13/asyncio/selector_events.py", line 1019, in _read_ready__data_received
2026-03-20 09:37:21:     self._protocol.data_received(data)
2026-03-20 09:37:21:     ~~~~~~~~~~~~~~~~~~~~~~~~~~~~^^^^^^
2026-03-20 09:37:21:   File "/Users/tony/Documents/crypto/duo-moonshot/.venv/lib/python3.13/site-packages/websockets/asyncio/client.py", line 772, in data_received
2026-03-20 09:37:21:     self.run_parser()
2026-03-20 09:37:21:     ~~~~~~~~~~~~~~~^^
2026-03-20 09:37:21:   File "/Users/tony/Documents/crypto/duo-moonshot/.venv/lib/python3.13/site-packages/websockets/asyncio/client.py", line 755, in run_parser
2026-03-20 09:37:21:     self.response.set_exception(InvalidProxyStatus(response))
2026-03-20 09:37:21:     ~~~~~~~~~~~~~~~~~~~~~~~~~~~^^^^^^^^^^^^^^^^^^^^^^^^^^^^^^
2026-03-20 09:37:21: asyncio.exceptions.InvalidStateError: invalid state
2026-03-20 09:37:21: 2026-03-20 09:37:21,758 - asyncio - ERROR - Exception in callback _SelectorSocketTransport._call_connection_lost()
2026-03-20 09:37:21: handle: <Handle _SelectorSocketTransport._call_connection_lost()>
2026-03-20 09:37:21: Traceback (most recent call last):
2026-03-20 09:37:21:   File "/Users/tony/.local/share/uv/python/cpython-3.13.2-macos-aarch64-none/lib/python3.13/asyncio/events.py", line 89, in _run
2026-03-20 09:37:21:     self._context.run(self._callback, *self._args)
2026-03-20 09:37:21:     ~~~~~~~~~~~~~~~~~^^^^^^^^^^^^^^^^^^^^^^^^^^^^^
2026-03-20 09:37:21:   File "/Users/tony/.local/share/uv/python/cpython-3.13.2-macos-aarch64-none/lib/python3.13/asyncio/selector_events.py", line 1185, in _call_connection_lost
2026-03-20 09:37:21:     super()._call_connection_lost(exc)
2026-03-20 09:37:21:     ~~~~~~~~~~~~~~~~~~~~~~~~~~~~~^^^^^
2026-03-20 09:37:21:   File "/Users/tony/.local/share/uv/python/cpython-3.13.2-macos-aarch64-none/lib/python3.13/asyncio/selector_events.py", line 903, in _call_connection_lost
2026-03-20 09:37:21:     self._protocol.connection_lost(exc)
2026-03-20 09:37:21:     ~~~~~~~~~~~~~~~~~~~~~~~~~~~~~~^^^^^
2026-03-20 09:37:21:   File "/Users/tony/Documents/crypto/duo-moonshot/.venv/lib/python3.13/site-packages/websockets/asyncio/client.py", line 781, in connection_lost
2026-03-20 09:37:21:     self.response.set_exception(exc)
2026-03-20 09:37:21:     ~~~~~~~~~~~~~~~~~~~~~~~~~~~^^^^^
2026-03-20 09:37:21: asyncio.exceptions.InvalidStateError: invalid state
2026-03-20 09:37:24: 2026-03-20 09:37:24,736 - moonshot.paper.ws_feed - INFO - PriceFeedWS: Connecting to wss://fstream.binance.com ...
2026-03-20 09:37:34: 2026-03-20 09:37:34,737 - moonshot.paper.ws_feed - WARNING - PriceFeedWS: TimeoutError: timed out during opening handshake (url=wss://fstream.binance.com/ws/!markPrice@arr@1s), retry in 30s...
2026-03-20 09:37:34: 2026-03-20 09:37:34,738 - moonshot.paper.ws_feed - INFO - PriceFeedWS: Switching to URL #1
2026-03-20 09:37:58: 2026-03-20 09:37:58,339 - asyncio - ERROR - Fatal error: protocol.data_received() call failed.
2026-03-20 09:37:58: protocol: <websockets.asyncio.client.HTTPProxyConnection object at 0x1075a4270>
2026-03-20 09:37:58: transport: <_SelectorSocketTransport fd=60 read=polling write=<idle, bufsize=0>>
2026-03-20 09:37:58: Traceback (most recent call last):
2026-03-20 09:37:58:   File "/Users/tony/Documents/crypto/duo-moonshot/.venv/lib/python3.13/site-packages/websockets/asyncio/client.py", line 749, in run_parser
2026-03-20 09:37:58:     next(self.parser)
2026-03-20 09:37:58:     ~~~~^^^^^^^^^^^^^
2026-03-20 09:37:58: StopIteration: Response(status_code=503, reason_phrase='Service Unavailable', headers=Headers([('Content-Length', '0'), ('Proxy-Connection', 'close'), ('Connection', 'close')]), body=b'', _exception=None)
2026-03-20 09:37:58: 
2026-03-20 09:37:58: During handling of the above exception, another exception occurred:
2026-03-20 09:37:58: 
2026-03-20 09:37:58: Traceback (most recent call last):
2026-03-20 09:37:58:   File "/Users/tony/.local/share/uv/python/cpython-3.13.2-macos-aarch64-none/lib/python3.13/asyncio/selector_events.py", line 1019, in _read_ready__data_received
2026-03-20 09:37:58:     self._protocol.data_received(data)
2026-03-20 09:37:58:     ~~~~~~~~~~~~~~~~~~~~~~~~~~~~^^^^^^
2026-03-20 09:37:58:   File "/Users/tony/Documents/crypto/duo-moonshot/.venv/lib/python3.13/site-packages/websockets/asyncio/client.py", line 772, in data_received
2026-03-20 09:37:58:     self.run_parser()
2026-03-20 09:37:58:     ~~~~~~~~~~~~~~~^^
2026-03-20 09:37:58:   File "/Users/tony/Documents/crypto/duo-moonshot/.venv/lib/python3.13/site-packages/websockets/asyncio/client.py", line 755, in run_parser
2026-03-20 09:37:58:     self.response.set_exception(InvalidProxyStatus(response))
2026-03-20 09:37:58:     ~~~~~~~~~~~~~~~~~~~~~~~~~~~^^^^^^^^^^^^^^^^^^^^^^^^^^^^^^
2026-03-20 09:37:58: asyncio.exceptions.InvalidStateError: invalid state
2026-03-20 09:37:58: 2026-03-20 09:37:58,340 - asyncio - ERROR - Exception in callback _SelectorSocketTransport._call_connection_lost()
2026-03-20 09:37:58: handle: <Handle _SelectorSocketTransport._call_connection_lost()>
2026-03-20 09:37:58: Traceback (most recent call last):
2026-03-20 09:37:58:   File "/Users/tony/.local/share/uv/python/cpython-3.13.2-macos-aarch64-none/lib/python3.13/asyncio/events.py", line 89, in _run
2026-03-20 09:37:58:     self._context.run(self._callback, *self._args)
2026-03-20 09:37:58:     ~~~~~~~~~~~~~~~~~^^^^^^^^^^^^^^^^^^^^^^^^^^^^^
2026-03-20 09:37:58:   File "/Users/tony/.local/share/uv/python/cpython-3.13.2-macos-aarch64-none/lib/python3.13/asyncio/selector_events.py", line 1185, in _call_connection_lost
2026-03-20 09:37:58:     super()._call_connection_lost(exc)
2026-03-20 09:37:58:     ~~~~~~~~~~~~~~~~~~~~~~~~~~~~~^^^^^
2026-03-20 09:37:58:   File "/Users/tony/.local/share/uv/python/cpython-3.13.2-macos-aarch64-none/lib/python3.13/asyncio/selector_events.py", line 903, in _call_connection_lost
2026-03-20 09:37:58:     self._protocol.connection_lost(exc)
2026-03-20 09:37:58:     ~~~~~~~~~~~~~~~~~~~~~~~~~~~~~~^^^^^
2026-03-20 09:37:58:   File "/Users/tony/Documents/crypto/duo-moonshot/.venv/lib/python3.13/site-packages/websockets/asyncio/client.py", line 781, in connection_lost
2026-03-20 09:37:58:     self.response.set_exception(exc)
2026-03-20 09:37:58:     ~~~~~~~~~~~~~~~~~~~~~~~~~~~^^^^^
2026-03-20 09:37:58: asyncio.exceptions.InvalidStateError: invalid state
2026-03-20 09:38:01: 2026-03-20 09:38:01,705 - moonshot.paper.api - WARNING - top_gainers failed: 
2026-03-20 09:38:04: 2026-03-20 09:38:04,739 - moonshot.paper.ws_feed - INFO - PriceFeedWS: Connecting to wss://fstream.binancefuture.com ...
2026-03-20 09:38:14: 2026-03-20 09:38:14,740 - moonshot.paper.ws_feed - WARNING - PriceFeedWS: TimeoutError: timed out during opening handshake (url=wss://fstream.binancefuture.com/ws/!markPrice@arr@1s), retry in 30s...
2026-03-20 09:38:14: 2026-03-20 09:38:14,741 - moonshot.paper.ws_feed - INFO - PriceFeedWS: Switching to URL #0
2026-03-20 09:38:21: 2026-03-20 09:38:21,444 - asyncio - ERROR - Fatal error: protocol.data_received() call failed.
2026-03-20 09:38:21: protocol: <websockets.asyncio.client.HTTPProxyConnection object at 0x1071b9e50>
2026-03-20 09:38:21: transport: <_SelectorSocketTransport fd=7 read=polling write=<idle, bufsize=0>>
2026-03-20 09:38:21: Traceback (most recent call last):
2026-03-20 09:38:21:   File "/Users/tony/Documents/crypto/duo-moonshot/.venv/lib/python3.13/site-packages/websockets/asyncio/client.py", line 749, in run_parser
2026-03-20 09:38:21:     next(self.parser)
2026-03-20 09:38:21:     ~~~~^^^^^^^^^^^^^
2026-03-20 09:38:21: StopIteration: Response(status_code=200, reason_phrase='Connection established', headers=Headers([]), body=b'', _exception=None)
2026-03-20 09:38:21: 
2026-03-20 09:38:21: During handling of the above exception, another exception occurred:
2026-03-20 09:38:21: 
2026-03-20 09:38:21: Traceback (most recent call last):
2026-03-20 09:38:21:   File "/Users/tony/.local/share/uv/python/cpython-3.13.2-macos-aarch64-none/lib/python3.13/asyncio/selector_events.py", line 1019, in _read_ready__data_received
2026-03-20 09:38:21:     self._protocol.data_received(data)
2026-03-20 09:38:21:     ~~~~~~~~~~~~~~~~~~~~~~~~~~~~^^^^^^
2026-03-20 09:38:21:   File "/Users/tony/Documents/crypto/duo-moonshot/.venv/lib/python3.13/site-packages/websockets/asyncio/client.py", line 772, in data_received
2026-03-20 09:38:21:     self.run_parser()
2026-03-20 09:38:21:     ~~~~~~~~~~~~~~~^^
2026-03-20 09:38:21:   File "/Users/tony/Documents/crypto/duo-moonshot/.venv/lib/python3.13/site-packages/websockets/asyncio/client.py", line 753, in run_parser
2026-03-20 09:38:21:     self.response.set_result(response)
2026-03-20 09:38:21:     ~~~~~~~~~~~~~~~~~~~~~~~~^^^^^^^^^^
2026-03-20 09:38:21: asyncio.exceptions.InvalidStateError: invalid state
2026-03-20 09:38:21: 2026-03-20 09:38:21,446 - asyncio - ERROR - Exception in callback _SelectorSocketTransport._call_connection_lost()
2026-03-20 09:38:21: handle: <Handle _SelectorSocketTransport._call_connection_lost()>
2026-03-20 09:38:21: Traceback (most recent call last):
2026-03-20 09:38:21:   File "/Users/tony/.local/share/uv/python/cpython-3.13.2-macos-aarch64-none/lib/python3.13/asyncio/events.py", line 89, in _run
2026-03-20 09:38:21:     self._context.run(self._callback, *self._args)
2026-03-20 09:38:21:     ~~~~~~~~~~~~~~~~~^^^^^^^^^^^^^^^^^^^^^^^^^^^^^
2026-03-20 09:38:21:   File "/Users/tony/.local/share/uv/python/cpython-3.13.2-macos-aarch64-none/lib/python3.13/asyncio/selector_events.py", line 1185, in _call_connection_lost
2026-03-20 09:38:21:     super()._call_connection_lost(exc)
2026-03-20 09:38:21:     ~~~~~~~~~~~~~~~~~~~~~~~~~~~~~^^^^^
2026-03-20 09:38:21:   File "/Users/tony/.local/share/uv/python/cpython-3.13.2-macos-aarch64-none/lib/python3.13/asyncio/selector_events.py", line 903, in _call_connection_lost
2026-03-20 09:38:21:     self._protocol.connection_lost(exc)
2026-03-20 09:38:21:     ~~~~~~~~~~~~~~~~~~~~~~~~~~~~~~^^^^^
2026-03-20 09:38:21:   File "/Users/tony/Documents/crypto/duo-moonshot/.venv/lib/python3.13/site-packages/websockets/asyncio/client.py", line 781, in connection_lost
2026-03-20 09:38:21:     self.response.set_exception(exc)
2026-03-20 09:38:21:     ~~~~~~~~~~~~~~~~~~~~~~~~~~~^^^^^
2026-03-20 09:38:21: asyncio.exceptions.InvalidStateError: invalid state
2026-03-20 09:38:25: 2026-03-20 09:38:25,582 - asyncio - ERROR - Fatal error: protocol.data_received() call failed.
2026-03-20 09:38:25: protocol: <websockets.asyncio.client.HTTPProxyConnection object at 0x1073ffd50>
2026-03-20 09:38:25: transport: <_SelectorSocketTransport fd=20 read=polling write=<idle, bufsize=0>>
2026-03-20 09:38:25: Traceback (most recent call last):
2026-03-20 09:38:25:   File "/Users/tony/Documents/crypto/duo-moonshot/.venv/lib/python3.13/site-packages/websockets/asyncio/client.py", line 749, in run_parser
2026-03-20 09:38:25:     next(self.parser)
2026-03-20 09:38:25:     ~~~~^^^^^^^^^^^^^
2026-03-20 09:38:25: StopIteration: Response(status_code=200, reason_phrase='Connection established', headers=Headers([]), body=b'', _exception=None)
2026-03-20 09:38:25: 
2026-03-20 09:38:25: During handling of the above exception, another exception occurred:
2026-03-20 09:38:25: 
2026-03-20 09:38:25: Traceback (most recent call last):
2026-03-20 09:38:25:   File "/Users/tony/.local/share/uv/python/cpython-3.13.2-macos-aarch64-none/lib/python3.13/asyncio/selector_events.py", line 1019, in _read_ready__data_received
2026-03-20 09:38:25:     self._protocol.data_received(data)
2026-03-20 09:38:25:     ~~~~~~~~~~~~~~~~~~~~~~~~~~~~^^^^^^
2026-03-20 09:38:25:   File "/Users/tony/Documents/crypto/duo-moonshot/.venv/lib/python3.13/site-packages/websockets/asyncio/client.py", line 772, in data_received
2026-03-20 09:38:25:     self.run_parser()
2026-03-20 09:38:25:     ~~~~~~~~~~~~~~~^^
2026-03-20 09:38:25:   File "/Users/tony/Documents/crypto/duo-moonshot/.venv/lib/python3.13/site-packages/websockets/asyncio/client.py", line 753, in run_parser
2026-03-20 09:38:25:     self.response.set_result(response)
2026-03-20 09:38:25:     ~~~~~~~~~~~~~~~~~~~~~~~~^^^^^^^^^^
2026-03-20 09:38:25: asyncio.exceptions.InvalidStateError: invalid state
2026-03-20 09:38:25: 2026-03-20 09:38:25,583 - asyncio - ERROR - Exception in callback _SelectorSocketTransport._call_connection_lost()
2026-03-20 09:38:25: handle: <Handle _SelectorSocketTransport._call_connection_lost()>
2026-03-20 09:38:25: Traceback (most recent call last):
2026-03-20 09:38:25:   File "/Users/tony/.local/share/uv/python/cpython-3.13.2-macos-aarch64-none/lib/python3.13/asyncio/events.py", line 89, in _run
2026-03-20 09:38:25:     self._context.run(self._callback, *self._args)
2026-03-20 09:38:25:     ~~~~~~~~~~~~~~~~~^^^^^^^^^^^^^^^^^^^^^^^^^^^^^
2026-03-20 09:38:25:   File "/Users/tony/.local/share/uv/python/cpython-3.13.2-macos-aarch64-none/lib/python3.13/asyncio/selector_events.py", line 1185, in _call_connection_lost
2026-03-20 09:38:25:     super()._call_connection_lost(exc)
2026-03-20 09:38:25:     ~~~~~~~~~~~~~~~~~~~~~~~~~~~~~^^^^^
2026-03-20 09:38:25:   File "/Users/tony/.local/share/uv/python/cpython-3.13.2-macos-aarch64-none/lib/python3.13/asyncio/selector_events.py", line 903, in _call_connection_lost
2026-03-20 09:38:25:     self._protocol.connection_lost(exc)
2026-03-20 09:38:25:     ~~~~~~~~~~~~~~~~~~~~~~~~~~~~~~^^^^^
2026-03-20 09:38:25:   File "/Users/tony/Documents/crypto/duo-moonshot/.venv/lib/python3.13/site-packages/websockets/asyncio/client.py", line 781, in connection_lost
2026-03-20 09:38:25:     self.response.set_exception(exc)
2026-03-20 09:38:25:     ~~~~~~~~~~~~~~~~~~~~~~~~~~~^^^^^
2026-03-20 09:38:25: asyncio.exceptions.InvalidStateError: invalid state
2026-03-20 09:38:27: 2026-03-20 09:38:27,728 - httpx - INFO - HTTP Request: GET https://fapi.binance.com/fapi/v1/ticker/price?symbol=SIRENUSDT "HTTP/1.1 200 OK"
2026-03-20 09:38:27: 2026-03-20 09:38:27,736 - httpx - INFO - HTTP Request: GET https://fapi.binance.com/fapi/v1/ticker/price?symbol=SIRENUSDT "HTTP/1.1 200 OK"
2026-03-20 09:38:27: 2026-03-20 09:38:27,745 - httpx - INFO - HTTP Request: GET https://fapi.binance.com/fapi/v1/ticker/price?symbol=SIRENUSDT "HTTP/1.1 200 OK"
2026-03-20 09:38:29: 2026-03-20 09:38:29,909 - httpx - INFO - HTTP Request: GET https://fapi.binance.com/fapi/v1/ticker/price?symbol=SIRENUSDT "HTTP/1.1 200 OK"
2026-03-20 09:38:29: 2026-03-20 09:38:29,928 - httpx - INFO - HTTP Request: GET https://fapi.binance.com/fapi/v1/ticker/price?symbol=SIRENUSDT "HTTP/1.1 200 OK"
2026-03-20 09:38:30: 2026-03-20 09:38:30,919 - httpx - INFO - HTTP Request: GET https://fapi.binance.com/fapi/v1/ticker/price?symbol=SIRENUSDT "HTTP/1.1 200 OK"
2026-03-20 09:38:32: 2026-03-20 09:38:32,092 - httpx - INFO - HTTP Request: GET https://fapi.binance.com/fapi/v1/ticker/price?symbol=SIRENUSDT "HTTP/1.1 200 OK"
2026-03-20 09:38:32: 2026-03-20 09:38:32,109 - httpx - INFO - HTTP Request: GET https://fapi.binance.com/fapi/v1/ticker/price?symbol=SIRENUSDT "HTTP/1.1 200 OK"
2026-03-20 09:38:34: 2026-03-20 09:38:34,381 - httpx - INFO - HTTP Request: GET https://fapi.binance.com/fapi/v1/ticker/price?symbol=SIRENUSDT "HTTP/1.1 200 OK"
2026-03-20 09:38:34: 2026-03-20 09:38:34,430 - httpx - INFO - HTTP Request: GET https://fapi.binance.com/fapi/v1/ticker/price?symbol=SIRENUSDT "HTTP/1.1 200 OK"
2026-03-20 09:38:35: 2026-03-20 09:38:35,451 - httpx - INFO - HTTP Request: GET https://fapi.binance.com/fapi/v1/ticker/price?symbol=SIRENUSDT "HTTP/1.1 200 OK"
2026-03-20 09:38:36: 2026-03-20 09:38:36,611 - httpx - INFO - HTTP Request: GET https://fapi.binance.com/fapi/v1/ticker/price?symbol=SIRENUSDT "HTTP/1.1 200 OK"
2026-03-20 09:38:37: 2026-03-20 09:38:37,563 - httpx - INFO - HTTP Request: GET https://fapi.binance.com/fapi/v1/ticker/price?symbol=SIRENUSDT "HTTP/1.1 200 OK"
2026-03-20 09:38:37: 2026-03-20 09:38:37,634 - httpx - INFO - HTTP Request: GET https://fapi.binance.com/fapi/v1/ticker/price?symbol=SIRENUSDT "HTTP/1.1 200 OK"
2026-03-20 09:38:39: 2026-03-20 09:38:39,423 - httpx - INFO - HTTP Request: GET https://fapi.binance.com/fapi/v1/ticker/price?symbol=SIRENUSDT "HTTP/1.1 200 OK"
2026-03-20 09:38:39: 2026-03-20 09:38:39,887 - httpx - INFO - HTTP Request: GET https://fapi.binance.com/fapi/v1/ticker/price?symbol=SIRENUSDT "HTTP/1.1 200 OK"
2026-03-20 09:38:41: 2026-03-20 09:38:41,284 - httpx - INFO - HTTP Request: GET https://fapi.binance.com/fapi/v1/ticker/price?symbol=SIRENUSDT "HTTP/1.1 200 OK"
2026-03-20 09:38:41: 2026-03-20 09:38:41,639 - httpx - INFO - HTTP Request: GET https://fapi.binance.com/fapi/v1/ticker/price?symbol=SIRENUSDT "HTTP/1.1 200 OK"
2026-03-20 09:38:42: 2026-03-20 09:38:42,200 - httpx - INFO - HTTP Request: GET https://fapi.binance.com/fapi/v1/ticker/price?symbol=SIRENUSDT "HTTP/1.1 200 OK"
2026-03-20 09:38:44: 2026-03-20 09:38:44,028 - httpx - INFO - HTTP Request: GET https://fapi.binance.com/fapi/v1/ticker/price?symbol=SIRENUSDT "HTTP/1.1 200 OK"
2026-03-20 09:38:44: 2026-03-20 09:38:44,513 - httpx - INFO - HTTP Request: GET https://fapi.binance.com/fapi/v1/ticker/price?symbol=SIRENUSDT "HTTP/1.1 200 OK"
2026-03-20 09:38:44: 2026-03-20 09:38:44,742 - moonshot.paper.ws_feed - INFO - PriceFeedWS: Connecting to wss://fstream.binance.com ...
2026-03-20 09:38:45: 2026-03-20 09:38:45,807 - httpx - INFO - HTTP Request: GET https://fapi.binance.com/fapi/v1/ticker/price?symbol=SIRENUSDT "HTTP/1.1 200 OK"
2026-03-20 09:38:46: 2026-03-20 09:38:46,213 - httpx - INFO - HTTP Request: GET https://fapi.binance.com/fapi/v1/ticker/price?symbol=SIRENUSDT "HTTP/1.1 200 OK"
2026-03-20 09:38:46: 2026-03-20 09:38:46,283 - moonshot.paper.ws_feed - INFO - PriceFeedWS: ✅ Connected! Receiving mark prices...
2026-03-20 09:38:46: 2026-03-20 09:38:46,695 - httpx - INFO - HTTP Request: GET https://fapi.binance.com/fapi/v1/ticker/price?symbol=SIRENUSDT "HTTP/1.1 200 OK"
2026-03-20 09:39:07: INFO:     Shutting down
2026-03-20 09:39:07: INFO:     Waiting for connections to close. (CTRL+C to force quit)
2026-03-20 09:39:17: 2026-03-20 09:39:17,145 - moonshot.paper.runner - INFO - PaperRunner: Starting...
2026-03-20 09:39:17: INFO:     Started server process [61585]
2026-03-20 09:39:17: INFO:     Waiting for application startup.
2026-03-20 09:39:17: 2026-03-20 09:39:17,207 - moonshot.paper.ws_feed - INFO - PriceFeedWS: Starting...
2026-03-20 09:39:17: 2026-03-20 09:39:17,207 - moonshot.paper.ws_feed - INFO - PriceFeedWS: Connecting to wss://fstream.binance.com ...
2026-03-20 09:39:17: 2026-03-20 09:39:17,213 - moonshot.paper.runner - INFO - ScannerLoop: Waiting 22.4 hours until scan
2026-03-20 09:39:17: INFO:     Application startup complete.
2026-03-20 09:39:17: INFO:     Uvicorn running on http://0.0.0.0:8100 (Press CTRL+C to quit)
2026-03-20 09:39:19: 2026-03-20 09:39:19,670 - moonshot.paper.ws_feed - INFO - PriceFeedWS: ✅ Connected! Receiving mark prices...
2026-03-20 09:39:19: 2026-03-20 09:39:19,748 - httpx - INFO - HTTP Request: GET https://fapi.binance.com/fapi/v1/ticker/price?symbol=SIRENUSDT "HTTP/1.1 200 OK"
2026-03-20 09:39:19: 2026-03-20 09:39:19,758 - httpx - INFO - HTTP Request: GET https://fapi.binance.com/fapi/v1/ticker/price?symbol=SIRENUSDT "HTTP/1.1 200 OK"
2026-03-20 09:39:19: 2026-03-20 09:39:19,884 - httpx - INFO - HTTP Request: GET https://fapi.binance.com/fapi/v1/ticker/price?symbol=SIRENUSDT "HTTP/1.1 200 OK"
2026-03-20 09:39:19: 2026-03-20 09:39:19,977 - httpx - INFO - HTTP Request: GET https://fapi.binance.com/fapi/v1/ticker/price?symbol=SIRENUSDT "HTTP/1.1 200 OK"
2026-03-20 09:39:20: 2026-03-20 09:39:20,171 - moonshot.paper.ws_feed - INFO - PriceFeedWS: First batch — 682 symbols
2026-03-20 09:39:42: 2026-03-20 09:39:42,382 - httpx - INFO - HTTP Request: GET https://fapi.binance.com/fapi/v1/ticker/24hr "HTTP/1.1 200 OK"
2026-03-20 09:39:57: 2026-03-20 09:39:57,082 - httpx - INFO - HTTP Request: GET https://fapi.binance.com/fapi/v1/exchangeInfo "HTTP/1.1 200 OK"
2026-03-20 09:39:57: 2026-03-20 09:39:57,140 - moonshot.paper.live_feed - INFO - LiveFeed: 544 USDT perpetual symbols
2026-03-20 09:39:59: 2026-03-20 09:39:59,352 - httpx - INFO - HTTP Request: GET https://fapi.binance.com/fapi/v1/klines?symbol=BTCUSDT&interval=1d&limit=2 "HTTP/1.1 200 OK"
2026-03-20 09:40:14: 2026-03-20 09:40:14,703 - moonshot.paper.ws_feed - WARNING - PriceFeedWS: ConnectionClosedError: sent 1011 (internal error) keepalive ping timeout; no close frame received (url=wss://fstream.binance.com/ws/!markPrice@arr@1s), retry in 1s...
2026-03-20 09:40:15: 2026-03-20 09:40:15,703 - moonshot.paper.ws_feed - INFO - PriceFeedWS: Connecting to wss://fstream.binance.com ...
2026-03-20 09:40:30: 2026-03-20 09:40:30,705 - moonshot.paper.ws_feed - WARNING - PriceFeedWS: TimeoutError: timed out during opening handshake (url=wss://fstream.binance.com/ws/!markPrice@arr@1s), retry in 2s...
2026-03-20 09:40:32: 2026-03-20 09:40:32,707 - moonshot.paper.ws_feed - INFO - PriceFeedWS: Connecting to wss://fstream.binance.com ...
2026-03-20 09:40:47: 2026-03-20 09:40:47,708 - moonshot.paper.ws_feed - WARNING - PriceFeedWS: TimeoutError: timed out during opening handshake (url=wss://fstream.binance.com/ws/!markPrice@arr@1s), retry in 4s...
2026-03-20 09:40:51: 2026-03-20 09:40:51,710 - moonshot.paper.ws_feed - INFO - PriceFeedWS: Connecting to wss://fstream.binance.com ...
2026-03-20 09:41:06: 2026-03-20 09:41:06,712 - moonshot.paper.ws_feed - WARNING - PriceFeedWS: TimeoutError: timed out during opening handshake (url=wss://fstream.binance.com/ws/!markPrice@arr@1s), retry in 8s...
2026-03-20 09:41:06: 2026-03-20 09:41:06,713 - moonshot.paper.ws_feed - INFO - PriceFeedWS: Switching to URL #1
2026-03-20 09:41:14: 2026-03-20 09:41:14,714 - moonshot.paper.ws_feed - INFO - PriceFeedWS: Connecting to wss://fstream.binancefuture.com ...
2026-03-20 09:41:29: 2026-03-20 09:41:29,716 - moonshot.paper.ws_feed - WARNING - PriceFeedWS: TimeoutError: timed out during opening handshake (url=wss://fstream.binancefuture.com/ws/!markPrice@arr@1s), retry in 16s...
2026-03-20 09:41:29: 2026-03-20 09:41:29,716 - moonshot.paper.ws_feed - INFO - PriceFeedWS: Switching to URL #0
2026-03-20 09:41:44: 2026-03-20 09:41:44,669 - asyncio - ERROR - Fatal error: protocol.data_received() call failed.
2026-03-20 09:41:44: protocol: <websockets.asyncio.client.HTTPProxyConnection object at 0x10718b610>
2026-03-20 09:41:44: transport: <_SelectorSocketTransport fd=7 read=polling write=<idle, bufsize=0>>
2026-03-20 09:41:44: Traceback (most recent call last):
2026-03-20 09:41:44:   File "/Users/tony/Documents/crypto/duo-moonshot/.venv/lib/python3.13/site-packages/websockets/asyncio/client.py", line 749, in run_parser
2026-03-20 09:41:44:     next(self.parser)
2026-03-20 09:41:44:     ~~~~^^^^^^^^^^^^^
2026-03-20 09:41:44: StopIteration: Response(status_code=503, reason_phrase='Service Unavailable', headers=Headers([('Content-Length', '0'), ('Proxy-Connection', 'close'), ('Connection', 'close')]), body=b'', _exception=None)
2026-03-20 09:41:44: 
2026-03-20 09:41:44: During handling of the above exception, another exception occurred:
2026-03-20 09:41:44: 
2026-03-20 09:41:44: Traceback (most recent call last):
2026-03-20 09:41:44:   File "/Users/tony/.local/share/uv/python/cpython-3.13.2-macos-aarch64-none/lib/python3.13/asyncio/selector_events.py", line 1019, in _read_ready__data_received
2026-03-20 09:41:44:     self._protocol.data_received(data)
2026-03-20 09:41:44:     ~~~~~~~~~~~~~~~~~~~~~~~~~~~~^^^^^^
2026-03-20 09:41:44:   File "/Users/tony/Documents/crypto/duo-moonshot/.venv/lib/python3.13/site-packages/websockets/asyncio/client.py", line 772, in data_received
2026-03-20 09:41:44:     self.run_parser()
2026-03-20 09:41:44:     ~~~~~~~~~~~~~~~^^
2026-03-20 09:41:44:   File "/Users/tony/Documents/crypto/duo-moonshot/.venv/lib/python3.13/site-packages/websockets/asyncio/client.py", line 755, in run_parser
2026-03-20 09:41:44:     self.response.set_exception(InvalidProxyStatus(response))
2026-03-20 09:41:44:     ~~~~~~~~~~~~~~~~~~~~~~~~~~~^^^^^^^^^^^^^^^^^^^^^^^^^^^^^^
2026-03-20 09:41:44: asyncio.exceptions.InvalidStateError: invalid state
2026-03-20 09:41:44: 2026-03-20 09:41:44,675 - asyncio - ERROR - Exception in callback _SelectorSocketTransport._call_connection_lost()
2026-03-20 09:41:44: handle: <Handle _SelectorSocketTransport._call_connection_lost()>
2026-03-20 09:41:44: Traceback (most recent call last):
2026-03-20 09:41:44:   File "/Users/tony/.local/share/uv/python/cpython-3.13.2-macos-aarch64-none/lib/python3.13/asyncio/events.py", line 89, in _run
2026-03-20 09:41:44:     self._context.run(self._callback, *self._args)
2026-03-20 09:41:44:     ~~~~~~~~~~~~~~~~~^^^^^^^^^^^^^^^^^^^^^^^^^^^^^
2026-03-20 09:41:44:   File "/Users/tony/.local/share/uv/python/cpython-3.13.2-macos-aarch64-none/lib/python3.13/asyncio/selector_events.py", line 1185, in _call_connection_lost
2026-03-20 09:41:44:     super()._call_connection_lost(exc)
2026-03-20 09:41:44:     ~~~~~~~~~~~~~~~~~~~~~~~~~~~~~^^^^^
2026-03-20 09:41:44:   File "/Users/tony/.local/share/uv/python/cpython-3.13.2-macos-aarch64-none/lib/python3.13/asyncio/selector_events.py", line 903, in _call_connection_lost
2026-03-20 09:41:44:     self._protocol.connection_lost(exc)
2026-03-20 09:41:44:     ~~~~~~~~~~~~~~~~~~~~~~~~~~~~~~^^^^^
2026-03-20 09:41:44:   File "/Users/tony/Documents/crypto/duo-moonshot/.venv/lib/python3.13/site-packages/websockets/asyncio/client.py", line 781, in connection_lost
2026-03-20 09:41:44:     self.response.set_exception(exc)
2026-03-20 09:41:44:     ~~~~~~~~~~~~~~~~~~~~~~~~~~~^^^^^
2026-03-20 09:41:44: asyncio.exceptions.InvalidStateError: invalid state
2026-03-20 09:41:45: 2026-03-20 09:41:45,721 - moonshot.paper.ws_feed - INFO - PriceFeedWS: Connecting to wss://fstream.binance.com ...
2026-03-20 09:42:00: 2026-03-20 09:42:00,729 - moonshot.paper.ws_feed - WARNING - PriceFeedWS: TimeoutError: timed out during opening handshake (url=wss://fstream.binance.com/ws/!markPrice@arr@1s), retry in 30s...
2026-03-20 09:42:00: 2026-03-20 09:42:00,729 - moonshot.paper.ws_feed - INFO - PriceFeedWS: Switching to URL #1
2026-03-20 09:42:21: 2026-03-20 09:42:21,025 - asyncio - ERROR - Fatal error: protocol.data_received() call failed.
2026-03-20 09:42:21: protocol: <websockets.asyncio.client.HTTPProxyConnection object at 0x1076334d0>
2026-03-20 09:42:21: transport: <_SelectorSocketTransport fd=29 read=polling write=<idle, bufsize=0>>
2026-03-20 09:42:21: Traceback (most recent call last):
2026-03-20 09:42:21:   File "/Users/tony/Documents/crypto/duo-moonshot/.venv/lib/python3.13/site-packages/websockets/asyncio/client.py", line 749, in run_parser
2026-03-20 09:42:21:     next(self.parser)
2026-03-20 09:42:21:     ~~~~^^^^^^^^^^^^^
2026-03-20 09:42:21: StopIteration: Response(status_code=503, reason_phrase='Service Unavailable', headers=Headers([('Content-Length', '0'), ('Proxy-Connection', 'close'), ('Connection', 'close')]), body=b'', _exception=None)
2026-03-20 09:42:21: 
2026-03-20 09:42:21: During handling of the above exception, another exception occurred:
2026-03-20 09:42:21: 
2026-03-20 09:42:21: Traceback (most recent call last):
2026-03-20 09:42:21:   File "/Users/tony/.local/share/uv/python/cpython-3.13.2-macos-aarch64-none/lib/python3.13/asyncio/selector_events.py", line 1019, in _read_ready__data_received
2026-03-20 09:42:21:     self._protocol.data_received(data)
2026-03-20 09:42:21:     ~~~~~~~~~~~~~~~~~~~~~~~~~~~~^^^^^^
2026-03-20 09:42:21:   File "/Users/tony/Documents/crypto/duo-moonshot/.venv/lib/python3.13/site-packages/websockets/asyncio/client.py", line 772, in data_received
2026-03-20 09:42:21:     self.run_parser()
2026-03-20 09:42:21:     ~~~~~~~~~~~~~~~^^
2026-03-20 09:42:21:   File "/Users/tony/Documents/crypto/duo-moonshot/.venv/lib/python3.13/site-packages/websockets/asyncio/client.py", line 755, in run_parser
2026-03-20 09:42:21:     self.response.set_exception(InvalidProxyStatus(response))
2026-03-20 09:42:21:     ~~~~~~~~~~~~~~~~~~~~~~~~~~~^^^^^^^^^^^^^^^^^^^^^^^^^^^^^^
2026-03-20 09:42:21: asyncio.exceptions.InvalidStateError: invalid state
2026-03-20 09:42:21: 2026-03-20 09:42:21,026 - asyncio - ERROR - Exception in callback _SelectorSocketTransport._call_connection_lost()
2026-03-20 09:42:21: handle: <Handle _SelectorSocketTransport._call_connection_lost()>
2026-03-20 09:42:21: Traceback (most recent call last):
2026-03-20 09:42:21:   File "/Users/tony/.local/share/uv/python/cpython-3.13.2-macos-aarch64-none/lib/python3.13/asyncio/events.py", line 89, in _run
2026-03-20 09:42:21:     self._context.run(self._callback, *self._args)
2026-03-20 09:42:21:     ~~~~~~~~~~~~~~~~~^^^^^^^^^^^^^^^^^^^^^^^^^^^^^
2026-03-20 09:42:21:   File "/Users/tony/.local/share/uv/python/cpython-3.13.2-macos-aarch64-none/lib/python3.13/asyncio/selector_events.py", line 1185, in _call_connection_lost
2026-03-20 09:42:21:     super()._call_connection_lost(exc)
2026-03-20 09:42:21:     ~~~~~~~~~~~~~~~~~~~~~~~~~~~~~^^^^^
2026-03-20 09:42:21:   File "/Users/tony/.local/share/uv/python/cpython-3.13.2-macos-aarch64-none/lib/python3.13/asyncio/selector_events.py", line 903, in _call_connection_lost
2026-03-20 09:42:21:     self._protocol.connection_lost(exc)
2026-03-20 09:42:21:     ~~~~~~~~~~~~~~~~~~~~~~~~~~~~~~^^^^^
2026-03-20 09:42:21:   File "/Users/tony/Documents/crypto/duo-moonshot/.venv/lib/python3.13/site-packages/websockets/asyncio/client.py", line 781, in connection_lost
2026-03-20 09:42:21:     self.response.set_exception(exc)
2026-03-20 09:42:21:     ~~~~~~~~~~~~~~~~~~~~~~~~~~~^^^^^
2026-03-20 09:42:21: asyncio.exceptions.InvalidStateError: invalid state
2026-03-20 09:42:30: 2026-03-20 09:42:30,732 - moonshot.paper.ws_feed - INFO - PriceFeedWS: Connecting to wss://fstream.binancefuture.com ...
2026-03-20 09:42:45: 2026-03-20 09:42:45,734 - moonshot.paper.ws_feed - WARNING - PriceFeedWS: TimeoutError: timed out during opening handshake (url=wss://fstream.binancefuture.com/ws/!markPrice@arr@1s), retry in 30s...
2026-03-20 09:42:45: 2026-03-20 09:42:45,734 - moonshot.paper.ws_feed - INFO - PriceFeedWS: Switching to URL #0
2026-03-20 09:42:48: INFO:     Shutting down
2026-03-20 09:42:48: INFO:     Waiting for connections to close. (CTRL+C to force quit)
